Unnamed: 0,track_id,artists,album_name,track_name,popularity,duration_ms,explicit,danceability,energy,key,loudness,mode,speechiness,acousticness,instrumentalness,liveness,valence,tempo,time_signature,track_genre,popularity_bin
67670,17FkpdMt5cnKMPqlCVm8yF,Kevin Roldan,Esto me suena a Farra,PPP,0,129332,False,0.798,0.625,4,-6.83,1,0.13,0.383,3.33e-05,0.125,0.774,92.994,4,latin,low
44092,5F2b8ExevODMQehJcEVjz9,Halestorm,Rock Brandneu,Wicked Ways,0,206959,False,0.342,0.991,2,-2.836,1,0.125,2.44e-05,0.049,0.404,0.242,176.359,4,grunge,low
68459,1IzL5F7RfFpeqwKaWrB32I,Kevin Roldan,Reggaeton Mix Perreito,PPP,2,129332,False,0.798,0.625,4,-6.83,1,0.13,0.383,3.33e-05,0.125,0.774,92.994,4,latino,low
7160,1mlzFmwzz7ya1jQ3O3kiZE,Dale Ann Bradley,Catch Tomorrow,Run Rufus Run,26,208346,False,0.594,0.745,11,-6.764,0,0.0378,0.763,7.56e-05,0.148,0.53,106.183,4,bluegrass,medium
95137,4MC4HjA8ygk26rlml0Tmpu,La Sonora Dinamita;El Bebeto,Cumbias De Verano Best Hits,La Parabólica,39,204146,False,0.846,0.814,7,-4.271,1,0.045,0.309,0.00156,0.0534,0.443,103.025,4,salsa,medium
41763,4rQ8mMIhnhzuP96qyNeZRs,Adoo;Hamodii;Sam-E,Getaway Göteborg,Får Flipp,23,261977,False,0.741,0.81,11,-7.777,1,0.271,0.0484,0.0,0.0512,0.81,89.03,4,goth,low
52991,2Qhz9oCFHdJ9IxUqvO6moe,Hank Williams,The Complete Hank Williams,We Live In Two Different Worlds,10,117026,False,0.542,0.226,4,-15.552,1,0.0273,0.93,1.03e-05,0.209,0.657,133.783,4,honky-tonk,low
79138,3Cx4yrFaX8CeHwBMReOWXI,Billy Joel,Storm Front,We Didn't Start the Fire,76,287733,False,0.712,0.967,7,-5.206,1,0.047,0.0771,0.0,0.356,0.895,145.024,4,piano,very_high
13638,1Jmt5uPinNWz8l2AsMpAMq,Frankie Knuckles,Defected Presents House Masters - Jazz-N-Groove,Bac N Da Day - Clepto's Mix,8,415120,False,0.711,0.95,1,-5.916,0,0.0486,0.00053,0.4,0.0755,0.972,126.984,4,chicago-house,low
98766,5vFUsmCcbli5p2ykAUQMcc,Mark Seibert;Milica Jovanović,Schikaneder - Original Cast Album Wien,Träum gross,21,177232,False,0.363,0.355,2,-10.808,1,0.0363,0.775,0.0,0.126,0.557,184.058,3,show-tunes,low
86968,4TmmjNjDVhTZ3pkanD3y7W,Autoramas,Nada Pode Parar os Autoramas,Você Sabe,38,145893,False,0.313,0.953,11,-2.951,0,0.215,1.62e-05,8.44e-06,0.191,0.813,156.419,4,punk,medium
79145,2n0U2OG5d6TuW5mKx7YrC0,Regina Spektor,Far,Two Birds,73,195840,False,0.546,0.5,0,-8.881,1,0.0379,0.802,0.00108,0.107,0.449,150.92,4,piano,high
22479,2KPcujYDaukvtfRR0Zmu0O,Slayer,South Of Heaven,Mandatory Suicide,50,245133,False,0.367,0.997,8,-2.911,1,0.106,0.000499,0.694,0.0928,0.269,148.005,4,death-metal,high
66788,0fg2w2rIygvuqXYxltzgyF,Christopher Zondaflex Tyler,Mr Chris' Holiday Mixtape,Santa Shuffle,8,162012,False,0.923,0.377,1,-17.9,1,0.259,0.0861,0.0,0.0479,0.955,119.989,4,kids,low
105179,7wBChE1IqPBNbEEq3SGtnW,Dusty Decks,Floweret,Floweret,41,141567,False,0.548,0.333,6,-11.856,1,0.045,0.966,0.945,0.114,0.199,77.021,4,study,medium
32903,5LCaw96SsbpHAQFAcbFwbI,Boombox Cartel;Nessly,Moon Love,Moon Love,51,243692,False,0.706,0.935,6,-2.418,1,0.0565,0.0168,4.62e-05,0.106,0.214,130.001,4,electronic,high
39823,2JDnBPT9xUty8YyPyBMWeN,1019;Lucio101;Omar101;Nizi19;Karamel19,LOST FILES,"1019 Freestyle (feat. Lucio101, Omar101, Nizi19 & Karamel19)",38,126757,True,0.723,0.497,1,-8.655,1,0.335,0.054,3.81e-06,0.297,0.415,125.985,4,german,medium
16862,6qJ6JSZA2vVQh8k9XbBgYy,Wolfgang Amadeus Mozart;Sarband;Vladimir Ivanoff;Concerto Köln;Werner Ehrhardt,Mozart - Inspiring Classics,"Six German Dances, K.571: No. 5 in B flat",2,94453,False,0.565,0.201,10,-20.931,1,0.0465,0.951,0.316,0.183,0.617,100.731,3,classical,low
104891,7wljeP1NdDAwjU0WZSVN3f,Saurom,La Hija De Las Estrellas,La Hija De Las Estrellas,26,224567,False,0.441,0.864,4,-5.068,0,0.0537,0.00725,2.87e-05,0.202,0.282,77.465,4,spanish,medium
96240,2rvpwtwztUzn1OagZOYbAT,Art Popular,Nova Bis - Art Popular (Dois CDs),Quando Voce Me Beija,43,250560,False,0.69,0.706,4,-8.519,1,0.0328,0.681,4.43e-06,0.13,0.881,134.083,4,samba,medium
38573,4UF1eupXP9Zz5GpYepyOxI,The Strokes,First Impressions Of Earth,Razorblade,57,208133,False,0.394,0.859,9,-3.851,1,0.0409,0.00201,0.233,0.1,0.511,136.075,5,garage,high
9635,4f6EiAhsn8j3BhmnRsoR1Q,Cidade Negra,Cidade Negra Direto (Ao Vivo),A Sombra Da Maldade (Ao Vivo),43,227413,False,0.634,0.959,0,-4.659,0,0.0832,0.0803,5.37e-06,0.978,0.749,112.083,4,brazil,medium
33391,3xshQaCOlSCIkXuXDQS1S6,Dear Seattle,The Special Two (triple j Like A Version),The Special Two - triple j Like A Version,40,255912,True,0.254,0.898,1,-4.782,1,0.119,0.000134,3.67e-06,0.254,0.567,168.88,4,emo,medium
78463,311Aew4xQ5ApPO1HUIJYwz,Ikke Hüftgold,Dicke Hits und Kartoffelsalat aus dem Märchenland,Huuh,29,167487,True,0.509,0.964,1,-2.802,1,0.227,0.0387,0.0177,0.347,0.669,136.211,4,party,medium
50025,3l7ihSOrFwIMBBDcMpfKVL,Hermetica,Acido Argentino,Gil Trabajador,40,188933,False,0.426,0.951,7,-8.2,1,0.0989,0.00053,0.0,0.475,0.394,143.193,4,heavy-metal,medium
110568,61AjJVPp7cZ4Llwi6TPQ99,Jacob;Mandragora,Blooming,Perfect Drug,39,473430,False,0.525,0.706,5,-6.985,0,0.0665,0.0224,0.249,0.297,0.231,136.014,4,trance,medium
98005,0RoA7ObU6phWpqhlC9zH4Z,Ziv Zaifman;Hugh Jackman;Michelle Williams,The Greatest Showman (Original Motion Picture Soundtrack),A Million Dreams,74,269453,False,0.265,0.312,7,-11.689,1,0.0569,0.243,0.0,0.0893,0.0998,54.747,3,show-tunes,high
45873,6n8iNBWjmkeWpo2GThR1Jh,Cyril Pahinui,Night Moon (Po Mahina),Hurrah Lani Ha'a Ha'a,21,252653,False,0.431,0.432,2,-13.948,1,0.0309,0.463,0.0286,0.368,0.776,104.617,4,guitar,low
9602,268RaMjo1URmTXW46uTDol,Cartel Mcs;Sain,Sin City,Cinco Estrelas,44,297025,True,0.399,0.694,1,-7.662,1,0.472,0.409,4.58e-05,0.123,0.649,177.162,4,brazil,medium
45059,1bsSaYmy0vOUH8tux2hAYV,From Overseas,Looking at the World Through a Window,Looking at the World Through a Window,51,385000,False,0.142,0.112,4,-20.806,1,0.0407,0.906,0.967,0.0751,0.05,101.366,4,guitar,high
36222,5dO6eoFYVSkqtIcwIIAWr5,Lonely Night;Ari;Lost Dreamers,Lied To Me,Lied To Me,54,151680,False,0.566,0.614,4,-9.913,0,0.0334,0.419,0.00471,0.232,0.132,125.058,4,french,high
62595,6UzTyhhqRDeuyfinRdBgFD,BOØWY,LAST GIGS COMPLETE,"LONGER THAN FOREVER - FROM ""LAST GIGS""",38,244053,False,0.249,0.945,7,-3.041,1,0.0411,1.19e-05,0.0958,0.858,0.479,164.109,4,j-pop,medium
26076,0znKh3KRLuwVMbSMk8Kr79,Rob Cantor,Disney Junior Music: Lullabies Vol. 2,"Ladybird, Ladybird",32,85350,False,0.533,0.133,0,-12.18,1,0.0309,0.956,0.972,0.119,0.313,135.934,3,disney,medium
108378,0wf9KkvWyWSwFDprkBwE8O,Francisco Canaro;Roberto Maida,Tango Classics 234: Valsecito Amigo,Milonga Brava,20,152346,False,0.713,0.224,4,-17.585,0,0.0687,0.87,0.838,0.15,0.824,109.733,4,tango,low
9832,06oiTaBptIjCGLbtWd6Rlx,Israel Salazar;Gabriel Guedes de Almeida,Canção Ao Cordeiro (Ao Vivo),Canção Ao Cordeiro - Ao Vivo,43,365206,False,0.393,0.532,1,-11.796,0,0.0412,0.0121,0.0,0.111,0.225,133.997,4,brazil,medium
28850,6zke4l646FheM5JlIdu4T8,Flux Pavilion;Asha,I Believe,I Believe,46,258299,False,0.344,0.699,4,-8.881,0,0.107,0.191,0.0139,0.278,0.243,139.966,4,dub,medium
80402,5iyNH1Dmxif1k4Nl1gMeuh,Mohit Chauhan,Delhi-6,Masakali,62,288647,False,0.678,0.622,5,-7.988,0,0.0695,0.138,2.32e-06,0.122,0.535,100.005,4,pop-film,high
10584,0Rmj9MueSoR3a4glqRPZS6,Fluke,Progressive History XXX,O.K.,13,468533,False,0.542,0.521,1,-11.441,1,0.0317,0.0864,0.52,0.103,0.0375,97.07,4,breakbeat,low
9272,6Eg6mlmavrJxtMGW5HxMUb,Planet Hemp,A Invasão do Sagaz Homem Fumaça,Ex-Quadrilha da Fumaça,46,185360,False,0.549,0.945,1,-4.534,1,0.295,0.00636,0.0,0.106,0.453,105.3,4,brazil,medium
48916,4ilW7KjXhSYTnjpAdVhbUa,D-Ceptor;Zerberuz,Order & Chaos,Tornado (Zerberuz Remix),29,247578,False,0.505,0.998,7,-1.268,1,0.271,0.001,0.728,0.918,0.247,94.999,4,hardcore,medium
5724,1zNbFFcVYQNa8t3luFhtvu,KOHTA YAMAMOTO,Attack on Titan The Final Season Original Soundtrack,The Fall of Marley,42,198573,False,0.298,0.536,7,-10.784,0,0.0358,0.00849,0.901,0.247,0.128,132.107,3,anime,medium
574,6XgmRgd6yQ71afjGLrk0aI,Canyon City,Midnight Waves,Firework,47,182744,False,0.51,0.32,1,-10.371,1,0.0392,0.823,0.000193,0.124,0.425,92.385,4,acoustic,medium
13020,4EYYw8IZfhtZz5H2VrQdXU,Mark Farina;Homero Espinosa;Chezz,Work.Groove,Work.Groove - Chezz Cosmic Groove Remix,19,367381,False,0.788,0.654,8,-8.837,1,0.0711,0.0306,0.864,0.0957,0.388,117.027,4,chicago-house,low
26765,2H87pSpxWMDqFeNtPslCWp,Alan Menken;David Zippel;Jonathan Antoine;Royal Philharmonic Orchestra;Chris Walden,Going the Distance,Go the Distance,20,254640,False,0.358,0.602,0,-5.059,1,0.0344,0.782,0.0131,0.0598,0.318,66.204,4,disney,low
59701,4DveLaQHQYYVwDmRmPW6Af,mHz,Earth's Shadow,"golden hour, blue hour, dusk (+6° to -18°)",1,525000,False,0.132,0.187,3,-19.351,1,0.0526,0.17,0.776,0.21,0.0339,172.802,3,iranian,low
56073,2f0pn9DkEJwAzXApnFh5cr,BANNERS,Where The Shadow Ends,Someone To You,77,219801,False,0.52,0.903,2,-5.497,1,0.042,0.00517,0.0,0.254,0.652,74.988,4,indie-pop,very_high
92663,3sjF3ik9IkWZrBVw3IpfNs,Eikichi Yazawa,STANDARD ~THE BALLAD BEST~ (50th Anniversary Remastered),"アイ・ラヴ・ユー,OK - Live at 東京ドーム'18 - Remastered 2022",24,262079,False,0.603,0.582,8,-8.917,1,0.0367,0.041,0.000341,0.959,0.403,114.066,3,rockabilly,low
38077,1BLOVHYYlH4JUHQGcpt75R,The Strokes,The New Abnormal,Ode To The Mets,67,351786,False,0.426,0.617,1,-5.423,0,0.0289,0.341,0.181,0.101,0.201,92.002,4,garage,high
97395,7F4jKReNs1h8ujuz02Rsji,Bruno & Marrone,De Volta aos Bares,Não Tente Me Impedir - Ao Vivo,48,224826,False,0.577,0.79,11,-7.731,0,0.0964,0.331,0.0,0.367,0.556,149.98,4,sertanejo,medium
60515,5rfe5D40HyhYApXB2K8q6K,Ryuji Imaichi,RILY,RILY,21,180366,False,0.716,0.755,1,-4.344,1,0.15,0.104,0.0,0.123,0.589,93.947,4,j-dance,low
40398,2WDhGWJXXn319dnZmw7mXJ,Gerson Rufino,Sobrevivi,Sobrevivi,42,282186,False,0.562,0.715,4,-5.014,1,0.0362,0.0564,0.0,0.101,0.535,140.047,4,gospel,medium
79125,5KbhvaeqKIB2bZcJMyfezl,Elton John;Britney Spears;Joel Corry,Hold Me Closer (Joel Corry Remix),Hold Me Closer - Joel Corry Remix,68,248594,False,0.642,0.887,0,-5.439,1,0.0416,0.0173,5.75e-05,0.246,0.117,125.994,4,piano,high
5765,2sHcAZQ1PxE5AqCzdrvQxu,Khantrast,Clear Skies,Clear Skies,52,181413,False,0.597,0.7,5,-9.284,0,0.0615,0.242,0.0,0.101,0.478,160.432,4,anime,high
90752,2oRn0QuaWQ1hragGQ7XZ9s,Cliff Richard,40 Golden Greats,Devil Woman,53,214575,False,0.71,0.792,0,-5.996,1,0.0453,0.0792,3.32e-05,0.0871,0.858,116.687,4,rock-n-roll,high
3914,5Az8KU81g2aLBbJN67F2CI,Young the Giant,Mind Over Matter,Mind Over Matter,71,244693,False,0.466,0.763,0,-4.448,1,0.0318,0.000501,0.0,0.0973,0.293,154.914,4,alternative,high
110848,6WBnpegtgCV8kaPGrAB0AF,NG Rezonance,Hard Trance Workout,Adrenaline - Mix Edit,29,269142,False,0.51,0.994,1,-3.624,0,0.0801,0.00206,0.786,0.369,0.0693,140.037,4,trance,medium
50279,4KFJcb5jrr9KUr9T85t9Ss,Stam1na,Nocebo,Puolikas ihminen,27,205026,False,0.505,0.985,2,-3.297,1,0.0884,0.000213,0.000586,0.481,0.251,114.964,4,heavy-metal,medium
27751,4vqhZ5VAfbUKkHJamsWNOL,Netsky;Aloe Blacc,Snitch,Snitch,40,185733,True,0.696,0.848,11,-2.954,0,0.162,0.299,8.44e-06,0.0729,0.604,84.021,4,drum-and-bass,medium
101452,6Qsxgw4T1okHKm2oPkLOxC,Huma,Vilán,Vilán,62,171815,False,0.135,0.0231,6,-30.098,1,0.039,0.961,0.892,0.103,0.0398,68.876,4,sleep,high
36050,45eY7Qi2PDUs8WJEhjGWdN,Vegedream,Ramenez la coupe à la maison,Ramenez la coupe à la maison,65,235555,False,0.808,0.661,0,-6.237,0,0.0395,0.0358,0.0,0.138,0.804,107.992,4,french,high
25701,0kLrrh7Z1gySNTunBH790J,Miami Horror,Illumination,Sometimes,59,253728,False,0.58,0.86,7,-4.994,0,0.0334,0.0176,8.02e-05,0.175,0.43,124.992,4,disco,high
21747,54CKOkvipLjkP2PJxe3ghI,Beenie Man,Best Of (collector's Edition),Silent Violence,27,210186,False,0.749,0.51,4,-7.404,0,0.0549,0.0155,0.0,0.124,0.401,86.941,4,dancehall,medium
30687,61k7xAKMsuvTf2j2YnieSi,Elektronomia,Sky High,Sky High,61,236254,False,0.592,0.956,0,-2.068,0,0.044,0.105,0.00289,0.344,0.193,128.084,4,edm,high
8754,3wV4XhZJeBjDUa3RC31tLd,Al Green,Let's Stay Together,How Can You Mend a Broken Heart,24,383502,False,0.448,0.421,4,-6.959,1,0.0412,0.507,2.28e-05,0.0707,0.367,146.427,3,blues,low
79130,341863z079BT4EFPiSw9DP,Regina Spektor,The Call,The Call,61,187426,False,0.58,0.101,10,-15.661,1,0.0289,0.934,0.000302,0.0768,0.302,91.003,3,piano,high
44896,1AUP3FcXE7mpJAotmbVyoO,Buckcherry,15,Sunshine,27,253786,False,0.515,0.981,5,-3.855,1,0.0532,0.00101,0.0,0.077,0.611,145.97,4,grunge,medium
47186,63Slke1vlnpTejDeluhyQ9,Cheap Trick,Alternative Christmas 2022,I Wish It Was Christmas Today,0,194120,False,0.383,0.984,8,-3.573,1,0.103,0.000246,0.287,0.24,0.304,164.959,4,hard-rock,low
55249,2uAl7AJJsYCCo2pqcSQI7Y,Jecin George;Pearle Maaney;Srinish Aravind,Chellakuttiye (Avastha Love Song),Chellakuttiye (Avastha Love Song),57,225585,False,0.436,0.544,3,-7.268,0,0.0451,0.543,0.00489,0.17,0.313,169.955,4,indian,high
59837,0511ch8XcVmwWyfbK3NPVg,Integral Rigor,No More Room in Hell,Burning Heaven,0,262000,False,0.468,0.804,10,-7.523,1,0.0568,4.97e-06,0.823,0.0927,0.0983,119.906,4,iranian,low
18368,6AnkFuMBMaya0iBLrqH2Ac,Stuart Thompson,Dandy Man,Pandas,24,160257,True,0.617,0.846,11,-10.509,1,0.581,0.881,7.07e-06,0.472,0.842,102.134,3,comedy,low
63876,0c1Uz5yx398yUjoAqprjHD,JUN SKY WALKER(S),ひとつ抱きしめて,すてきな夜空,32,221800,False,0.407,0.922,11,-9.157,1,0.0503,0.00105,6.16e-06,0.159,0.397,96.629,4,j-rock,medium
101733,2bhLx29FJZ6aDUxPsKzpz3,Sleep Baby Sleep;Rain Sounds;Calm Children Collection;Soothing Nature Sounds;Rain Sounds & Nature Sounds,"Rain Drop Medley of Roof, Thunder, Forest, Car, and More (Loopable Audio for Insomnia, Meditation, and Restless Children)",Pouring Rain and Soothing Brown Noise,33,93451,False,0.0,4.28e-05,2,-18.683,1,0.0,0.194,0.999,0.718,0.0,0.0,0,sleep,medium
104931,4GYhzSOyQOqq7uv6olZH7X,Deluxe,Live à l'Olympia,Mr. Chicken - Live,27,323532,False,0.751,0.642,9,-8.566,0,0.105,0.306,0.0,0.949,0.686,112.03,4,spanish,medium
72154,3GSMJpuz3rFU8WtCws1rv5,Falling In Reverse,Carry On,Carry On,60,294765,False,0.399,0.87,1,-4.91,0,0.0532,0.00359,0.0,0.361,0.298,149.081,4,metalcore,high
1030,3EYGVS7euI1GTiYkKBOSfk,Juanafé,La Makinita,Tengo Luquita,45,223600,False,0.526,0.711,6,-4.373,0,0.0465,0.585,0.0,0.0728,0.651,176.27,4,afrobeat,medium
24180,7MvLLo4od1Qfv4J6VzLxCK,Inner City,Big Fun,Big Fun - Radio Edit,13,219746,False,0.571,0.846,8,-6.087,0,0.0472,0.0598,0.00071,0.135,0.734,128.688,4,detroit-techno,low
88240,6OUTbAEIxmP8RVEAFNMq1d,Daddy Yankee;Prince Royce,Perreo Tenebroso Vol. 2,Ven Conmigo,0,220653,False,0.78,0.856,10,-5.316,0,0.0405,0.116,0.0,0.0595,0.712,120.049,4,reggae,low
103111,6vloM8MDs7tiSTEk1FbrAA,Stevie Wonder,Home For Christmas 2022,What Christmas Means To Me,0,147800,False,0.524,0.614,0,-8.05,1,0.0363,0.202,0.0,0.0802,0.751,82.229,4,soul,low
85337,1wnBOpVpT01ndkg4EzroAs,Cadena Perpetua,Demasiada Intimidad,Algo Personal,41,185693,False,0.417,0.845,7,-5.421,1,0.111,0.0601,0.0,0.191,0.436,200.072,4,punk-rock,medium
94181,0jfIQheXtPPOX0PSn2xxdH,Rozei,Ooo La La,Ooo La La,58,153600,True,0.669,0.776,1,-7.076,1,0.0358,0.00177,1.31e-05,0.143,0.477,100.019,4,sad,high
69245,7C8PDk83o7BLqmJqNyZRgx,Noel Toms,Chemboove Poove - Kaalapani,Chemboove Poove - Kaalapani,37,108666,False,0.737,0.463,8,-12.288,0,0.243,0.7,0.000205,0.0888,0.311,90.001,4,malay,medium
68851,5W83ErFkO3aKAIS1WMi6u0,Anuel AA;KAROL G,Secreto,Secreto,75,258800,False,0.807,0.803,11,-4.156,1,0.126,0.602,0.00853,0.136,0.706,91.987,4,latino,very_high
28672,5n5d39gcjEstUpM6kadJYF,Kompany;SampliFire,Ragnarok,Ragnarok,41,249600,False,0.472,0.951,11,-0.941,1,0.12,0.0121,0.00714,0.237,0.218,75.119,4,dub,medium
68175,3VS1hkofsGq4NwkYdAYL1l,Anuel AA;KAROL G,Halloween 2022 Perreo Vol. 1,Secreto,2,258799,False,0.807,0.803,11,-4.156,1,0.126,0.6,0.0085,0.136,0.706,91.982,4,latino,low
75423,6SFNx6xXcRVPvvcxnDvwAa,Yanni,The Very Best Of Yanni,Marching Season,34,337666,False,0.485,0.486,7,-12.474,0,0.0332,0.839,0.0188,0.0836,0.132,172.276,4,new-age,medium
3586,6Yp3K2cy35hXnWQFE1yWrJ,The Knocks;Dragonette,Mellow Electronic Pop,Slow Song,0,253723,False,0.77,0.743,6,-3.251,1,0.0299,0.0205,0.0003,0.144,0.843,123.014,4,alternative,low
96043,2gEBJ6WqblmOMqeInAolHw,Stan Getz;Astrud Gilberto;João Gilberto,The Greatest Jazz Mix,"It Might As Well Be Spring - Live At Carnegie Hall, NY / 1964",0,264706,False,0.361,0.116,3,-18.774,0,0.0432,0.924,3.57e-06,0.739,0.387,84.414,4,samba,low
49200,2ST9rghUAyWeXEG5Wtl3Q3,Audiofreq;Somnia;Shanti People,Hey Adi Yogi,Hey Adi Yogi - Hard Edit,23,186400,False,0.506,0.971,2,-2.999,1,0.0728,0.0264,0.0088,0.678,0.376,150.023,4,hardstyle,low
94361,3APRQQPv4Cb1i078nkUgOX,Louyah,6FEET,Burn Me,47,163446,True,0.632,0.623,10,-6.613,1,0.0549,0.233,0.0,0.17,0.435,179.964,4,sad,medium
109952,2LBf4COkSAdeWiErXJXJ7l,Blank & Jones,High Fly,High Fly,55,260160,False,0.755,0.462,10,-13.017,0,0.0504,0.0715,0.91,0.109,0.68,100.007,4,techno,high
10092,3f2qEPNWQAd5Cw90huIoOi,Dub Pistols;Seanie T,Pistoleros,Pistoleros - Edit,21,220909,True,0.696,0.875,11,-3.95,1,0.132,0.114,0.0,0.331,0.719,176.039,4,breakbeat,low
46992,51vDlsnceeNkbpjCQ7tk5k,Rexanthony,Cocoricò Three,The Symbol (original),16,275588,False,0.422,0.953,4,-2.976,1,0.0939,0.00946,0.00182,0.264,0.405,180.919,4,happy,low
90707,3OLM1nHABTctXiDs0S8UOh,Los Juniors,"Amores Incomparables, Vol. 4",A Través de los Años,29,161826,False,0.408,0.387,1,-10.935,1,0.0386,0.754,1.69e-05,0.109,0.539,139.148,3,rock-n-roll,medium
47239,6u3HTPvOxhVWllNhu07vvA,38 Special,80s Bangers Vol. 2,Hold On Loosely,0,279754,False,0.565,0.707,9,-5.65,1,0.0298,0.0101,8.16e-05,0.0851,0.831,127.222,4,hard-rock,low
66959,3gGhPc6yhl6ffFIuANQbIT,Jack Hartmann,Every 1 Counts,Days in the Month Rap,8,78373,False,0.905,0.847,5,-6.331,0,0.441,0.258,1.05e-06,0.0544,0.864,88.003,4,kids,low
13907,7q7jB2AIEGwFhoin6sWHwr,Chez Damier;Kevin Saunderson,Can You Feel It (Kevin Saunderson Remix),Can You Feel It - Kevin Saunderson Remix,25,208210,False,0.621,0.99,1,-6.595,0,0.0429,0.000157,0.877,0.124,0.669,125.983,4,chicago-house,medium
100097,4W3kCjcFMvFEW0p4BJfKOx,Flogging Molly,Emo Christmas 2022,The Times They Are A-Changin',1,180653,False,0.343,0.954,7,-4.799,1,0.13,0.0604,1.24e-05,0.222,0.341,152.115,4,ska,low
85259,6BrMEbPSSj55nQhkgf6DnE,The Smiths,Hatful of Hollow,"Please, Please, Please, Let Me Get What I Want - 2011 Remaster",70,112706,False,0.241,0.468,2,-9.579,1,0.0272,0.534,0.0,0.161,0.451,91.581,3,punk-rock,high
4564,3UzhPHPHbQidgxE8oScTxU,Ludovico Einaudi;Franco Feruglio;Mauro Loguercio;Gabriele Baffero;Antonello Leofreddi;Marco Decimo,Undiscovered,Fuori Dal Mondo - Remastered 2020,52,299120,False,0.118,0.134,7,-18.708,1,0.04,0.673,0.804,0.108,0.0572,82.743,3,ambient,high
64926,5fzii5v8A2PmlvML2ziF9n,Ella Fitzgerald,My Funny Valentine: The Rodgers And Hart Songbook,Isn't It Romantic?,37,180506,False,0.19,0.187,5,-14.734,0,0.0404,0.924,5.08e-06,0.0887,0.25,73.461,4,jazz,medium
82481,5DgejFrK1uMn5S5svXXJdI,Blondie,Atomic: The Very Best Of Blondie,Heart Of Glass - Remix,23,251773,False,0.724,0.701,4,-8.067,1,0.0331,0.000916,0.0725,0.082,0.422,114.692,4,power-pop,low
38618,0J2OnBNKwt0KICDyDFPUvl,The Strokes,Is This It,Take It Or Leave It,53,196133,False,0.429,0.924,2,-6.131,0,0.0406,0.000542,0.353,0.104,0.484,154.104,4,garage,high
24874,3p5NTXvgyAen0RgtDSptfq,Aril Brikha,Ex Machina,Lady 707,5,400026,False,0.758,0.877,10,-8.953,0,0.0503,0.231,0.91,0.104,0.902,130.062,4,detroit-techno,low
60046,0hLyTrqT51f6gTxRh2sG9T,Elephant Man,PEPPERSPRAY RIDDIM,Till The End,0,176129,True,0.695,0.967,7,-1.172,1,0.412,0.163,0.0,0.131,0.944,133.414,5,j-dance,low
45256,3L3GwtfPpOl0Qbq3Md15fT,Earl Klugh,Sudden Burst Of Energy,I'll Be Waiting,47,287626,False,0.608,0.592,0,-9.642,0,0.0409,0.469,0.909,0.0651,0.365,77.937,4,guitar,medium
31799,0QejfXzLuctcoAMvMbZauv,Kylie Minogue,Merry Christmas,Santa Baby,0,202546,False,0.685,0.391,1,-7.183,1,0.0435,0.744,0.0,0.142,0.443,87.101,4,electro,low
74609,7GvYw5WCIT4Ws4Vsydte6N,Max Viana,No Calçadão,Canções De Rei,40,313000,False,0.572,0.223,4,-11.88,1,0.0277,0.916,2.85e-05,0.103,0.377,105.944,4,mpb,medium
10976,2kkCWMNTFGQJLZGhcJbDrj,The Crystal Method;Le Castle Vania,The Crystal Method,Storm The Castle,12,262519,False,0.567,0.945,11,-2.573,0,0.0576,0.000242,0.424,0.392,0.152,128.01,4,breakbeat,low
1616,1goimUATGsvwX5d6aXYSOV,J Prince,Let Jesus Row,Let Jesus Row,18,212000,False,0.813,0.83,9,-5.57,1,0.199,0.0389,0.0,0.0975,0.809,113.985,4,afrobeat,low
61777,02UaoO3rLWKlDgN5uMpD2d,NMB48,北川謙二 (劇場盤),星空のキャラバン/白組,19,248626,False,0.512,0.905,3,-3.719,1,0.0418,0.142,2.16e-05,0.134,0.537,140.021,4,j-idol,low
113181,6mOQSS2xTtKyiIuqtHjHtA,Planetshakers,Beautiful Saviour,Beautiful Saviour,52,506120,False,0.234,0.45,7,-8.999,1,0.0311,0.366,0.0,0.131,0.178,106.757,4,world-music,high
17197,4xUDDrNNLaFKzjfM3JLyZm,Linn da Quebrada;BADSISTA,Trava Línguas,quem soul eu,26,224397,False,0.601,0.73,5,-6.947,1,0.0584,0.168,8.27e-06,0.151,0.312,112.034,4,club,medium
110863,1YddMZzakt7WEZ9y1xGQgR,Dash Berlin,The New Daylight (Radio Versions),Till The Sky Falls Down,56,230146,False,0.663,0.668,3,-7.733,0,0.0479,0.00522,0.0113,0.0689,0.451,131.966,4,trance,high
77998,5MN4Z7ZCqfL0XMKsmR3l8o,Art Popular,Eu Sou O Samba - Art Popular,Agamamou,42,236520,False,0.753,0.888,4,-6.049,0,0.0984,0.629,0.0,0.531,0.648,100.034,4,pagode,medium
17841,3394Xch6hlz57FZX6oODGQ,Neoslave,Autoviolator,The New Slaves,16,240875,False,0.487,0.936,11,-3.96,0,0.14,0.000271,0.873,0.121,0.288,159.969,4,club,low
81306,1WOz8NwADXFxRADQFVftxp,Arjan Dhillon,Jawani,Jawani,69,151218,False,0.782,0.69,7,-7.811,1,0.0708,0.00909,0.000661,0.359,0.429,99.944,4,pop,high
2206,5ruzrDWcT0vuJIOMW7gMnW,The Strokes,The New Abnormal,The Adults Are Talking,79,309053,False,0.593,0.749,5,-5.67,1,0.0475,0.0113,0.106,0.314,0.649,164.959,4,alt-rock,very_high
10522,7wtY653p01DiWaOfTk4bXH,Stanton Warriors,Sound of Punks,Mpc,14,287356,False,0.764,0.747,1,-5.058,1,0.0401,0.00569,0.655,0.0784,0.27,129.998,4,breakbeat,low
47737,5ij7PgYsUYHMXMFDWcZqww,Pense,"Realidade, Vida e Fé",Eu Não Posso Mais,36,169058,False,0.495,0.984,8,-4.354,1,0.0978,0.00037,2.52e-05,0.307,0.803,170.007,4,hard-rock,medium
73971,7EnSPleg0AXdNSYTXsosgU,Dale Howard,Big T,User,18,182000,False,0.803,0.727,11,-11.09,1,0.0875,0.000999,0.54,0.144,0.345,128.001,4,minimal-techno,low
113218,0oIJ7r16P1YsR8hXyMl7l6,Planetshakers,Endless Praise (Live),Dance - Live,48,232893,False,0.602,0.965,1,-3.765,0,0.0789,0.00359,0.0,0.685,0.461,130.015,4,world-music,medium
48450,1sVUR6ZtKsAypm8qOEpgio,Kurupt;Tray Dee;Slip Capone,Old School Hip Hop Party,C-Walk,51,311666,True,0.913,0.444,0,-8.718,1,0.249,0.0283,4.27e-05,0.0626,0.627,94.984,4,hardcore,high
27843,5D7pD5fOlgvT9U9VmGVzEm,Maduk;Diamond Eyes,Liquicity Drum & Bass 2019,Colours,16,273828,False,0.37,0.925,7,-3.935,0,0.0436,0.000716,0.000302,0.142,0.119,174.998,4,drum-and-bass,low
66674,1DRzvnxVuJUUQc33Ybuf5B,That Girl Lay Lay,Tha Cheat Code,N.O.,10,136579,False,0.905,0.559,1,-6.787,1,0.077,0.037,0.0,0.247,0.286,144.062,4,kids,low
44141,5FQXMRDSTkn9fowDJ3kZo8,Sick Puppies,Tri-Polar (International Version),You're Going Down,66,187346,True,0.49,0.833,6,-5.899,1,0.0487,0.0116,0.000504,0.15,0.39,89.981,4,grunge,high
82484,3ETM2oz7x4tlBGcCCbMloH,Elvis Costello & The Attractions,The Best Of The First 10 Years,(I Don't Want To Go To) Chelsea,24,190226,False,0.507,0.791,11,-7.111,0,0.0386,0.0691,0.00046,0.0482,0.959,166.972,4,power-pop,low
75475,1P7TYHENLUkwnh0Hp0bx06,Michael Allen Harrison,Composer/Pianist,Awakening,22,353373,False,0.242,0.00848,7,-30.566,1,0.0485,0.882,0.922,0.117,0.0357,130.118,4,new-age,low
31082,4uDhts78RdwIDjEqPrYVKp,Alan Walker;Imanbek,Sweet Dreams,Sweet Dreams,75,138819,False,0.766,0.817,7,-4.253,1,0.035,0.0239,2.49e-06,0.159,0.43,125.033,4,electro,very_high
27834,0cgsmSXBqsxE4r3uKyc7Ym,High Contrast;Clare Maguire,Who's Loving You,Who's Loving You - Pt. 1,16,220887,False,0.561,0.906,5,-3.109,0,0.0324,0.00333,0.0458,0.118,0.155,130.038,4,drum-and-bass,low
33250,69dXVFCMiz3SL1L7M24NdX,XXXTENTACION;PnB Rock;Trippie Redd,bad vibes forever,bad vibes forever,56,150475,True,0.8,0.526,8,-5.153,1,0.0716,0.334,0.00174,0.0571,0.746,129.874,4,emo,high
91735,56GH1HDx3NzS4wDDdNQVe9,All Time Low,Just Best Covers,Blinding Lights,1,193151,False,0.449,0.886,8,-2.501,1,0.0624,0.00248,7.48e-05,0.0743,0.61,171.016,4,rock,low
51832,7G14nXWL7rfDe4bRRENIFt,Lizzo,All That Really Matters - Just Hits,2 Be Loved (Am I Ready),5,187107,False,0.721,0.769,7,-4.111,1,0.105,0.0922,0.0,0.0817,0.915,155.932,4,hip-hop,low
68646,48eNJMsxCrpI0yBbfEcTJ5,Joey Montana;Sebastian Yatra,Halloween 2022 Perreo Vol. 4,Suena El Dembow,0,195760,False,0.69,0.858,0,-4.431,1,0.0529,0.189,0.0,0.113,0.755,91.884,4,latino,low
67657,2mQY7w0RchaNxqlxbhI3NU,Mariah Angeliq,Esto No Se Le Dedica A Cualquiera,Una Noche Más,0,160933,False,0.759,0.664,5,-4.519,0,0.0517,0.0801,8.83e-05,0.0665,0.623,96.992,4,latin,low
33132,3kBD2xHIqKWXjLAGidDTSz,Lil Peep,"Come Over When You're Sober, Pt. 1",Benz Truck (гелик),72,159986,True,0.602,0.762,2,-6.149,0,0.0347,0.0498,0.00819,0.121,0.113,92.02,4,emo,high
14822,09FIL9SFOmvEYZHsa6xWYy,Caspar Babypants,Night Night!,Sliver Moon,29,161106,False,0.712,0.0716,5,-17.71,1,0.0449,0.981,0.0178,0.108,0.211,130.84,4,children,medium
5898,7FAjPbS7XPN7o79eqk2rb3,Adlomusic,Thor vs. Lu Bu,Thor vs. Lu Bu,34,259354,False,0.663,0.903,1,-5.288,0,0.131,0.325,0.0,0.153,0.24,93.004,4,anime,medium
66734,4caq1xfhuXjM94zghnTTXS,Jack Hartmann,Super Fun Learning Songs,Brand New Day,10,121731,False,0.722,0.627,2,-5.419,1,0.0397,0.298,0.0,0.397,0.853,120.343,4,kids,low
39130,16BU6Ue3B2TeDwI24vmUmn,Felix Jaehn;Robin Schulz;Georgia Ku,pov: it's 2021,I Got A Feeling,0,144734,False,0.598,0.833,2,-3.716,0,0.048,0.0196,0.0,0.292,0.406,124.973,4,german,low
88531,5YWW66ptUmdgUNBKU72sgX,Maneva,Mundo Novo,Porta Do Teu Prédio,57,179031,False,0.751,0.637,10,-8.716,1,0.256,0.429,0.0,0.143,0.559,141.985,4,reggae,high
96999,6b493rYJ4xkaNXDiVGHsK3,Sérgio Sampaio,Chacrinha - O Musical,Eu Quero É Botar Meu Bloco Na Rua,36,278226,False,0.5,0.574,4,-6.049,0,0.0273,0.208,0.0,0.0899,0.609,90.17,4,samba,medium
47066,1FaJAcRI9aJ8dGDdkVUR6s,Billy Idol,80s Bangers Vol. 1,Rebel Yell,1,288533,False,0.531,0.864,4,-4.948,0,0.0611,0.000753,0.00046,0.354,0.485,166.312,4,hard-rock,low
88598,2s6gzgAjQIqv8dhFZbyiRU,Lalo Ebratt;Sebastian Yatra;Yera;Trapical Minds,Halloween 2022 Perreo Vol. 4,Déjate Querer,0,202823,False,0.755,0.792,6,-4.238,1,0.0483,0.028,0.0,0.0754,0.842,106.015,4,reggae,low
105661,0Qxfx9Sxa0TVy3p0j0lPha,Sir Peanut,Regular Guy,Regular Guy,32,214588,False,0.711,0.37,1,-7.121,0,0.14,0.743,0.837,0.131,0.623,85.012,4,study,medium
84316,2nY9sZgEOdwM1tzGKLDhzp,Selda Bağcan;Mabel Matiz,Mahzuni'ye Saygı,Yuh Yuh,36,223569,False,0.81,0.755,9,-4.618,1,0.0557,0.304,5.37e-06,0.304,0.649,100.008,4,psych-rock,medium
15542,6x3TG3yKUwgYudcrH8d9sP,Shiloh Dynasty;Unclenathannn,Pure Imagination (feat. Shiloh Dynasty),Pure Imagination (feat. Shiloh Dynasty),58,99838,False,0.625,0.0307,7,-15.862,1,0.137,0.714,0.000104,0.0867,0.307,162.674,3,chill,high
80087,65dvxc4Kctq3JIJ2BkKKMj,Naresh Iyer;Shreya Ghoshal,Sillunu Oru Kadhal (Original Motion Picture Soundtrack ),Munbe Vaa,68,357006,False,0.602,0.758,1,-9.416,1,0.0324,0.25,3.93e-05,0.209,0.788,141.108,4,pop-film,high
91783,1GQMpacZAFmsYYmkT87gUw,ZZ Top,Timeless Rock Hits,Rough Boy,1,287426,False,0.419,0.737,9,-7.09,1,0.0364,0.204,0.00716,0.24,0.595,157.991,4,rock,low
76818,5ClWjTXu3YSqr5n9YPbf40,Celtic Thunder;Michael O’Dwyer;Neil Byrne,Inspirational,From The Ground Up,20,251210,False,0.297,0.485,7,-7.214,1,0.028,0.137,0.0,0.0931,0.294,150.973,3,opera,low
8086,53rqZwcMhjXuXDy1IxRi22,Ella Fitzgerald,Holidays Are Coming,Sleigh Ride,0,175986,False,0.593,0.287,1,-12.472,1,0.0469,0.764,0.0,0.153,0.639,77.117,4,blues,low
69297,6MBd36jfsCeMwlTZrj3ar7,Sujatha,Hits of Sujatha,"Silendra Theepori (""From Thithikkudhe"" )",34,321480,False,0.664,0.624,7,-9.878,0,0.056,0.309,2.2e-05,0.103,0.469,131.98,4,malay,medium
111127,6i0XeW4PstexSITqHfm3FH,Zero 7;Mozez,When It Falls,Warm Sound,53,330373,False,0.519,0.389,5,-9.807,1,0.0304,0.514,0.153,0.1,0.107,121.802,4,trip-hop,high
35736,6gUKmSEW7Wo9P7G9H1D0GW,Asas Livres,Asas Livres & Pablo: Retrô (Ao Vivo),Vou Te Procurar,39,213916,False,0.78,0.541,0,-7.75,1,0.0282,0.0877,1.58e-05,0.573,0.83,128.901,4,forro,medium
82691,6NnewyzybtlYpugv5jNZ8A,Hoodoo Gurus,Purity Of Essence,Crackin' Up,22,233293,False,0.388,0.97,6,-3.877,0,0.0583,0.0824,0.0,0.446,0.811,152.082,4,power-pop,low
11266,5lVZiDONIcGowIOetTZ4ps,YUNGBLUD,weird!,cotton candy,61,167365,False,0.633,0.93,9,-3.262,1,0.0748,0.0104,0.0,0.0866,0.701,124.041,4,british,high
70047,6T7oK4eP3Tezw4Ogy7q6KO,Cyndi Wang,愛你,愛你,59,219626,False,0.607,0.926,5,-3.639,1,0.23,0.376,0.0,0.264,0.822,200.173,4,mandopop,high
4432,3FVy3aVs0TFzLv6FEiLqC2,Max Richter,Sleep,Dream 1 (before the wind blows it all away) - Pt. 1,55,153101,False,0.214,0.00144,6,-39.869,1,0.0487,0.995,0.968,0.0998,0.0866,72.046,4,ambient,high
104492,0UP87YAD6kkHld2NEop7RH,Cristian,Agua Nueva,Para Ti - DO NOT USE,30,220773,False,0.562,0.424,4,-10.966,1,0.027,0.162,0.0,0.138,0.318,139.78,4,spanish,medium
60790,6loiMQcxvepOgfASkYH38J,Beenie Man;Mr. Vegas;T.O.K,Penthouse Flashback Series (Reload Riddim),Reel Out,20,222145,False,0.481,0.401,1,-14.62,1,0.338,0.0465,0.0,0.129,0.541,180.549,1,j-dance,low
105298,4J5w43yUOPzxRg5je5tDG4,Beat Oven,Beat Soup,Zipbag Happiness,15,96000,False,0.752,0.313,10,-13.688,0,0.078,0.398,0.847,0.198,0.359,79.961,4,study,low
64385,2HZRq8WL3wUFXwbI2wB8ZX,Dean Martin,Christmas Best Hits 2022,Let It Snow! Let It Snow! Let It Snow!,0,115240,False,0.484,0.332,1,-10.312,1,0.037,0.787,0.0,0.373,0.683,134.999,4,jazz,low
70865,2kOF946ACR2MPDsuhTtsuA,Faye Wong,唱遊,"償還 - ""紅豆""廣東版",48,257640,False,0.561,0.355,0,-10.56,1,0.0301,0.16,5.53e-06,0.264,0.187,112.002,4,mandopop,medium
7812,46tzAJhfSl7teg1aXgg0fR,Chris Thile,How To Grow A Woman From The Ground,The Beekeeper,21,246693,False,0.332,0.384,9,-15.529,1,0.0378,0.958,0.904,0.107,0.316,152.459,4,bluegrass,low
19985,0E03JK89NfbKmXpjxyF4pV,Randall King,Happy Country Christmas,I Only Want You for Christmas,0,207677,False,0.621,0.844,7,-5.238,1,0.0496,0.0384,2.23e-05,0.0709,0.478,147.983,4,country,low
65234,3QwiidVHfeE9y5jl4n2MTC,SEVENTEEN,SEVENTEEN 4th Album Repackage 'SECTOR 17',_WORLD,78,178453,False,0.709,0.809,2,-3.198,0,0.0541,0.312,0.0,0.0899,0.788,111.01,4,k-pop,very_high
50010,5NCyqYGMVv9XJbymXH71d9,Rata Blanca,Rata Blanca,Sólo Para Amarte,38,342160,False,0.522,0.632,6,-15.762,0,0.0346,0.0268,0.916,0.202,0.539,91.95,4,heavy-metal,medium
960,6hVkpZkfQV82W6e31Xye37,Bootstraps,Demo Love,Whenever You're Around,46,202348,False,0.531,0.5,7,-8.593,1,0.0282,0.534,0.000861,0.101,0.319,78.076,4,acoustic,medium
99184,64zeTLKn5flc0t74NeApXQ,Karthik Rao;Shilpa Surroch,Please Find Attached - Season 2 (A Dice Original Series),Haari Main Haari,47,163555,False,0.695,0.276,1,-16.612,1,0.0361,0.935,0.00422,0.102,0.398,135.122,4,singer-songwriter,medium
85649,20FekvZdeYcUPYi6gOmAgX,Charly García,Pubis Angelical / Yendo De La Cama Al Living,Peluca Telefónica,38,301040,False,0.791,0.711,0,-9.548,1,0.0702,0.149,0.000198,0.25,0.901,139.826,4,punk-rock,medium
18699,1sTbAUc2Gs6AcQuCum6rYr,Kevin Bloody Wilson,Wrong! Wrong! Wrong!,"If It Flies, Floats or Fucks",22,243320,True,0.763,0.819,7,-6.503,1,0.0927,0.824,2.06e-06,0.0986,0.936,170.004,4,comedy,low
109053,6ekLy1OsrYdLMbcqc0KZ8G,Solomun,Nobody Is Not Loved,Home,28,221090,False,0.679,0.707,2,-11.453,1,0.04,0.00634,0.855,0.18,0.258,120.007,4,techno,medium
102986,3TQbr3G3U5wlwEJejmqC1F,John Mayer,The Search for Everything,Never on the Day You Leave,56,220866,False,0.536,0.355,2,-8.61,1,0.0259,0.733,1.22e-05,0.138,0.22,139.888,4,songwriter,high
57245,0OCa1PunDKY1cfsiiD7UzA,Stevie Wonder,Soulful Christmas,One Little Christmas Tree,0,161693,False,0.406,0.377,10,-11.717,1,0.0597,0.764,0.0,0.272,0.717,92.23,4,indie,low
27582,1nzUTowpVSkgk1IIGQEHDp,Wilkinson;Karen Harding;Todd Edwards,All For You (Todd Edwards Remix),All For You - Todd Edwards Remix,17,183501,False,0.851,0.87,5,-5.394,0,0.0394,0.0354,0.132,0.0662,0.896,126.999,4,drum-and-bass,low
104791,21gEdIRnNJ6fdrAPbMglTx,La Guardia,Vamonos,El Mundo Tras el Cristal,54,205013,False,0.679,0.723,11,-10.456,1,0.0399,0.245,0.0,0.128,0.821,106.734,4,spanish,high
44297,7A8caPxvrT8ZgLvQPPUCcj,The Smashing Pumpkins,Siamese Dream (2011 - Remaster),Disarm - Remastered,66,196905,False,0.527,0.418,4,-10.205,0,0.0277,0.142,0.781,0.139,0.217,129.517,4,grunge,high
86008,1I2I4x0SJcK6ccc6qvw76s,My Chemical Romance,Rock - Best of 2022,The Foundations of Decay,6,360760,False,0.363,0.67,1,-6.652,0,0.0552,0.000582,0.548,0.317,0.198,150.15,4,punk,low
67761,5fmzL3Ogapgp9lP1SDzhTu,Alejo;Feid;ROBI,Perreo en Halloween,Pantysito,4,240413,True,0.83,0.739,7,-5.395,0,0.0627,0.136,2.11e-06,0.162,0.631,97.993,4,latin,low
18458,5j9oCIiCtzjAHe7HH1vzDk,David Spade,My Fake Problems,Costco / Christmas,22,350901,True,0.587,0.8,4,-7.695,1,0.932,0.836,0.0,0.742,0.411,111.492,5,comedy,low
65491,1fzAokzOONl4XEPUFoammu,Alka Yagnik;Arijit Singh,Loveholic Arijit Singh,"Agar Tum Saath Ho (From ""Tamasha"")",52,341054,False,0.562,0.519,3,-8.744,1,0.0326,0.557,0.000268,0.172,0.415,122.925,4,k-pop,high
15227,7bevK9DJVy1a16426t2WQ1,William Singe,Love You Like Me,Love You Like Me,61,218614,True,0.756,0.514,5,-7.364,0,0.0759,0.47,0.0,0.124,0.332,112.004,4,chill,high
101713,3TCIHrNMw2vupAQfg3krlO,Marie Protivová,Touha,Touha,61,176000,False,0.107,0.0355,2,-33.218,0,0.0414,0.932,0.933,0.0996,0.0817,89.788,4,sleep,high
69806,21bNtY0bgBjtJJnAoF44cE,Buggimaan,Adiyathi,Adiyathi,24,200000,False,0.674,0.526,6,-7.739,1,0.0286,0.247,1.88e-05,0.129,0.219,107.058,4,malay,low
109088,7tNzd03v3T5aU7P1UpeuYF,DJ Isaac;D-Block & S-te-Fan,Harder Tunes Forever - 100% the Best in Hardstyle and Hardcore,Slave to the Rave,0,222400,False,0.543,0.886,9,-3.689,0,0.136,0.0278,1e-05,0.148,0.175,150.081,4,techno,low
2764,5pRElcsPZrgZXkoON2o5Go,Skillet,Comatose,Comatose,67,230426,False,0.359,0.955,4,-2.323,0,0.12,0.00116,0.0,0.349,0.446,170.033,4,alt-rock,high
4493,3ExKJt4K8duUfEG49QWzPi,Bethel Music;Jeremy Riddle,For the Sake of the World,This Is Amazing Grace,51,452013,False,0.437,0.735,0,-6.606,1,0.0301,0.00206,2.15e-05,0.701,0.145,98.923,4,ambient,high
5676,7ANDXcz3rVfPjFcIZeVVbL,Hiroyuki Sawano,"TV Anime ""Attack on Titan Season 2"" (Original Soundtrack)",So Ist Es Immer,49,289680,False,0.672,0.256,6,-9.212,1,0.0329,0.695,0.0,0.107,0.222,119.945,3,anime,medium
87343,0LbLIVrkbaPMeE4XHNgNpU,Lupillo Rivera,Amorcito Corazon,Sin Fortuna,47,172755,False,0.475,0.426,10,-7.614,1,0.0926,0.883,2.24e-06,0.081,0.967,173.249,4,r-n-b,medium
53745,13QlmzEg89fD2DmW3f503g,Duke Dumont;Jax Jones,Fiesta portatil,I Got U,0,285596,False,0.636,0.761,9,-7.752,0,0.035,0.00383,0.00784,0.0851,0.462,120.842,4,house,low
63998,00QgsZma0GDCL0BPj8chP6,Strike;Rodolfo Abrantes,Nova Aurora,Nova Aurora,33,234294,False,0.639,0.917,10,-5.978,1,0.0482,0.0148,0.0,0.364,0.918,152.986,4,j-rock,medium
26064,5TWTXJLHoLv1v3tc6qNpce,Rodrigo Miallaret,O Rei Leão (Trilha Sonora Original em Português),Se Preparem (2019),35,123733,False,0.565,0.319,9,-13.542,0,0.215,0.497,5.66e-05,0.0777,0.305,115.287,4,disney,medium
37950,4IYKjN1DrYzxKXt0umJqsG,Luniz;Michael Marshall,Operation Stackola,I Got 5 On It,75,253533,False,0.6,0.706,10,-7.899,0,0.361,0.209,0.0,0.125,0.58,173.926,4,funk,very_high
74549,2OwcpCOQNXkrc3CSX3SE4a,Fagner,Eu Canto (Quem Viver Chorará) [Versão com faixas bônus],Revelação,42,257600,False,0.33,0.663,9,-6.083,0,0.0314,0.585,2.45e-06,0.223,0.304,135.237,4,mpb,medium
16968,7AXYGFiJn1DJI17AEhZ8LR,Wolfgang Amadeus Mozart;I Musici;Pina Carmirelli,Mozart - All Day Classics,"Serenade in G, K.525: 1. Allegro",22,97920,False,0.449,0.247,2,-16.29,1,0.0405,0.866,0.869,0.216,0.62,139.048,4,classical,low
37973,7ALKxekmLvJkS8zlY2InGK,Lucas Lucco;Guilherme & Benuto,Rolê Diferenciado (Ao Vivo),Amor de Fone - Ao Vivo,43,160665,False,0.691,0.684,0,-4.736,1,0.199,0.246,0.0,0.722,0.673,155.803,4,funk,medium
98603,3dskm5fAe8OkBtM9E0VVWx,Lin-Manuel Miranda;Alex Lacamoire;Ana Villafañe;Anthony Ramos;Artists for Puerto Rico;Camila Cabello;Dessa;Ednita Nazario;Fat Joe;Gilberto Santa Rosa;Gina Rodriguez;Gloria Estefan;Jennifer Lopez;Joell Ortiz;John Leguizamo;Juan Luis Guerra 4.40;Luis Fonsi;Marc Anthony;Pj Sin Suela;Pedro Capó;Rita Moreno;Rubén Blades;Tommy Torres,Almost Like Praying (feat. Artists for Puerto Rico),Almost Like Praying (feat. Artists for Puerto Rico),51,200457,False,0.471,0.791,5,-3.373,0,0.238,0.0198,0.0,0.232,0.507,188.36,4,show-tunes,high
12579,0Q01UgSXLjDsI7oADZiVz1,朱咪咪,朱咪咪喜唱玩樂38首,每日懷念你,21,168840,False,0.445,0.527,10,-11.115,1,0.0323,0.058,5.6e-06,0.362,0.485,95.034,4,cantopop,low
95762,2USnQEejUCh9lo8nj3gSYj,Tito Rojas,Vida,Claro,28,321493,False,0.665,0.666,2,-4.764,1,0.0447,0.599,0.0,0.0464,0.754,91.102,4,salsa,medium
30864,4sJqSKPc5fZ5OZ8JiVI44N,Kygo;OneRepublic,Kids in Love,Stranger Things (feat. OneRepublic),62,221440,False,0.604,0.661,0,-5.914,1,0.0375,0.234,0.0,0.0951,0.506,107.016,4,edm,high
7165,58WgjKldLmtSIccBxVTy6x,Greensky Bluegrass,"Shouted, Written Down & Quoted",Hold On,28,181507,False,0.472,0.524,2,-9.781,1,0.031,0.675,0.0601,0.155,0.916,118.95,4,bluegrass,medium
45788,2lMREcufX4FZPZKa560pna,John Scofield,Jazz Rock - Verve 50,A Go Go,23,394125,False,0.675,0.432,6,-12.616,0,0.046,0.501,0.845,0.0816,0.481,104.909,4,guitar,low
75370,2O8dvLnVZlI6eoWcPJlPTg,Ann Sweeten,A Place in the Sun,Shepherd Me,24,255546,False,0.318,0.138,0,-19.424,1,0.0354,0.987,0.917,0.126,0.127,121.691,4,new-age,low
6842,3aBSpI6ja5Mn9AclMqctqC,Rotting Christ,Thy Mighty Contract (Re-issue),The Coronation of the Serpent,16,246706,False,0.519,0.983,2,-6.851,1,0.103,0.126,0.736,0.426,0.23,142.349,4,black-metal,low
102194,2cSy0PF9D9NNxzBGVFCLyH,Annie Lennox,Rockin' Around The Christmas Tree 2022,Silent Night,1,223040,False,0.171,0.124,7,-13.758,1,0.0364,0.781,0.0,0.0929,0.0717,77.914,3,songwriter,low
73267,1lbUtnuS8AYvKd0lziKpJ4,Adam Beyer;Layton Giordani;Green Velvet;Pleasurekraft,Space Date Remixes,Space Date - Pleasurekraft Remix,48,549051,False,0.723,0.822,10,-9.421,0,0.0452,0.000607,0.788,0.112,0.0629,127.007,4,minimal-techno,medium
50077,4gTmUJIVkIBKIhuWcepu7q,Horcas,Por Tu Honor,En la Jaula,32,237586,False,0.309,0.98,1,-3.758,1,0.119,8.04e-05,0.0029,0.311,0.241,147.722,4,heavy-metal,medium
80196,5SXwKl2nWY1No4wZ0FJDHN,A.R. Rahman;Vagu Mazan;Thoughtsfornow,Cobra (Original Motion Picture Soundtrack),Adheeraa,66,259139,False,0.722,0.835,6,-9.082,0,0.0402,0.107,8.23e-05,0.0928,0.558,110.962,4,pop-film,high
80225,2RgvvnMwtP0R2OkVZmFvnV,KK,Zindagi Do Pal Ki - K.K. All Time Hits,"Ajab Si (From ""Om Shanti Om"")",65,241668,False,0.697,0.438,8,-8.411,1,0.0289,0.399,0.0,0.293,0.58,117.955,4,pop-film,high
19854,6ifRkrDOVOl894U1YuuTfM,Music Travel Love;Francis Greg,I Want It That Way,I Want It That Way,56,191114,False,0.575,0.368,6,-7.436,0,0.0317,0.289,0.0,0.245,0.621,200.016,4,country,high
83453,6mTnH6xSYwKohtsO9RFzcc,Eric Prydz;Empire of the Sun,Liberate (Remixes),We Are Mirage,62,379500,False,0.556,0.792,4,-6.723,0,0.0361,0.000521,0.75,0.494,0.0871,127.956,4,progressive-house,high
79488,1gdMwDjEMYMwfI9Q19B5Uh,Jon Sarta,Piano Lullabies for Christmas,"Still, Still, Still",33,121685,False,0.41,0.062,2,-25.843,1,0.0617,0.994,0.975,0.085,0.446,173.776,4,piano,medium
64065,3siiSoWFWuwTOERUPAAvCY,Norah Jones,JULPYNTA,December,0,185680,False,0.414,0.131,4,-12.817,1,0.0347,0.934,7.88e-05,0.11,0.112,143.778,4,jazz,low
46127,3far60nHEGxiwQpcG44FOd,Partyraiser,You Ain't Telling Me Shit,Taking Over Control,27,170400,False,0.561,0.901,5,-1.51,1,0.0558,0.00771,0.0183,0.2,0.0375,105.021,4,happy,medium
81948,0zsA45R0SQPfqC5TyDOqY8,Hiphop Tamizha;Raghu Dixit;Sathyaprakash D.;Jithin Raj,Imaikkaa Nodigal (Original Motion Picture Soundtrack),Neeyum Naanum Anbe,66,285250,False,0.467,0.826,4,-3.885,0,0.049,0.298,0.0,0.204,0.417,160.025,4,pop,high
28950,1u3SkEgGroT2Kcfnd4v4ON,Ekali;mossy.,Crystal Eyes,Stay Hollow (with mossy.),50,184888,False,0.704,0.675,1,-5.841,1,0.06,0.131,0.394,0.371,0.065,135.025,4,dub,high
495,0R7EWhquaAICmyE5MZqt3q,Ben Rector,The Joy of Music,Living My Best Life,59,215213,False,0.566,0.733,4,-5.302,1,0.0699,0.083,1.55e-06,0.362,0.636,178.828,4,acoustic,high
38270,4ileLT7ldd2uX8bMemWqbm,The Strokes,Angles,Life Is Simple in the Moonlight,59,255240,False,0.515,0.696,6,-5.857,0,0.0313,0.0126,0.000345,0.0916,0.513,134.893,4,garage,high
13790,4KKZdG0BLpPS37Mzk6ebFr,Bad Boy Bill;Kevin Irving,"The Chicago LP, Volume 1 of 4",All Night With You - Extended Club Edit,4,242694,False,0.699,0.895,4,-3.814,0,0.106,0.0084,0.0,0.232,0.549,130.027,4,chicago-house,low
67862,07oas8KpAMIkwuetf81Zen,Ozuna;Chencho Corleone;Arcangel;J Balvin;Randy,OzuTochi,El Cel,63,287813,False,0.521,0.799,6,-5.205,1,0.162,0.0796,0.00709,0.0928,0.945,165.908,4,latin,high
83137,1moFkZDqcjQNeXtyoanLHv,Armin van Buuren,Balance,Blah Blah Blah,66,183518,False,0.612,0.963,5,-3.912,0,0.0531,0.00897,0.00378,0.294,0.179,138.009,4,progressive-house,high
49514,1iGry8sg9TLDC5EbkEp464,De Kraaien,Gallemiezen,Gallemiezen,22,180000,True,0.699,0.685,2,-4.038,1,0.146,0.118,0.000335,0.0512,0.612,178.054,4,hardstyle,low
58419,7ArFV4lFxwSjL6BCT48zK1,Centhron,Biest,Pornoqueen,25,223253,False,0.501,0.99,8,-5.44,0,0.0488,0.000129,0.727,0.33,0.59,145.031,4,industrial,medium
28507,2sm2f0mbOnfCi1MOLIegdV,Koven,Gold / YES,Gold,46,260800,False,0.377,0.779,5,-2.631,1,0.0425,0.0184,3.89e-05,0.207,0.29,150.279,4,dub,medium
75327,346kyc0OF7x64WuFVgfpcH,Gomer Edwin Evans,Dreams Of Harmony : Meditationsmusik für Kinder,Secrets from the Sky,24,565680,False,0.478,0.0767,5,-18.656,1,0.0371,0.963,0.942,0.0946,0.287,123.856,4,new-age,low
52356,0tej0owTaYxYdvRWLqq5xr,Cowboy Copas,Copasetic,Tragic Romance,14,169746,False,0.751,0.322,9,-11.478,1,0.0449,0.933,0.0103,0.107,0.861,124.797,4,honky-tonk,low
15289,7MdZQXUBijQxcBkYz4G1Z5,Jinsang,Life,Affection,64,117495,False,0.698,0.193,1,-15.01,1,0.0902,0.914,0.937,0.0882,0.607,84.03,4,chill,high
3932,5nbzkaoGC4Ga3mxgezGo51,Tierra Whack,Best R&B Tunes,Link,0,129505,False,0.86,0.547,0,-10.638,1,0.0786,0.231,1.02e-06,0.146,0.467,150.074,4,alternative,low
84862,7y9O8sJmuX7DvmyrR7h3PY,The Beach Boys,Sunflower,All I Wanna Do - Remastered 2009,54,156466,False,0.447,0.416,9,-12.181,0,0.0258,0.0716,0.00426,0.125,0.295,103.068,4,psych-rock,high
37943,3nxRHGSdTr6lwc2QCrRAEv,Sampa Crew,Sampa Crew,Eterno Amor,43,260533,False,0.696,0.581,5,-10.402,1,0.0628,0.435,6.59e-06,0.667,0.268,142.0,4,funk,medium
1509,7dTzsEPl84MJwS9Nj4M2IM,Jungle Fire,Beats & Culture (BNC002),Snake Pit - Stove Mix,19,245818,False,0.806,0.716,0,-5.483,1,0.081,0.14,0.892,0.182,0.87,124.778,4,afrobeat,low
53478,7MIhUdNJtaOnDmC5nBC1fb,Alok;Ella Eyre;Kenny Dope;Never Dull,Deep Down (feat. Never Dull),Deep Down (feat. Never Dull),84,165752,False,0.687,0.818,0,-4.221,1,0.0778,0.0112,0.0,0.248,0.886,125.952,4,house,very_high
69639,2JKlFVc1TH10KC7DVB1Okz,Gersson Edinbaro,Aradhana Yeshu Tujhe,Aradhana Yeshu Tujhe,24,406285,False,0.602,0.695,0,-6.878,0,0.0277,0.0276,1.94e-06,0.177,0.548,139.938,4,malay,low
97123,4ZtfvKbW28CzpDc0Vupm21,Murilo Huff,Ao Vivão 2,Frente a Frente / Como Vai Você (Ao Vivo),53,260989,False,0.362,0.631,2,-5.875,1,0.0436,0.315,0.0,0.377,0.246,151.157,4,sertanejo,high
7346,0zAQiJE9KXyIz54dwcKE8Z,Yonder Mountain String Band,Dear Jerry: Celebrating The Music Of Jerry Garcia (Live),Shakedown Street - Live,25,508680,False,0.591,0.729,0,-12.144,1,0.0378,0.093,0.0534,0.987,0.568,108.157,4,bluegrass,medium
21253,5OaRqgnamUsa99HzxSTdDv,Sean Paul;Ellie Goulding,Mad Love The Prequel,Bad Love,45,214270,False,0.646,0.877,1,-5.228,1,0.313,0.0115,0.000259,0.108,0.649,104.101,4,dancehall,medium
38754,0qZngsBTYM37fevbe03IlX,Lunar Vacation,Swell,Swimming,49,280251,False,0.435,0.404,4,-13.252,1,0.0266,0.0366,0.351,0.117,0.366,154.959,3,garage,medium
19657,7vF3xkCMvZjAe2nTWY0uQZ,Jake Owen,Greetings From...Jake,Made For You,70,238400,False,0.581,0.441,1,-6.829,1,0.0268,0.77,2.75e-05,0.111,0.337,82.125,4,country,high
65844,5CSmNZT70WFoQFnCjmoy9x,Madhusree,Nedunchalai (Original Motion Picture Soundtrack),Ivan Yaaro,45,134952,False,0.668,0.427,7,-10.215,0,0.029,0.411,0.0,0.1,0.699,97.022,4,k-pop,medium
96051,1yexB9BhPJFMiFHzdNhVqt,Mk Mukesh;Romeo Baskey;Joshi Pareya,Aam Do Kanam Mali Baha,Aam Do Kanam Mali Baha,35,243343,False,0.614,0.386,2,-10.761,1,0.0396,0.714,8.95e-05,0.33,0.253,145.964,4,samba,medium
31094,3dKlTiPC2NTfrnlmM43TuX,Wisin & Yandel,Perreo Tenebroso Vol. 2,Pam Pam,0,227280,False,0.874,0.69,10,-6.373,1,0.114,0.121,0.0,0.249,0.735,95.025,4,electro,low
93157,54k1ghTXsBi8evTkrddDpC,Valentina Ponomaryova,Любимые песни.ru,Под лаской плющевого пледа,27,157386,False,0.443,0.144,5,-16.26,1,0.0532,0.927,0.000101,0.142,0.223,78.92,3,romance,medium
29533,6BivCuyKJtgLa9ooFsvUoZ,Porter Robinson,Worlds,Flicker,49,279000,False,0.589,0.713,10,-3.756,0,0.0976,0.0331,0.000411,0.178,0.547,92.018,4,dubstep,medium
76219,46y3EqXjmAMUDx3XNhi0Dk,Il Divo,Siempre,Un regalo que te dio la vida,25,278506,False,0.383,0.463,0,-8.751,1,0.0467,0.793,2.42e-05,0.088,0.217,144.889,3,opera,medium
70413,13bw75oRjvxMv9VGIeM32i,David Tao,太平盛世,愛我還是他,54,292666,False,0.465,0.391,11,-8.029,1,0.0304,0.758,0.0,0.112,0.152,133.025,4,mandopop,high
3289,40dr3CZGx83RL6ADIC7xvv,Marilyn Manson,Halloween Spooky Party 2022,Sweet Dreams (Are Made Of This),0,293293,False,0.221,0.664,0,-5.242,0,0.0379,0.0039,0.657,0.239,0.101,186.044,4,alternative,low
14605,5JGy09vEpknKmIHuY9acXH,Blippi,Blippi Essentials,Ambulance Song,52,117400,False,0.702,0.67,11,-6.273,1,0.0347,0.589,0.0,0.554,0.88,135.006,4,children,high
43682,1MUgssGNadgJttx4LwfIcO,Ageu Soares,De Pai para Filho,A Casa Caiu,25,165240,False,0.797,0.916,2,-5.223,1,0.0467,0.776,0.000177,0.0846,0.783,119.084,4,groove,medium
16184,5XHvLFENXejcEhj5kdLGt5,Pyotr Ilyich Tchaikovsky;Evgeny Kissin;Berliner Philharmoniker;Herbert von Karajan,Classical Running,"Piano Concerto No. 1 in B-Flat Minor, Op. 23, TH. 55: 3. Allegro con fuoco - Live at Philharmonie, Berlin",0,526706,False,0.378,0.379,10,-16.888,0,0.136,0.961,0.835,0.682,0.347,135.92,3,classical,low
32981,4nkLVkNij5R49hsKvLhVAN,Domshe;Carlo Lio,Creep It,Feelin - Carlo Lio Remix,22,444923,False,0.719,0.959,11,-7.686,0,0.0573,0.154,0.885,0.129,0.482,129.994,4,electronic,low
97322,5XqLSpVjuCDzR5Frj0gJbH,Matogrosso & Mathias,Matogrosso & Mathias (Ao Vivo),Na Hora do Adeus - Ao Vivo,48,238560,False,0.576,0.804,9,-3.616,0,0.038,0.231,0.0,0.953,0.452,98.197,4,sertanejo,medium
39507,2dmZy75CTSv6BFo7IbO0eK,Klaas,Mr. Saxobeat,Mr. Saxobeat,60,151181,False,0.638,0.889,11,-5.276,0,0.127,0.0476,0.0336,0.24,0.511,127.012,4,german,high
48219,7kbvMr9iDzYP7KH6apVFSA,DJ Buzz Fuzz,Kimimaru,Kimimaru,34,80085,False,0.501,0.496,1,-7.5,1,0.121,0.384,0.694,0.191,0.575,167.977,4,hardcore,medium
4415,5w1FbQ4wRjRkzw9IXv30GW,GÅEL;Jesse Brown,Fluttering,Fluttering,52,108461,False,0.296,0.144,4,-27.745,0,0.0361,0.984,0.901,0.109,0.133,169.195,4,ambient,high
40417,5IeDI91m54XmiKmOp3EG95,Deise do Vale,Ele É Deus,Até Quando,41,230200,False,0.568,0.79,2,-5.347,1,0.0548,0.609,0.0,0.262,0.482,156.114,4,gospel,medium
102994,6gXrEUzibufX9xYPk3HD5p,Eagles,Hotel California (2013 Remaster),Life in the Fast Lane - 2013 Remaster,72,286219,False,0.667,0.755,9,-7.246,1,0.069,0.0966,6.94e-05,0.0523,0.883,109.535,4,songwriter,high
108591,7bigAhoiVqZ1usxaREoqKh,Adriana Varela,Vuelve el Tango,La Casita de Mis Viejos,18,217907,False,0.53,0.167,4,-14.068,0,0.0639,0.893,0.0,0.0966,0.486,85.912,3,tango,low
74389,6brW0DyQDmu979DgvTrdtP,Kleiton & Kledir,Kleiton & Kledir (Audio),Deu Pra Ti,43,285035,False,0.45,0.751,7,-5.889,1,0.0347,0.199,0.0,0.0498,0.66,76.681,4,mpb,medium
101250,7zO8xgWtAGQpAKEG9n48Yb,Drone,Healing Alpha Sinus,"Mystical - Alpha Sinus 54,8hz - 57,3 hz",64,235894,False,0.198,0.0555,8,-32.142,0,0.0503,0.844,0.852,0.107,0.149,72.421,3,sleep,high
79934,7nMYIdyLvE97RYqvmMVwJX,Piano Peace,Piano Therapy: Spa & Sleep Healing,Clarity,28,210250,False,0.526,0.0144,7,-24.495,0,0.0414,0.991,0.92,0.0869,0.0844,119.999,4,piano,medium
80415,1uzkWkIaWaxzHJgJ4Fy5rO,Jatin-Lalit;Amit Kumar;Sonu Nigam;Alka Yagnik;Udit Narayan;Kavita Krishnamurthy,Kabhi Khushi Kabhie Gham (Original Motion Picture Soundtrack),Bole Chudiyan,65,408133,False,0.59,0.875,5,-5.294,1,0.171,0.45,1.16e-05,0.164,0.737,96.915,4,pop-film,high
58822,7lX6at1uA6gF2fhwVFnO17,And One,Bodypop 1 1/2,Only You,22,209693,False,0.688,0.876,8,-6.375,1,0.027,0.355,0.0119,0.968,0.961,105.056,4,industrial,low
62307,6pxElwU80zhjbCC77Vn8EI,Tom Misch,Geography,Movie,66,357357,False,0.785,0.379,7,-11.446,1,0.0732,0.391,0.0161,0.267,0.182,122.043,3,j-pop,high
4842,2HbDLvUR0SA1o9BDMAqqNM,Julien Baker;Phoebe Bridgers;Lucy Dacus,boygenius,"Ketchum, ID",54,215689,False,0.393,0.104,0,-12.154,1,0.0339,0.908,0.0,0.389,0.214,117.851,3,ambient,high
39893,3mAplvB02mSFTDqvhg6c3V,Brings;Dennis aus Hürth,Liebe gewinnt,Et jeilste Land,38,219826,False,0.864,0.828,0,-5.543,1,0.0867,0.122,0.0,0.093,0.791,119.987,4,german,medium
21076,4uPmqqOf9yG0o06JsQsvML,Omah Lay;Justin Bieber,Evergreen,Attention,0,180563,False,0.817,0.72,5,-8.134,0,0.0809,0.172,0.000726,0.109,0.384,119.989,4,dancehall,low
82066,2vk8PCaUuAZ63dsi1lqkn0,Big Star,#1 Record (Remastered),Thirteen,54,154480,False,0.456,0.344,0,-10.296,0,0.0298,0.565,9.19e-06,0.114,0.359,117.116,4,power-pop,high
96498,2z9wlKb31r8uquVb5KuSfH,Noite Ilustrada,20 Super Sucessos Noite Ilustrada,Toalha de Mesa / Pedrinha de Cor / Idade de Fazer Bobagem / Marina / Balada Nº 7 / O Neguinho e a Senhorita / Volta por Cima,40,355403,False,0.63,0.76,2,-10.323,1,0.0497,0.337,0.00483,0.251,0.775,93.148,4,samba,medium
101642,6bcBcKZfokN7GcMNsr85Lw,Granular,Baby Sleep White Noise,Hi Q White Noise,35,240000,False,0.172,0.257,1,-31.698,1,0.111,0.513,0.619,0.0949,0.0151,125.768,3,sleep,medium
106870,643KA1xhBJCulImSKjxSBN,John Dahlbäck;Agnes,10's Dance Classics,Life (Diamonds In the Dark) - Feenixpawl Remix,0,390000,False,0.778,0.66,8,-5.003,0,0.0617,0.00506,0.486,0.0474,0.162,127.977,4,swedish,low
16217,6XjBNMzl25wEBebNMdPMGg,Edvard Grieg;Una Bourne,"Mozart, Liszt & Others: Piano Works","Lyric Pieces I, Op. 12 (Excerpts): No. 2, Vals",0,88506,False,0.419,0.213,9,-23.095,1,0.0357,0.961,0.899,0.237,0.36,97.708,3,classical,low
74599,6EJonmjC2pOwKfUHeIZyhu,Geraldo Azevedo;Elba Ramalho,"O Grande Encontro 20 Anos: Alceu, Elba e Geraldo (Ao Vivo)",Bicho de Sete Cabeças - Ao Vivo,41,201413,False,0.482,0.354,9,-10.005,0,0.0345,0.739,0.0,0.913,0.379,104.297,4,mpb,medium
38359,4jByWjGKnLvbd2YZTOcHep,Mild High Club,Timeline,Note to Self,56,140000,False,0.707,0.379,10,-9.93,0,0.0331,0.406,0.000746,0.19,0.677,98.171,4,garage,high
85025,2S9yxu8MLsL0CXoSdGuues,Jimmy Eat World,Alternative Christmas 2022,Last Christmas,0,267493,False,0.532,0.842,2,-6.152,1,0.0403,0.00131,1.2e-06,0.33,0.715,126.042,4,punk-rock,low
18906,6qRg9P6r9Ed6GyIfEu1JaZ,Jim Florentine;Don Jamieson,Terrorizing Telemarketers 7,Shhh!,20,232494,False,0.69,0.766,1,-10.567,0,0.949,0.983,0.0,0.383,0.426,128.693,3,comedy,low
40783,30mZtKJnUgMmlYG58px9S9,Marcelo Markes,Seja Livre,Seja Livre,39,279000,False,0.197,0.268,10,-10.932,1,0.0301,0.882,8.58e-06,0.104,0.125,62.989,5,gospel,medium
40540,5dZ44ovq0lsSvf72vAC1t2,Damares,Diamante (2010),Preciosidade,41,289960,False,0.517,0.708,0,-4.606,1,0.0331,0.621,0.0,0.472,0.514,143.862,4,gospel,medium
111474,2Tz5THgkMOQeaW6DlqAlIa,Massive Attack,Mezzanine,Man Next Door,48,356266,False,0.727,0.666,8,-9.777,1,0.0334,0.0371,0.128,0.157,0.564,129.995,4,trip-hop,medium
41709,71u8PJ0lvjs5RNaTMBXNCJ,Ivory;MIVAS;Mwuana;Simon Superti,SKORPIONERNA,BEBI,24,130212,True,0.766,0.722,9,-5.47,1,0.177,0.149,0.0015,0.119,0.713,94.025,4,goth,low
34740,7lAADZLmAEX1bwqH05dWUT,Jorge Acosta,Kachaka Paraguay,Tu No Sabes Nada,44,193000,False,0.743,0.629,0,-8.647,0,0.0522,0.0103,0.0,0.037,0.907,76.249,4,folk,medium
4541,6pWWikgjtd9ZjEuTQFyjqv,Lights & Motion;Frida Sundemo,Deep Elm Records Sampler 15 - The Great Escape,I See You - Reimagined (feat. Frida Sundemo),0,188481,False,0.128,0.289,0,-13.668,1,0.0331,0.322,0.000707,0.197,0.0745,84.422,3,ambient,low
58484,7jc7WyJQ3dSBwlVntvpPMK,The Klinik,Eat Your Heart Out,Nothing You Can Do,22,300826,False,0.653,0.687,8,-11.573,1,0.0524,0.455,0.894,0.201,0.0376,119.825,4,industrial,low
35331,2deaJznrmjxUrsK4JUTlo3,Toca do Vale,Seu Polícia,Balada do Vaqueiro,42,135209,False,0.662,0.766,10,-5.643,1,0.0506,0.637,0.0,0.243,0.914,97.453,4,forro,medium
16348,6zrC2YUPfktyYR86gUqUNY,Franz Liszt;Vladimir Horowitz,Classical Christmas 2022,"Weihnachtsbaum Suite, S.186 - Transcription by Vladimir Horowitz: 10. Ehemals",0,238040,False,0.398,0.0292,5,-26.388,0,0.0501,0.988,0.81,0.0789,0.0392,126.323,3,classical,low
30456,06kxa3al7bUqRRo5nAFduZ,ILLENIUM;Annika Wells,Nightlight,Nightlight,61,222400,False,0.494,0.651,11,-4.127,0,0.0384,0.0819,0.0,0.104,0.162,149.979,4,edm,high
36239,3LKJLzyN8PlBhHKzuhFs8B,Casseurs Flowters,Orelsan et Gringe sont les Casseurs Flowters,03h53 - Manger c'est tricher,39,264306,False,0.604,0.805,6,-6.917,0,0.823,0.406,0.0,0.658,0.237,83.346,1,french,medium
71525,2gSVKxPDww9Eep5rdvtdem,Limp Bizkit,Chocolate Starfish And The Hot Dog Flavored Water,My Way,73,272973,True,0.576,0.864,6,-3.981,1,0.0462,0.02,1.68e-06,0.683,0.609,97.225,4,metal,high
38232,1EsgUWQsxGBwnu3NATDjiU,The Strokes,Is This It,The Modern Age,57,208306,False,0.53,0.89,2,-6.042,1,0.0328,0.0124,0.759,0.143,0.868,145.958,4,garage,high
110744,6Eukq40cWhZjXSyRmJfUhw,Kosmonova;Technorocker,Next Chapter,Heart Is in Debt - Technorocker Remix,30,169384,False,0.518,0.938,7,-5.046,1,0.299,0.00576,0.0,0.705,0.0933,130.049,4,trance,medium
14713,2LZMUslDYdsB1cNMiI7FBI,The Kiboomers,Top 30 Baby Songs,Hush Little Baby,39,104906,False,0.722,0.368,9,-11.092,1,0.0392,0.733,0.939,0.101,0.433,95.098,4,children,medium
17314,2Qd3WSAVk0JJ6xrJpJqUEd,F.O.O.L,Revenger,Revenger,34,222562,False,0.595,0.879,2,-3.83,1,0.0347,0.00048,0.848,0.115,0.166,110.012,4,club,medium
104611,020Gj87SqDRvzGHELzcCEc,Duncan Dhu,Canciones,Cien gaviotas,59,169773,False,0.593,0.943,9,-4.503,1,0.0424,0.133,4.38e-05,0.0478,0.846,136.027,4,spanish,high
104516,6f9c9qfXKTsPccaUobnhR6,Bebe,Ella,Ella,29,215800,False,0.843,0.797,9,-6.746,0,0.0586,0.269,0.0,0.0465,0.866,118.006,4,spanish,medium
51550,4vVTI94F9uJ8lHNDWKv0i2,Sean Kingston;Justin Bieber,Eenie Meenie,Eenie Meenie,75,201946,False,0.72,0.607,1,-4.168,1,0.0322,0.0543,0.0,0.113,0.828,121.223,4,hip-hop,very_high
59153,7f2dOBhfv8XCjpXmqONyvB,Alphaxone,Underneath,Water Moon,7,680139,False,0.0626,0.0925,8,-31.668,1,0.0396,0.834,0.822,0.149,0.108,61.244,3,iranian,low
72478,1z33QOn2Hcq9SfI5pES25L,Escape the Fate,This War Is Ours (Deluxe Edition),This War Is Ours (The Guillotine II),58,266733,False,0.399,0.955,4,-5.593,0,0.163,0.00838,0.0,0.0759,0.152,95.498,4,metalcore,high
94966,7xK0LBgSUW1RBUHrzifjP3,Dro Kenji,TEARS AND PISTOLS,SAVE ME,55,148236,True,0.798,0.57,6,-6.075,0,0.0447,0.0647,0.0,0.117,0.287,117.947,4,sad,high
28740,1mOTkpuObmqNYrSxxsj9Ll,Barrington Levy,"Original Ragga Muffin, Pt. 1",On the Telephone,27,226246,False,0.817,0.438,9,-7.85,0,0.107,0.000859,0.00572,0.127,0.517,78.652,4,dub,medium
100125,0bTrxSIhhUAydZinOWdbes,Los Caligaris,Canciones Felices,Frijoles,43,196158,False,0.67,0.776,9,-6.459,0,0.0342,0.516,0.0,0.144,0.967,95.022,4,ska,medium
96633,4VooxXqh0kzJwejzx2ounP,Douglas Germano,Escumalha,Àgbá,37,303106,False,0.673,0.738,4,-9.625,0,0.0495,0.602,0.0124,0.125,0.903,107.431,5,samba,medium
13397,6UvFeT5raP554IVlhPRa6C,Jomanda,90s Dance Anthems,Got a Love for You,10,309266,False,0.833,0.604,8,-12.002,0,0.055,0.0103,0.000446,0.052,0.97,120.313,4,chicago-house,low
14539,6L4SJsSlrgMaf4wA5ZfWjs,Sweet Little Band,Lullabies Rock Vol 3,And I Love Her,32,188871,False,0.708,0.258,2,-14.208,0,0.0385,0.788,0.705,0.106,0.364,113.01,4,children,medium
42934,3WG1vMf7pderKNGqzRVxjQ,The Tony Danza Tapdance Extravaganza,Danza II the Electric Boogaloo,You Gonna Buy the Beers or the Whole Damn Bar,12,193019,False,0.198,0.989,10,-5.037,0,0.125,5.33e-05,0.00322,0.379,0.0714,101.198,1,grindcore,low
17,4Yo0igmcoNyat1secaH0OD,Andrew Foy;Renee Foy,At My Worst,At My Worst,54,169728,False,0.795,0.0841,10,-18.09,0,0.0461,0.742,1.17e-05,0.0853,0.609,91.803,4,acoustic,high
56580,2wKnd1pYGtZlBaZvpLwIDn,sad alex;Caleb Hearn,room for you,room for you,59,132521,False,0.73,0.439,1,-10.148,0,0.0557,0.701,0.000524,0.199,0.309,115.063,4,indie-pop,high
103376,4g0jzFkwHlO93vAilrQtIY,The Jackson 5,Holidays Are Coming,I Saw Mommy Kissing Santa Claus,0,181360,False,0.582,0.705,3,-8.169,1,0.0539,0.29,1.38e-06,0.797,0.64,128.89,4,soul,low
22394,6E5JfpcW45qADWg6Wy5Jp8,Through The Eyes of the Dead,Bloodlust,Beneath Dying Skies,24,173573,False,0.27,0.978,4,-4.22,1,0.119,0.00058,0.862,0.415,0.499,108.593,3,death-metal,low
53871,6AinKYxrQuioECwavX1XQn,Alesso;Sick Individuals,We Go Out,We Go Out,63,170010,False,0.411,0.929,6,-2.393,0,0.0558,0.00045,0.848,0.347,0.312,126.017,4,house,high
58890,53QYoW9TegrLAQFMs3tAzB,CKY,Carver City,Rats in the Infirmary,22,210693,False,0.431,0.988,7,-3.761,0,0.0932,0.000107,0.0,0.0634,0.153,101.996,4,industrial,low
58214,0iP3AAzdzUG3g8iuFcW4bZ,Mushroomhead,M3,Xeroxed,28,175919,True,0.329,0.835,11,-5.418,1,0.175,0.0154,0.019,0.131,0.188,92.511,3,industrial,medium
10615,2NjdIu2UeJSqo5EOPvHoxF,Stanton Warriors;Keith Thompson,Rise,Let Go,13,231693,False,0.601,0.849,4,-6.654,0,0.0338,0.00151,0.114,0.104,0.0781,126.99,4,breakbeat,low
10628,1YVogKG7ALdngYNlBKVrMl,Aquasky,"Shadow Era, Pt. 1 (Remasters)",Kuana - Remaster,12,467603,False,0.56,0.849,10,-7.307,0,0.0464,0.000558,0.854,0.537,0.415,158.096,4,breakbeat,low
51303,5uEYRdEIh9Bo4fpjDd4Na9,Travis Scott;HVME,Goosebumps (Remix),Goosebumps - Remix,81,162802,True,0.841,0.593,1,-7.846,1,0.0379,0.418,0.0,0.124,0.808,124.917,4,hip-hop,very_high
23164,6h8NuIBrwMcXkoLZNPqCzt,Furkan Sert;Elnur Mikayilov,Alone,Alone,49,225226,False,0.74,0.535,4,-6.881,0,0.0423,0.309,0.417,0.106,0.229,99.99,4,deep-house,medium
84184,6ToM0uwxtPKo9CMpbPGYvM,The Doors,The Doors,Break on Through (To the Other Side),72,145866,False,0.421,0.751,9,-9.584,1,0.0472,0.2,0.0,0.17,0.789,89.839,4,psych-rock,high
56784,1kJvdhrr9MHOZ1e1PhTXTG,Prateek Kuhad,The Way That Lovers Do,Drown,41,167586,False,0.358,0.58,5,-9.924,1,0.045,0.768,0.0058,0.127,0.352,98.853,4,indie-pop,medium
80893,6kXGGT1zngi3GsxgCbxclU,Asha Bhosle;Mohammed Rafi;R. D. Burman,Teesri Manzil,O Haseena Zulfonwale Jane Jahan,56,415236,False,0.387,0.649,0,-5.197,1,0.0571,0.681,5.57e-06,0.3,0.779,92.682,4,pop-film,high
18255,3xJm0qkhTO2bwBoIHlxW1D,Iliza Shlesinger,War Paint,Second-Hand Cattery,25,306872,True,0.629,0.916,2,-5.697,1,0.93,0.829,0.0,0.722,0.287,87.506,4,comedy,medium
112472,5rJxR79Sthj9fhJZSNossM,Hayki,ICONIQUE,Hangisi Doğru,40,182303,True,0.751,0.731,6,-6.601,0,0.341,0.152,0.0,0.202,0.491,139.841,4,turkish,medium
68476,4WxMqMk1waoa4nCUZlBuJE,Kevin Roldan,Reggeaton Imperdible,PPP,0,129332,False,0.798,0.625,4,-6.83,1,0.13,0.383,3.33e-05,0.125,0.774,92.994,4,latino,low
60064,1yv3aBLO9rgyEHmAR7jI1M,Tokyo Machine,ROCK IT,ROCK IT,52,191250,False,0.868,0.55,0,-4.732,0,0.171,0.00745,0.839,0.0407,0.615,128.018,4,j-dance,high
43521,0oNMDziM8JjAo3Ec1KD5wi,Hakan Akkus,I Can't Be,I Can't Be - Radio Mix,44,194015,False,0.685,0.819,10,-6.708,0,0.0292,0.278,0.0562,0.182,0.44,119.998,4,groove,medium
24224,0sNvIQaoVLoNY2Z9CH8Okj,Moodymann,Silence In The Secret Garden,Sweet Yesterday,10,309533,False,0.887,0.393,1,-12.857,1,0.244,0.0158,0.000189,0.433,0.687,116.479,4,detroit-techno,low
79927,3RYoQuF5Wfw425VwQEiMBo,BigRicePiano,Stories in the Rain,The Scent of Rain,45,228529,False,0.472,0.143,5,-25.115,0,0.0661,0.896,0.0712,0.0705,0.443,115.946,4,piano,medium
76243,0oh4eleh8uupMQS6dZNigO,Giacomo Puccini;Luciano Pavarotti;National Philharmonic Orchestra;Nicola Rescigno,Nessun Dorma - Puccini's Greatest Arias,"Tosca / Act 3: ""E lucevan le stelle""",27,180426,False,0.231,0.207,11,-16.318,0,0.0407,0.978,0.0163,0.0889,0.0673,139.623,4,opera,medium
62853,0K8HZrpxySH9R001UPv8H5,Galileo Galilei,サークルゲーム,青い栞,44,338960,False,0.543,0.728,4,-5.403,1,0.0292,0.0154,1.42e-05,0.136,0.257,132.001,4,j-pop,medium
61847,2e7LBdeiidf0ZC5Qj52u0G,STU48,無謀な夢は覚めることがない【劇場盤】,奇跡という名のストーリー,19,242099,False,0.368,0.826,6,-3.448,1,0.0421,0.0572,0.0,0.203,0.663,83.102,4,j-idol,low
7358,6gIltQLpqAjGaYClJQgoSQ,Alison Krauss & Union Station,New Favorite,Daylight,24,243400,False,0.516,0.466,2,-8.023,1,0.0288,0.524,1.01e-05,0.0936,0.455,125.18,4,bluegrass,low
81760,1fkjRQA8wXPPyxqYLbxuqy,Vishal-Shekhar;Sanam Puri;Shipra Goyal,Hasee Toh Phasee (Original Motion Picture Soundtrack),Ishq Bulaava,66,303640,False,0.579,0.713,7,-7.334,1,0.0318,0.617,3.33e-05,0.118,0.635,159.915,3,pop,high
99062,0tEAGQTo2PXnWFKn99x0a7,Osho Jain;Melissa Srivastava,"Uljhe Hue (From ""Uljhe Hue"")","Uljhe Hue - From ""Uljhe Hue""",51,112750,False,0.532,0.123,5,-10.427,1,0.0346,0.908,0.0,0.0729,0.256,76.569,4,singer-songwriter,high
85060,6otiaV2fagE3s8IvP6WkwG,Simple Plan,"No Pads, No Helmets...Just Balls (15th Anniversary Tour Edition)",I'm Just a Kid,72,198333,False,0.527,0.834,1,-5.531,1,0.0447,0.00107,0.000102,0.0993,0.422,110.065,4,punk-rock,high
27373,5kLAcA8AEzTN5kmVJ5mPXP,Artificial Intelligence,The Series,Savour,18,273488,False,0.61,0.706,1,-5.682,0,0.0476,0.0196,0.808,0.153,0.0825,85.999,4,drum-and-bass,low
41314,228ZhwXbX1nzXDlRHwJoDk,ShitKid,This Is It,High Way,26,166624,False,0.602,0.935,5,-0.971,1,0.0412,0.000803,0.079,0.722,0.187,130.221,4,goth,medium
71044,0v8tmDMQrTMavluubqAJo4,Red Hot Chili Peppers,80s Bangers Vol. 2,Higher Ground - Remastered,1,202053,False,0.476,0.979,4,-3.504,0,0.133,0.00142,0.00686,0.0944,0.394,140.408,4,metal,low
41681,06PQxdJBWTeHeId32AI9oS,Roffe Ruff,Bootlegs,Skit,23,73213,False,0.749,0.862,9,-3.552,1,0.212,0.648,0.0,0.325,0.963,98.993,4,goth,low
40097,32b1k1AKy89SsqjDRf1jPL,Amanda Ferrari,Eu Vejo Deus,O Relógio de Deus,48,299200,False,0.567,0.828,0,-3.24,1,0.0322,0.489,0.0,0.368,0.657,145.927,4,gospel,medium
108455,6GLxiIefH1UoUH4JG9yVMX,Sandra Luna;Franco Luciani;Leonardo Andersen;Pablo Motta,Inmensidad,Naranjo en Flor,20,232089,False,0.419,0.228,9,-11.482,1,0.0758,0.902,1.88e-05,0.108,0.281,170.049,4,tango,low
88938,62agzDjK1fD7WqKpjaLWKD,Jd Pantoja,Halloween 2022 Perreo Vol. 5,Error,0,230066,False,0.576,0.593,7,-8.091,1,0.216,0.762,0.00115,0.118,0.519,175.784,4,reggae,low
50180,7a51mP6PNnZH0B1Qs8mIVI,Carajo,Carajo,El Vago,30,180520,False,0.422,0.979,1,-2.919,1,0.0996,4.96e-05,0.000746,0.271,0.643,163.922,4,heavy-metal,medium
87719,1Je6kbDzxcqsVDdbVJSJB9,DJ Jamaika,Utopia - Se Fosse Sempre Assim...,Tô Só Observando,42,295209,False,0.789,0.564,7,-8.222,1,0.136,0.0623,0.0,0.138,0.445,93.683,4,r-n-b,medium
52733,3yTH2SF9KL6mQwVxezaBKN,George Jones,Fine Country Wine,Heartaches And Hangovers,12,134666,False,0.483,0.533,9,-12.519,1,0.0424,0.403,0.0,0.238,0.852,156.817,4,honky-tonk,low
96571,6EEDuy7cieppsAqgEvCkkL,Dominguinhos,Ao Vivo,Eu Só Quero um Xodó (Ao Vivo),40,178200,False,0.46,0.613,5,-11.462,1,0.0553,0.715,3.65e-05,0.552,0.751,177.381,4,samba,medium
11560,6gf9RW0DKG5GUZJcCMGSje,Charlie Cunningham,Permanent Way,Permanent Way,20,252080,False,0.561,0.55,8,-17.419,1,0.037,0.77,0.476,0.0921,0.446,147.01,4,british,low
40212,2C8aTCVZAiPad7Tb9CsVjD,Rodolfo Abrantes,De Malas Prontas,De Malas Prontas,44,394353,False,0.59,0.489,9,-7.864,1,0.0259,0.124,0.0269,0.0926,0.302,79.974,4,gospel,medium
98369,5lnw6SzxJzakJFLCjauxml,Brian Stokes Mitchell;Lea Salonga,Centaurworld: S2 (Soundtrack from the Netflix Series),"Elk Tour Suite, Pt. 1 & 2",27,98733,False,0.414,0.291,0,-11.293,1,0.0428,0.863,1.51e-06,0.0852,0.09,110.511,3,show-tunes,medium
19154,14kPhDLHvuDXVlOWS6hzJq,Blake Shelton,Merry Christmas,Jingle Bell Rock,1,123400,False,0.65,0.736,0,-5.222,1,0.0378,0.122,0.0,0.0998,0.595,129.941,4,country,low
55944,6H5ha56M8Go3VjOwEV9L5P,Manikka Vinayagam,Perarasu (Original Motion Picture Soundtrack),Pondatiya Nee,41,250676,False,0.658,0.839,6,-7.753,0,0.217,0.0853,0.0,0.0798,0.69,123.864,4,indian,medium
102439,5jSV49gFlnc8FgpvjOCcM4,Rasmus Hagen;Ebba Bergendahl,Love & Hurt,Someone Just Like You,54,196235,False,0.657,0.582,1,-5.762,1,0.0776,0.0623,0.00211,0.215,0.291,169.971,4,songwriter,high
20055,2JzZzZUQj3Qff7wapcbKjc,Wiz Khalifa;Charlie Puth,See You Again (feat. Charlie Puth),See You Again (feat. Charlie Puth),82,229525,False,0.689,0.481,10,-7.503,1,0.0815,0.369,1.03e-06,0.0649,0.283,80.025,4,dance,very_high
58867,4oPFPxf8O14i54EXm5J0dL,Centhron,Allvater,De Sade,22,238826,True,0.458,0.984,7,-4.721,0,0.155,0.0028,0.0253,0.0428,0.307,144.996,4,industrial,low
13618,2gyyOfclYefzuTQ7yugcBn,Jovonn,Goldtones,It's Gonna Be Alright - Be Smoove Dub,8,399244,False,0.858,0.644,8,-8.804,1,0.0737,0.0726,0.922,0.118,0.203,120.898,4,chicago-house,low
38425,3RdQfyk7BBxxIx0zSnCBIw,The White Stripes,Elephant,The Hardest Button to Button,63,212888,False,0.694,0.515,4,-8.663,0,0.0736,0.00666,0.622,0.0884,0.566,128.246,4,garage,high
94340,7KsPZpmPqvllzDSpY52Gyw,Fresco Trey,Evergreen,Need You,0,173065,True,0.718,0.596,11,-8.195,0,0.053,0.073,0.0,0.0796,0.475,87.977,4,sad,low
2135,4GPQDyw9hC1DiZVh0ouDVL,The Black Keys,OK Boomers - Top Tunes,Keep My Name Outta Your Mouth,0,189356,False,0.597,0.702,11,-4.767,1,0.0445,0.0197,0.01,0.125,0.645,83.507,4,alt-rock,low
76404,3YFvfJ0T17wpehv8wHF6gM,Órla Fallon,Lullaby Time,Who Knows,22,207870,False,0.311,0.136,7,-14.728,1,0.0388,0.993,0.147,0.119,0.242,111.754,3,opera,low
102551,1Ph96WpdjNlwD6iKRE2Xa3,Aidan Bissett,More Than Friends,More Than Friends,70,183012,False,0.559,0.655,6,-6.792,1,0.051,0.58,0.000155,0.124,0.667,160.016,4,songwriter,high
10765,7oqZVbE2W4MCoMS34PPDr3,DJ Icey,LDN Selection,Stingray,12,251520,False,0.778,0.932,6,-3.823,1,0.0431,0.000543,0.665,0.093,0.468,124.976,4,breakbeat,low
103831,0IOeTm4kj6ONgNRWnFQokD,Peggy Lee,Weihnachten Musik,Happy Holiday,0,115506,False,0.369,0.499,6,-9.301,1,0.0448,0.829,1.75e-06,0.154,0.69,192.76,3,soul,low
30777,3z5ITnx50sxmTospLAcM03,DJ Snake;Dhee;Arivu;Santhosh Narayanan,Enjoy Enjaami - Spotify Singles (with Dhee feat. Arivu & Santhosh Narayanan),Enjoy Enjaami - Spotify Singles (with Dhee feat. Arivu & Santhosh Narayanan),49,167058,False,0.815,0.688,0,-6.101,1,0.0659,0.00159,4.11e-06,0.111,0.641,101.968,4,edm,medium
112919,5TXf2XLpamuB1Xwz4Kc7v5,Orhan Gencebay,Yarabbim,Yarabbim,37,304226,False,0.381,0.43,7,-9.565,1,0.0344,0.33,0.0,0.151,0.535,137.901,4,turkish,medium
50941,7qD37fdKHN4h9we5DwUen3,OConnor,Estamos Pariendo,Correr Y No Volver,19,196400,False,0.488,0.58,10,-5.845,1,0.0248,0.00145,5.56e-06,0.117,0.258,91.944,4,heavy-metal,low
107641,2XqVbKQVU7P8r3XuUkKjH1,Duran Duran,The Singles 1986-1995,Ordinary World,26,277760,False,0.507,0.716,1,-4.98,0,0.0311,0.0129,1.59e-05,0.324,0.302,140.056,4,synth-pop,medium
89708,1c2vVx6knoiZHXbJJ9Mk8L,Justin Quiles;Robin Schulz,AEIOU,AEIOU,74,161880,False,0.689,0.856,5,-3.394,0,0.0813,0.0493,0.0,0.232,0.706,126.108,4,reggaeton,high
70544,6G2IcPtB3fvF4RLyanDBQQ,A-Lin,幸福了 然後呢 (影音慶功版),幸福了 然後呢,53,307706,False,0.546,0.701,1,-4.699,1,0.0401,0.103,0.0,0.087,0.281,135.848,4,mandopop,high
24062,54U6FgLT46c8pNpDBUx54m,Scan 7,Sooner Than Later EP,The Best Is Yet to Come,13,393989,False,0.801,0.551,9,-8.173,0,0.0536,0.0476,0.834,0.0853,0.839,127.007,4,detroit-techno,low
26576,5y4vD9DipDwTCKGJHlADak,The Sleep Diaries,Lullaby Versions of Disney Classics,"Baby Mine (from ""Dumbo"")",21,206408,False,0.412,0.0123,0,-25.633,0,0.0468,0.988,0.939,0.123,0.107,67.189,4,disney,low
28276,5pEp6XC5eTYltaCChB85BH,WRATHE;MEDZ,Firelight,Firelight,41,209551,False,0.442,0.721,10,-5.17,1,0.0391,0.258,2.66e-06,0.221,0.373,144.926,4,dub,medium
68389,1Gq202pQaNT0U9lbcVrPha,Chris Jedi;Joey Montana,Hora del taco sin auto,Dale Hasta Abajo,0,211560,False,0.686,0.915,10,-2.756,0,0.0449,0.079,0.000275,0.107,0.743,100.003,4,latino,low
50778,4Sw097X34TITZkulIIh42b,Pappo;Omar Mollo,"Pappo y Amigos, Vol. 2",La Adivina,21,259826,False,0.328,0.762,2,-5.071,1,0.0351,0.00377,0.191,0.252,0.386,118.48,4,heavy-metal,low
70121,56XA4OXsgEMDpjJJyHyYaQ,Z.TAO,The Road,Black White,36,236054,False,0.571,0.748,9,-4.539,0,0.0549,0.184,0.0,0.141,0.204,139.834,4,mandopop,medium
78124,1rtjZVYQOGcQj5KVBeSB8N,Micha von der Rampe,Ballermann Hits Party 2023,"Geil man, Wochenende",0,129931,False,0.767,0.944,0,-4.07,1,0.116,0.148,0.0,0.0896,0.614,145.032,4,party,low
14405,025HtQSZfK801f3dnWsrRT,LooLoo Kids,"The Best Songs for Kids, Vol. 2","One, Two, Buckle My Shoe",41,60600,False,0.798,0.827,8,-6.267,1,0.0404,0.0523,1.18e-05,0.0731,0.97,99.98,4,children,medium
19646,4LILQ0tq8SoF29dkAX6RXf,Joe Diffie,16 Biggest Hits,Pickup Man,46,216400,False,0.712,0.745,7,-7.141,1,0.0389,0.408,0.0,0.346,0.843,140.621,4,country,medium
65818,63mL1DdcSFfxVJ9XGnSRQz,TWICE,BETWEEN 1&2,Basics,73,176973,False,0.778,0.8,2,-3.529,1,0.227,0.254,0.0,0.139,0.585,137.997,4,k-pop,high
66523,0BiiNjv8ep4shOvPbRkHwa,Koo Koo Kanga Roo,Rad-Trospective,Pirate Prep,12,171012,False,0.701,0.648,0,-5.991,1,0.219,0.00114,0.000229,0.0724,0.83,180.011,4,kids,low
280,4yRlTvPVfEyhXfp6GZurq9,Austin Plaine,Austin Plaine,Never Come Back Again,57,196240,False,0.594,0.695,8,-8.872,1,0.0259,0.19,3.58e-06,0.119,0.172,104.977,4,acoustic,high
67061,7af1WixhIA44jYgzXU19da,Daddy Yankee;Bad Bunny,Bájale como 7500,Vuelve,2,279613,False,0.734,0.531,1,-5.662,1,0.0321,0.196,0.0,0.119,0.199,130.025,4,latin,low
45296,28VbHm0Bjr7CiFdgRyxVFc,Cuco Sánchez,"Corridos, Rancheras, Huapangos y más",Un corazón olvidado,27,211480,False,0.48,0.0797,2,-19.932,0,0.0357,0.993,0.594,0.106,0.134,86.993,4,guitar,medium
57169,7eadaD2SBArRbebB9CP70X,Osho Jain,Tu Aisa Kaise Hai?,Tu Aisa Kaise Hai?,54,214821,False,0.731,0.143,2,-16.589,1,0.0334,0.843,3e-05,0.308,0.452,111.881,4,indie,high
349,1igSa6QILI1jyE970ZMYW1,Matt Costa,Acoustic Christmas Campfire,I Bet On Flying High,0,155000,False,0.543,0.359,8,-6.571,1,0.0302,0.651,0.0,0.0981,0.346,109.735,4,acoustic,low
60391,13BMiB0dRhu1NFKRwGjzzT,Norris Man;Mikelino Rutz;Filomuzik,War War War (Drum Song Riddim),War War War - Drum Song Riddim,24,227167,False,0.675,0.681,9,-8.155,0,0.212,0.264,0.0,0.115,0.916,173.06,4,j-dance,low
23805,3z7AceXFwECHGH26FOy3u8,The Him,White Lies,White Lies,36,184054,False,0.688,0.636,9,-6.857,0,0.0416,0.0527,7.93e-06,0.116,0.429,111.004,4,deep-house,medium
82853,4Nm1WuaXkTq1vT5YLSNVxh,Direct Hit!,Wasted Mind,Was It the Acid?,21,151520,False,0.391,0.986,8,-2.713,1,0.131,0.000633,1.55e-05,0.0595,0.872,194.047,4,power-pop,low
32229,4A9kMqwijHsdsnkoluwkoJ,Valentino Khan;NITTI,Your Body,Your Body,58,157500,False,0.819,0.96,4,-0.166,1,0.0787,0.00374,0.605,0.0382,0.775,128.042,4,electronic,high
28830,6SAYyzfj00qgS35oY5t6w7,Virtual Riot;Disciple,Spicy Riddim Drums Vol. 2 [Sample Pack Demo],Spicy Riddim Drums Vol. 2 [Sample Pack Demo],44,140788,False,0.679,0.981,2,-0.999,1,0.0906,0.0067,0.233,0.794,0.633,150.034,4,dub,medium
9699,4Cv0zyNdOe46nuIablBQf1,Rose Nascimento;John Nascimento,Uma Questão de Fé,O Tempo de Deus (feat. John Nascimento),45,247053,False,0.584,0.615,6,-4.424,1,0.0304,0.764,0.0,0.149,0.394,115.991,4,brazil,medium
90777,08qQS8u0SqbiZ8hnUKxJlh,Mike Laure,Boleros Con Mike Laure,Tampico,29,140701,False,0.705,0.465,5,-6.449,1,0.0302,0.677,0.0,0.215,0.811,130.977,4,rock-n-roll,medium
65805,2bZIDMpzVooosmPHn0tHnd,STAYC,STEREOTYPE,STEREOTYPE,71,191695,False,0.605,0.805,6,-3.212,1,0.0641,0.313,0.0,0.659,0.738,148.298,4,k-pop,high
33197,597aCxegHjHbYJDaiq2cSF,New Found Glory,Rock n Roll Christmas,Nothing For Christmas,0,215200,False,0.552,0.443,7,-7.558,1,0.0276,0.776,0.0,0.101,0.448,111.895,4,emo,low
21838,5W7EL5ZYGwoWhFO9veyiJo,EMCI FLOW,Ella Prefiere,Ella Prefiere,26,137931,True,0.709,0.864,11,-3.819,0,0.1,0.0338,0.0,0.117,0.674,87.041,4,dancehall,medium
43548,4mbCGJ9s5J070dQoErgwe5,Novo Som,Herói dos Heróis,Herói dos Heróis,28,245342,False,0.52,0.763,9,-4.726,0,0.0297,0.043,0.0,0.171,0.224,140.067,4,groove,medium
87243,40L8OVaEpyF7KTRWTNvJGY,The Platters,Classic Christmas Music 2022,"Rudolph, The Red Nosed Reindeer",0,112960,False,0.576,0.682,3,-4.212,1,0.0369,0.726,0.0,0.236,0.919,145.274,4,r-n-b,low
65241,3EPxiSj3RsjMMdKCM7pthV,Vijay Antony;Karthik;Charulatha Mani,Velayudham (Original Motion Picture Soundtrack),Chillax,56,265853,False,0.691,0.855,7,-6.841,1,0.161,0.503,5.37e-05,0.264,0.847,75.003,4,k-pop,high
42204,51aikGFXvCqO6WkGOkAPqF,Antigama,Whiteout,Debt Pool,14,145746,False,0.298,0.99,9,-5.691,1,0.188,2.89e-06,0.639,0.262,0.229,127.804,4,grindcore,low
57527,6pkR6jHUCqZY1rkjDiXLTR,Aditya A;Saiwariya,Chhodo Kalaiya,Chhodo Kalaiya,46,193263,False,0.639,0.459,4,-10.431,1,0.0298,0.86,0.002,0.0781,0.294,95.01,4,indie,medium
79668,4hV0rODQtqQBzlAmfjBzcv,Smyang Piano,Silver Lining,Shadow,35,130285,False,0.608,0.473,9,-12.25,0,0.0717,0.889,0.942,0.089,0.103,139.867,4,piano,medium
59900,6qzjlkEeWZW0CxAeZYkjqn,Mahdyar,Seized,Iran Iraq,2,241770,False,0.139,0.81,1,-5.082,1,0.0835,0.174,0.013,0.0666,0.312,86.677,4,iranian,low
20068,5da9b5VNMVtlcODdACt6Tc,Bruno Mars;Anderson .Paak;Silk Sonic,Autumn Hits,Love's Train,1,307014,False,0.71,0.625,6,-9.008,0,0.0295,0.029,1.1e-05,0.108,0.784,140.994,4,dance,low
19548,2KM8qFw8vlV0m0HFBBoNxm,Steve Miller Band,Halloween Party 2022,Abracadabra,0,308373,False,0.791,0.534,9,-13.261,0,0.0355,0.0749,1.99e-06,0.156,0.963,127.488,4,country,low
34942,6m4pOsHiyoJkipPDtkc1p2,Jorge Acosta,Kachaka Paraguay,Vestidito Negro,42,183000,False,0.63,0.791,4,-5.602,1,0.0338,0.277,0.000698,0.109,0.96,79.248,4,folk,medium
45287,0cpq28309jfgmz8HKLqjJB,William Luna,Hasta el Final,Negra del Alma,28,191960,False,0.728,0.702,7,-4.803,1,0.055,0.324,0.00104,0.108,0.936,83.962,4,guitar,medium
31915,35seOt4wMvu7gWzYFwqNGh,Tove Lo,Grapefruit,Grapefruit,70,231333,False,0.724,0.684,2,-5.129,1,0.0342,0.00134,0.000441,0.151,0.163,105.0,4,electro,high
47055,7snQQk1zcKl8gZ92AnueZW,Guns N' Roses,Appetite For Destruction,Sweet Child O' Mine,79,356066,True,0.446,0.952,6,-5.321,1,0.0523,0.0901,0.0857,0.112,0.624,125.303,4,hard-rock,very_high
58303,66I3MPPb1iMGgKVNTZOGc7,Soil,Scream: The Essentials,Unreal,53,198306,True,0.518,0.838,6,-6.125,1,0.0509,0.000592,9.26e-05,0.324,0.324,99.006,4,industrial,high
101827,06F9BXICoL5WZAiCc4JIOq,Baby Sweet Dream,Baby White Noise Series - White Noise Collection,Clothes Dryer,33,300000,False,0.395,0.161,8,-30.868,1,0.0562,0.894,0.341,0.12,0.0396,123.577,4,sleep,medium
99068,5h1L6nOR9QYXeeNW14aeus,Prateek Kuhad,Pause,Pause,51,171149,False,0.619,0.277,11,-11.771,1,0.0322,0.892,0.0542,0.116,0.435,111.576,4,singer-songwriter,high
58993,1N8B733LdAY38W9kTkXTLO,Blutengel,Wir sind das Licht,Wir sind das Licht,22,271057,False,0.532,0.868,8,-4.761,1,0.0351,0.00439,0.0393,0.0931,0.739,116.004,4,industrial,low
2926,0jdfbvSdaWvxfAlD20TtNc,Yaşlı Amca,Akşamüstü,Sanki Yapamadım,44,213198,False,0.442,0.567,8,-6.346,0,0.0516,0.238,0.000325,0.0852,0.639,138.616,0,alt-rock,medium
101168,5aw0QGRRtJmi7nVvKyRaHJ,Traditional;Richard Benson and His Orchestra,"Remastered Christmas Classics, Richard Benson and His Orchestra",The First Noel (Remastered 2014),0,196330,False,0.285,0.316,2,-7.842,1,0.0301,0.688,0.883,0.0708,0.177,126.905,4,sleep,low
29466,1bVslz2XV2aF98w9JQekiA,WRATHE,Just a Dream,Just a Dream,39,201931,False,0.409,0.693,7,-7.833,0,0.042,0.132,0.0,0.105,0.281,144.717,4,dubstep,medium
82176,25UEMYOAjBNiPpjJ4frzmc,Screeching Weasel,Boogadaboogadaboogada! (2020 Remaster),Dingbat,30,118880,False,0.348,0.972,10,-5.698,1,0.0826,0.0164,0.0,0.366,0.812,138.368,4,power-pop,medium
60903,3hPhZlKm7BjfpspEsl2amP,Fetty Wap,The Butterfly Effect,Remember Me,42,102773,True,0.713,0.609,6,-7.696,0,0.173,0.16,0.0,0.0987,0.495,173.0,4,j-dance,medium
9056,47PieBHqNxpbLZqsDAUCI4,BK;JXNV$,Castelos & Ruínas,O Próximo Nascer do Sol,52,186806,False,0.618,0.732,4,-5.594,0,0.374,0.622,0.0,0.141,0.434,89.843,3,brazil,high
58361,55mbwqVqbQSPYPWfpQ9K8S,Celldweller,Satellites,Blind Lead the Blind,40,359839,False,0.446,0.925,10,-5.311,0,0.0762,0.000267,0.00769,0.0811,0.456,180.002,4,industrial,medium
6915,6RqT1YOVMVjDATyYKsBpaO,Behemoth,Ov My Herculean Exile,Ov My Herculean Exile,39,283791,True,0.411,0.937,4,-5.001,0,0.0571,1.94e-05,0.0245,0.153,0.225,110.972,3,black-metal,medium
17174,6H8ceuSNpEiLToX9pZpKuZ,DEADLIFE;Scandroid,God in the Machine (Deluxe Edition),Obsolete,49,345000,False,0.489,0.895,1,-4.471,1,0.0793,0.00103,0.0,0.0905,0.348,92.038,4,club,medium
49191,1UVpssTkGk1wgHcnzLpPbd,Ricardo Moreno,Bestel Mar (Rowwen Hèze),Bestel Mar (Rowwen Hèze),29,205042,False,0.61,0.905,0,-3.034,1,0.0481,0.00396,0.11,0.0449,0.411,159.982,4,hardstyle,medium
51475,4enBboQxIXJ104dP5MFQGw,Amar Sandhu,Bapu Tere Karke,Bapu Tere Karke,61,230561,False,0.726,0.654,4,-3.932,0,0.051,0.436,0.0,0.156,0.388,149.872,4,hip-hop,high
2129,6RLT4oQWaW3WiBmuTFBZnI,Volbeat,Halloween Spooky Party 2022,The Devil's Bleeding Crown,0,238653,False,0.321,0.909,11,-4.612,1,0.041,1.62e-05,0.139,0.0442,0.209,109.653,3,alt-rock,low
59280,3KZ72YyftIV2SzjVuOAg3G,Ekwon,"Born in Shroud, Dead in Womb",Captivity Spinal Cord,0,282454,True,0.506,0.975,7,-4.609,1,0.0763,4.31e-06,0.933,0.402,0.102,119.946,4,iranian,low
13358,1HGOJztCVG2y55o64k4eZy,Cajmere;Dajae,Satisfy (Tiger Stripes and Pleasurekraft Mix),Satisfy - Tiger Stripes and Pleasurekraft Mix,11,369000,False,0.892,0.879,9,-6.094,0,0.152,0.00366,0.513,0.0452,0.376,126.0,4,chicago-house,low
6231,2xfDn2qd2aJpa8SVXEkBko,Exciter,The Dark Command,Aggressor,21,212533,False,0.257,0.998,4,-2.859,0,0.14,3.19e-05,0.00722,0.0624,0.0597,152.167,4,black-metal,low
81644,62mo6hlcn33B701x3TVdrH,Feid;Sky Rompiendo,Perreo Tenebroso Vol. 3,RELXJXTE,0,185813,False,0.859,0.575,6,-6.845,1,0.0798,0.0941,0.00018,0.105,0.607,93.007,4,pop,low
48567,7Az6p2HwiQV7ObDoEdj7fG,Sharkbite,This Reality,Set Us Free,31,182270,True,0.482,0.865,5,-6.495,0,0.101,0.00134,0.0,0.349,0.561,89.359,4,hardcore,medium
39684,5qabhxU1LrxMEnp5EA8QAC,Beyazz,Kara Tape 2,Ewigkeit,40,141940,False,0.755,0.703,1,-7.494,0,0.168,0.159,0.0,0.161,0.331,82.015,4,german,medium
27679,6CL0mDM76StdNtphwBUR1s,Goldie;Mixed By: Goldie & Rob Playford;Rob Playford,Saturnz Return,Digital,17,353266,False,0.72,0.842,8,-6.556,1,0.324,0.0258,0.0,0.0837,0.362,82.743,4,drum-and-bass,low
33525,0GqXL0ROjQdilnnQlL2QpR,Richwhite;C.R.O,Muerto en Vida,Muerto en Vida,38,257000,False,0.615,0.558,1,-8.376,0,0.0341,0.891,0.0114,0.1,0.175,122.329,4,emo,medium
29515,6kYZXHza47jqW78T17U3G0,PhaseOne;Micah Martin,Hanging By A Thread,Hanging By A Thread,49,195200,False,0.529,0.958,4,-2.759,0,0.091,0.000628,0.0,0.664,0.619,149.969,4,dubstep,medium
14808,6slPnoB1GjP34FOEPdgOxL,The Kiboomers,150 Preschool Songs,Baby Bumblebee,52,73845,False,0.937,0.299,5,-6.804,1,0.04,0.725,0.0,0.07,0.788,104.089,4,children,high
18151,5r96TaQquRrlo3Ym3ZlSL2,"""Weird Al"" Yankovic",Bad Hair Day,"Amish Paradise (Parody of ""Gangsta's Paradise"" by Coolio)",58,202920,False,0.728,0.448,8,-10.54,1,0.172,0.103,0.0,0.267,0.483,80.902,4,comedy,high
16034,18fjez7hjQ13XLSRqgtven,Johann Sebastian Bach;Boston Pops Orchestra;Arthur Fiedler,Classical Christmas,Cantata BWV 208 (Arr. William Walton): Sheep May Safely Graze,0,283933,False,0.0965,0.2,10,-16.97,1,0.0393,0.967,0.958,0.169,0.238,78.351,4,classical,low
94969,4ak6aB6Lar1U9swfCVTSVv,Eric Reprid,Cold World,Cold World,49,179993,True,0.815,0.711,0,-4.278,1,0.108,0.496,0.0,0.109,0.336,130.102,4,sad,medium
12903,1wdPW3bn0ysQVdRhWET6XL,Candy Lo,哲學家,哲學家,32,274545,False,0.55,0.373,2,-9.006,1,0.0306,0.822,0.000589,0.112,0.471,131.947,4,cantopop,medium
111698,2lKO9o6HtGXrgwTjCn3J2F,Everything But The Girl,The Language of Life (Deluxe Edition),Get Back Together - 2013 Remaster,19,236800,False,0.819,0.696,9,-8.536,0,0.0283,0.308,1.02e-06,0.0507,0.948,120.274,4,trip-hop,low
44988,3v5cS4gKxpJqxUu4wz3DvG,Live,Awake The Best Of Live,Heaven,25,226080,False,0.518,0.825,3,-5.775,1,0.0307,0.000447,0.0,0.0831,0.304,92.429,4,grunge,medium
45335,5N47FEM0Y5b4uj0Zo1SqXC,Los Apus,Sunquyparurun,Te Duele Haberme Perdido,26,238760,False,0.832,0.801,3,-3.34,1,0.0429,0.626,5.98e-05,0.24,0.884,104.459,4,guitar,medium
44425,3cahGAUUQ0n55EjLBs2Wjo,The Smashing Pumpkins,Siamese Dream (2011 - Remaster),Today - 2011 Remaster,62,201173,False,0.457,0.825,8,-7.611,1,0.0268,3.29e-05,0.578,0.0548,0.414,82.539,4,grunge,high
47995,3oA3YVgCx1ppl4WL5abCiB,Böhse Onkelz,Heilige Lieder,Wir schreiben Geschichte - Bonus Track,34,241893,False,0.594,0.676,4,-12.519,1,0.0557,0.00137,3.21e-05,0.0743,0.703,132.019,4,hard-rock,medium
73699,1MiIvqyzEFcqWV5tQQrDti,Matias Aguayo,FFR Compilation #1,Her Ups and Downs,0,248870,False,0.715,0.747,4,-10.326,0,0.0799,0.000123,0.868,0.123,0.923,167.062,4,minimal-techno,low
87446,6n1vYUIisGSlawZTVgy2Po,Biquini Cavadão,Me Leve Sem Destino (Ao Vivo),Quando Eu Te Encontrar - Ao Vivo,44,213533,False,0.52,0.933,6,-5.2,1,0.0357,0.0159,0.0195,0.397,0.536,99.998,4,r-n-b,medium
33612,7cELheBXF3jIShGuewCy44,brakence,punk2,fuckboy,57,157903,True,0.73,0.61,8,-7.784,0,0.238,0.373,0.0,0.144,0.8,146.572,4,emo,high
3237,12sPGeSWgxY2zpPupFYIrZ,Volbeat,Halloween Spooky Party 2022,Sorry Sack Of Bones,0,228666,True,0.407,0.954,7,-3.753,1,0.0532,0.000629,0.186,0.0545,0.454,171.988,4,alternative,low
67170,4tKNaV5CxlztGumpxi5F9F,J Balvin;Pharrell Williams;BIA;Sky,Perreo Tenebroso Vol. 5,Safari,0,205600,False,0.689,0.675,0,-4.281,1,0.32,0.531,3.17e-06,0.115,0.604,180.077,4,latin,low
82606,08GASJbPjMHzPoV0dzVMYT,The Lemonheads,Lovey,Stove,22,188600,False,0.201,0.672,9,-14.963,1,0.0446,0.00193,0.00818,0.132,0.554,184.171,4,power-pop,low
57885,7qi8PlJuBMxK6uxvJDISsA,Foals,Maintain Your Mojo,The Runner,1,261936,False,0.513,0.953,2,-2.626,0,0.0539,0.0146,3.03e-05,0.112,0.466,104.021,4,indie,low
86490,53QNFyh4u58ntxMTxGw6pZ,Stand Here Alone,Melodichildish,Pacarku Siluman,41,200021,False,0.391,0.969,9,-2.932,1,0.0711,0.000999,7.26e-06,0.339,0.658,197.89,4,punk,medium
11070,6H3kDe7CGoWYBabAeVWGiD,The Rolling Stones,Let It Bleed,Gimme Shelter,77,270773,False,0.634,0.63,1,-8.277,0,0.031,0.447,0.039,0.17,0.489,118.628,4,british,very_high
76902,3zptfwfioQPIHNstRSfGHG,Órla Fallon,Lullaby Time,Suantrai (Brahms Lullaby),24,158600,False,0.332,0.0808,9,-18.93,1,0.0498,0.989,0.16,0.107,0.208,79.276,1,opera,low
110638,1KGNzb5XDbFOJCOhQjnDJy,Ashley Wallbridge;John Weber;Bodine,Flashing Lights,Flashing Lights,48,203567,False,0.244,0.899,7,-4.386,0,0.0531,0.00258,0.000341,0.114,0.0539,129.981,4,trance,medium
38225,4KC2Z9dL4jL61Ys35N6srg,The Strokes,Is This It,Barely Legal,57,234733,True,0.427,0.886,0,-6.304,1,0.037,0.004,0.0532,0.0909,0.857,157.609,4,garage,high
95042,0gPPFft6wERhCLRhYbr4z6,Celia Cruz,La navidad es todo aquello que nos hace recordar...,La Vida Es Un Carnaval,0,278866,False,0.814,0.701,0,-6.508,0,0.0703,0.489,0.00116,0.294,0.856,104.029,4,salsa,low
113134,14s1OyBVh737J6OyZot7GH,Hillsong Worship;Aodhan King,Team Night,Resurrender - Live at Team Night,47,428567,False,0.402,0.411,0,-8.46,1,0.0303,0.049,0.0,0.106,0.11,140.132,4,world-music,medium
38696,0iOqHHxoQaOv4S10V0qjCv,The Smith Street Band,Throw Me In The River,Calgary Girls,27,309968,False,0.398,0.746,7,-5.161,1,0.0326,0.00868,0.000178,0.0901,0.301,132.028,4,garage,medium
110047,0jGNrMFSke9iI1pmfWbvft,Tiësto;Becky Hill,pov: it's 2020,Nothing Really Matters,0,157720,False,0.735,0.842,5,-4.079,0,0.0403,0.00519,4.52e-06,0.308,0.681,123.039,4,trance,low
53167,6W9V9PU7R9LRueBQWPUu84,James Hype,Electro sounds,Crank,0,178804,False,0.846,0.906,1,-5.157,1,0.0468,0.0227,0.883,0.0703,0.325,126.02,4,house,low
55256,12P8gSLA1zX3GqKjyAvUKy,Kailash Kher,Bahubali- The Conclusion,Jay-Jaykara,56,211902,False,0.603,0.72,2,-7.636,0,0.0616,0.783,9.14e-05,0.42,0.695,91.991,4,indian,high
4634,4N7h4IHWRaJCOo1VFdTMHV,Philip Glass,The Truman Show (Original Motion Picture Soundtrack),Truman Sleeps,55,111831,False,0.38,0.0797,8,-18.041,1,0.0438,0.991,0.935,0.123,0.0668,109.091,4,ambient,high
41002,0ZNYGrmcehorhh9JOeg5Iv,José González,Stay Alive (From The Secret Life Of Walter Mitty),Stay Alive,67,266906,False,0.714,0.306,6,-12.111,1,0.0388,0.726,0.168,0.0924,0.314,129.984,4,goth,high
5913,3zQB2MTEfUSVoq58x2mGSC,Musicality,Enemy (Drill Remix),Enemy - Drill Remix,32,158839,False,0.66,0.489,7,-11.3,1,0.0758,0.0349,0.434,0.114,0.304,77.028,4,anime,medium
14288,66lALCxaRsnFuWa7ColzJ3,Alvin & The Chipmunks;David Seville,Christmas Playlist 2022,The Chipmunk Song (Christmas Don't Be Late) - Remastered 1999,0,141026,False,0.609,0.434,3,-9.478,1,0.0353,0.711,1.17e-06,0.148,0.777,152.166,3,children,low
4243,0lWqNkcbYNZpik6AjywkNm,Bethel Music;kalley,Por Siempre (Live),Por Siempre (Live),37,320013,False,0.336,0.697,2,-5.03,1,0.0339,3.07e-05,0.0,0.0598,0.125,138.122,4,ambient,medium
51193,20vLGVDLfbzdh3vbSpSuj8,Daddy Yankee;Wisin & Yandel,Hora del taco sin auto,Si Supieras,3,241880,False,0.691,0.894,9,-1.681,0,0.115,0.291,0.0,0.104,0.623,184.018,4,hip-hop,low
15118,4W8sUeokQKfHt1uTXp0Jq0,Lund,Broken,Broken,72,200672,True,0.83,0.583,0,-2.052,1,0.0412,0.0563,0.0005,0.109,0.146,134.0,4,chill,high
38512,37cb7mzkQKksGm0noGDXeh,The Strokes,Is This It,Trying Your Luck,53,202960,False,0.502,0.691,9,-9.453,0,0.0311,0.00911,0.0149,0.133,0.629,143.926,4,garage,high
1436,4XOHLTfx8BmRO4piDKyHGw,Jackie Mittoo,Soul Jazz Records Presents Studio One Story,Freak Out,22,136000,False,0.715,0.635,11,-9.616,0,0.0471,0.0241,0.191,0.276,0.956,79.255,4,afrobeat,low
49982,05iC65udZLZV1kJVRLJHGC,The Prophet,The Hardcore Archive Part 3 (1997),Hardsax - Original Mix,0,232839,False,0.7,0.951,7,-4.972,1,0.0759,0.0197,0.916,0.0915,0.284,149.993,4,hardstyle,low
65344,59SBaFrtyppqNhyzDpKx3j,Yuvan Shankar Raja;Silambarasan TR;T. Rajendar;Suchitra;Mahathi,Vallavan (Original Motion Picture Soundtrack),Ammadi Aathadi,53,329693,False,0.694,0.829,5,-7.738,0,0.124,0.52,0.000191,0.0789,0.699,80.018,4,k-pop,high
25647,5cinRwHiqT4b1CpOlDdLWx,Todd Terry;DJ Pierre;Vonny;Clyde;Jerry Ropero,Nightlife London (Tech House Couture),Elevator (Lift Me Up) - Jerry Ropero Tech Boom Mix,0,403809,False,0.798,0.698,7,-7.823,1,0.0971,0.0285,0.837,0.686,0.202,125.994,4,disco,low
32123,1ivuWgxFQb2xzxVNSlB1hF,Yellow Claw,Amsterdam Twerk Music,DJ Turn It Up,64,211776,False,0.829,0.695,1,-5.561,1,0.0473,0.000956,0.178,0.112,0.369,102.018,4,electronic,high
8783,1ynmMEK1fkyiZ6Z6F3ThEt,The J. Geils Band,Freeze Frame,Centerfold,74,216533,False,0.653,0.677,0,-12.244,1,0.0396,0.249,0.0,0.403,0.888,114.37,4,blues,high
93719,6I4vtlueXc8tnxoIZMw7q1,Владимир Бунчиков,70 песен Победы,Летят перелётные птицы,0,195613,False,0.529,0.385,10,-11.17,0,0.0471,0.88,5.89e-06,0.409,0.611,123.22,4,romance,low
24708,5J8MYIQP2xH4PZqAaZ70DM,Kevin Saunderson;e-Dancer,Heavenly Revisited EP2,The Human Bond,5,203552,False,0.718,0.952,1,-6.213,1,0.0593,0.0571,0.882,0.0708,0.891,125.008,4,detroit-techno,low
79184,1Mjsb1o0I16XLlX90ojBca,Jim Brickman,Winter Chill,Coventry Carol,0,202703,False,0.302,0.039,9,-19.122,0,0.0349,0.98,0.905,0.0632,0.0621,130.765,4,piano,low
78834,3Lkm5upAjrt1Wr5d5Y4WWd,Cooltime Kids,Oh Santa! Kids Christmas Songs,Let It Snow! Let It Snow! Let It Snow!,0,162066,False,0.632,0.529,4,-6.556,1,0.0854,0.73,0.0,0.16,0.575,148.176,4,party,low
7033,2NrxTwhqku87YfIPa2EcPF,Town Mountain,Heroes & Heretics,Snowin' On Raton,39,230746,False,0.565,0.208,10,-12.778,1,0.0323,0.823,5.14e-06,0.109,0.449,148.024,4,bluegrass,medium
100371,7KMxBakqV7SKVrS6qDv2yq,Soda Stereo,Sueño Stereo (Remastered),Pasos - Remasterizado 2007,39,233706,False,0.469,0.581,5,-10.358,1,0.0341,0.0626,0.0497,0.102,0.356,88.906,4,ska,medium
98195,5qKs91SIbvBtRX4hFKH1N7,Amy Spanger,Elf: The Musical (Original Broadway Cast Recording),Never Fall in Love with an Elf,30,174346,False,0.592,0.274,2,-7.455,0,0.0326,0.734,0.0,0.0894,0.434,111.253,4,show-tunes,medium
92951,7vAw4LLIms6X8ZHcbtoazz,Dion & The Belmonts,Presenting Dion And The Belmonts,I Wonder Why,54,141386,False,0.506,0.699,10,-3.834,1,0.0348,0.569,0.0,0.158,0.901,103.463,4,rockabilly,high
109200,7mazffu6nlIv0rtRyPDMTD,Zedd;Matthew Koma;Miriam Bryant,Clarity (Deluxe),Find You,53,204346,False,0.53,0.783,3,-4.61,1,0.0388,0.0227,2.11e-06,0.0987,0.397,127.971,4,techno,high
45697,5aWWkqDqVMGcYSI4MzEJqY,Los Poetas De La Guitarra,Music Without Words - Guitarra Vol. 2,Ella / La Enorme Distancia / Que Te Vaya Bonito / Vámonos,22,308981,False,0.454,0.328,2,-6.089,1,0.0337,0.871,0.85,0.117,0.451,139.757,3,guitar,low
38386,2AYlutp7ULT1xjhYo3ZO67,Los Diabólicos,Los Diabólicos,Muerte y Destrucción,30,108921,False,0.2,0.851,4,-5.757,1,0.053,0.011,0.977,0.888,0.381,92.95,4,garage,medium
93486,399J96pvyrrDAHDXBY1qnf,Oleg Pogudin,The Best Songs,Дремлют плакучие ивы,0,178920,False,0.4,0.22,2,-14.161,0,0.0384,0.896,0.0254,0.114,0.186,89.595,3,romance,low
3724,1ZLExfqDJGcoZfc6l1vDws,Flört,Cemiyette Pişiyoruz,Bir Tek Sen Gelmedin,49,261373,False,0.611,0.7,9,-7.966,0,0.0302,0.00181,0.00248,0.291,0.707,145.943,4,alternative,medium
65028,69BIczdH6QMnFx7dsSssN8,BLACKPINK,SQUARE UP,DDU-DU DDU-DU,71,209355,False,0.671,0.859,4,-3.922,0,0.0833,0.0313,0.0,0.267,0.39,139.931,4,k-pop,high
89023,5lWntBx6CC4JbbHPCb6ftj,Feid,El perreo es el futuro,Ferxxo 100,0,167760,False,0.705,0.562,8,-3.378,0,0.0674,0.257,0.0,0.137,0.569,163.893,4,reggaeton,low
91903,2374M0fQpWi3dLnB54qaLX,TOTO,Toto IV,Africa,83,295893,False,0.671,0.373,9,-18.064,1,0.0323,0.257,8.01e-05,0.0481,0.732,92.718,4,rock,very_high
92658,5ayybTSXNwcarDtxQKqvWX,Ricky Nelson,Ricky Nelson (Expanded Edition / Remastered),Poor Little Fool - Remastered,53,153933,False,0.474,0.338,0,-11.528,1,0.0299,0.648,0.0,0.13,0.81,154.596,4,rockabilly,high
79325,1nQ2WCJTn89CnirpfDHV60,Tamara Eden,Horizon,Horizon,61,142614,False,0.334,0.13,1,-25.537,1,0.0488,0.971,0.902,0.111,0.595,144.733,3,piano,high
90906,7ycFNferNuk6wAjBa0vWvl,The Diamonds,The Best Of The Diamonds,Little Darlin',59,129333,False,0.631,0.587,6,-11.402,1,0.042,0.536,0.29,0.333,0.664,152.851,4,rock-n-roll,high
3582,3EkctURiV4YfneWa7hLIeN,FKA twigs,All That Really Matters - Just Hits,killer,0,176876,False,0.401,0.619,0,-7.035,0,0.21,0.168,0.0,0.272,0.757,78.763,4,alternative,low
111273,3SpXpcG603AqfxhJ6l4uzk,Nightmares On Wax,Smokers Delight,Nights Introlude,51,280266,False,0.685,0.741,7,-12.407,1,0.0473,0.101,0.859,0.111,0.27,94.499,4,trip-hop,high
30880,6JkKh7oUJfFwxDSTqX1qP9,twocolors;Georgie Keller,EDM Gaming Music Autumn/Winter 2022,Feel It 2,0,169110,False,0.66,0.693,1,-6.33,0,0.0364,0.185,1.18e-06,0.719,0.575,125.038,4,edm,low
67368,3koLZKp3GMcdC0tZ6HZ91w,TINI,Café en casa,Diciembre,2,188676,False,0.619,0.584,2,-7.242,1,0.0494,0.0768,0.0,0.33,0.148,118.176,5,latin,low
111381,1wYlJG1iY4d7xKwGSZBuR4,Sofa Surfers;Mani Obeya,Superluminal,"Out, Damn Light",48,278466,False,0.627,0.717,4,-7.473,1,0.0519,0.0402,0.317,0.111,0.367,164.049,4,trip-hop,medium
78614,75PBVFA7kwamMcSOQSr9bn,DJ Düse,Für's ganze Leben,Für's ganze Leben,26,174000,False,0.647,0.94,6,-3.729,0,0.195,0.0312,0.0,0.363,0.404,133.091,4,party,medium
71380,1yc53HK08sDab7PDFgnLWk,Lamb of God,Ashes of the Wake (15th Anniversary),Laid to Rest,66,230127,True,0.366,0.956,10,-3.725,0,0.108,0.000293,0.00447,0.449,0.159,104.016,3,metal,high
31233,1c9wxQkSyFOCkVUl3Z5Say,The Chainsmokers,So Far So Good (lofi remixes),I Hope You Change Your Mind - lofi remix,0,195456,False,0.648,0.473,0,-14.604,1,0.0285,0.598,0.917,0.136,0.363,112.998,4,electro,low
18766,1Kcim82J1yrlE6hgXFTbfo,Matt McCarthy,Sober Dad,Pro Wrestling Fan Vs the Rules,21,111187,True,0.682,0.519,2,-9.513,1,0.933,0.893,1.96e-06,0.339,0.697,80.106,1,comedy,low
84143,3tbGJmb4ZiD6CKbkJbwyKH,The Monkees,Christmas Time,Unwrap You at Christmas,0,212080,False,0.671,0.801,10,-3.366,1,0.0322,0.247,0.0,0.328,0.473,127.994,4,psych-rock,low
14316,3gQeoqayS6qcoH8FtAlCh8,CoComelon,Nursery Rhymes by CoComelon,Apples And Bananas (Phonics Song),44,214000,False,0.869,0.315,4,-7.254,1,0.0491,0.518,4.86e-05,0.0863,0.817,139.962,4,children,medium
104629,2Rw0QiMu5Hx6UQn9tKRTiM,Cyclo;GARABATTO,Amor y Muerte,Se Que Has Cambiado,28,199500,False,0.764,0.651,10,-8.043,0,0.0813,0.407,0.0,0.199,0.475,139.987,4,spanish,medium
65970,6SpPr7K4YQ2wp8jU6uOTmQ,Red Velvet,Queendom - The 6th Mini Album,Queendom,69,181760,False,0.695,0.896,5,-1.24,1,0.0847,0.179,0.0,0.0626,0.508,119.959,4,k-pop,high
21474,0MBBalwgK4ZZcN4JwyjutV,Vybz Kartel,The Trend Setterz Vol. 1,Business,31,183947,True,0.718,0.765,4,-4.387,0,0.373,0.0178,0.0,0.083,0.685,125.661,5,dancehall,medium
34905,5mSZgEcRgPh78JJ50360TA,Nusrat Fateh Ali Khan,Top Qawwalis By Nusrat,Khwaja E Khwajgan,31,697901,False,0.463,0.573,6,-11.189,0,0.0523,0.403,0.0,0.184,0.725,136.626,3,folk,medium
107903,1SyOjtLqqqk2AVLZnRI3bk,Goldfrapp,Black Cherry,Strict Machine,12,231453,False,0.634,0.59,6,-7.66,1,0.0294,0.0248,0.16,0.112,0.45,125.998,4,synth-pop,low
6590,07eSFBlsPsdyi6GPofl6Y9,Darkthrone,Arctic Thunder,Deep Lake Trespass,18,288491,False,0.294,0.998,11,-4.266,1,0.162,1.69e-05,0.352,0.152,0.0339,133.99,4,black-metal,low
72761,1iqj7vNKGuT0AIGJ11Kojy,Lamb of God,Lamb of God,Checkmate,43,270508,False,0.524,0.994,2,-3.587,1,0.0712,3.65e-05,0.406,0.198,0.124,119.978,4,metalcore,medium
90978,4FJaUD95SuKngRKb1M5yV3,Mike Laure,Rondando Tu Esquina,Fuiste A Acapulco,28,124633,False,0.68,0.586,0,-7.576,1,0.057,0.832,0.0,0.126,0.969,97.599,4,rock-n-roll,medium
38027,5fClRRa7P9nPIpstj50veV,Arctic Monkeys,The Car,Mr Schwartz,0,210012,False,0.569,0.335,11,-13.637,0,0.0322,0.802,0.018,0.0834,0.388,127.587,4,garage,low
100183,47FUHIQxAfah44tYUGBsrC,Bersuit Vergarabat,La Argentinidad Al Palo,El Viento Trae Una Copla,42,255173,True,0.537,0.676,2,-4.418,1,0.0296,0.0322,1.33e-06,0.144,0.254,89.982,4,ska,medium
34491,3tbGJmb4ZiD6CKbkJbwyKH,The Monkees,Christmas Time,Unwrap You at Christmas,0,212080,False,0.671,0.801,10,-3.366,1,0.0322,0.247,0.0,0.328,0.473,127.994,4,folk,low
97643,5CZo46sgJ2Mh3ZYAOymapH,Matheus & Kauan;Jorge & Mateus,Mundo Paralelo (Ao Vivo),Mundo Paralelo - Ao Vivo,46,277697,False,0.575,0.845,10,-4.594,0,0.0544,0.301,0.0,0.793,0.557,124.794,4,sertanejo,medium
4265,2EDYchd8hhwAOWKGQxJoro,Sleeping At Last,Chasing Cars,Chasing Cars,54,240426,False,0.478,0.181,11,-8.731,1,0.0327,0.975,3.37e-06,0.0795,0.279,108.346,4,ambient,high
19923,47sNDR69VgN2NboGRc9Yyo,Zach Bryan,Open the Gate,Late July,42,178019,False,0.532,0.354,2,-8.938,1,0.0504,0.736,0.0,0.11,0.419,151.266,4,country,medium
74092,6N7tD8zXsfjC19RIHhzg4i,Kid Abelha,Só as Melhores do Pop Rock Brasileiro,Alice (Não me escreva aquela carta de amor),0,188506,False,0.585,0.7,11,-8.591,0,0.0847,0.085,0.245,0.103,0.951,177.588,4,mpb,low
29592,2NMdjMrdycTgwwOV1HSg6y,GG Magree,Already Dead,Already Dead,45,139925,True,0.444,0.852,5,-3.972,1,0.0515,0.0404,0.0,0.173,0.549,162.842,4,dubstep,medium
102291,5dmC4IGuPsAzJNigeCFLO9,Tom Petty,Pop & Halloween,Zombie Zoo,0,178506,False,0.685,0.886,9,-10.653,1,0.0323,0.0328,0.0,0.0362,0.819,116.222,4,songwriter,low
35535,6Zq0m2q09khefAnsZWlPr0,Pablo,Desculpe Aí,Imprevistos,41,237933,False,0.662,0.659,2,-4.371,0,0.0285,0.427,0.0,0.713,0.538,132.0,4,forro,medium
18803,1fGq6F7qIqaJilw2KdK8i3,Michael Colyar,Michael Colyar's Back,Old Joke Alert,21,141222,False,0.647,0.716,7,-9.447,1,0.956,0.762,0.0,0.923,0.509,83.419,3,comedy,low
52904,2zhL0n71GK0lhgDc83VT9A,Pete Bernhard,Harmony Ascension Division,Long Night,10,184973,False,0.805,0.273,4,-15.269,1,0.0629,0.864,0.000226,0.108,0.265,115.048,4,honky-tonk,low
60780,7AdxCIKgkEatuODqgrcdIZ,Jah Vinci;Nae.Nae,Imac Riddim,Sexual Commentary,20,135120,True,0.604,0.76,8,-4.122,1,0.388,0.208,0.0,0.42,0.773,126.622,5,j-dance,low
8909,0glkN4wg2SZnMEcIrisfap,Oh The Larceny,Oh the Larceny,Can't Stop Me Now,49,180505,False,0.642,0.753,7,-5.064,1,0.0716,0.0269,2.76e-05,0.048,0.536,89.002,4,blues,medium
33754,7a8Sxul9deqkRnBBLAWGoI,sadeyes,i need you,i need you,50,134869,True,0.711,0.363,7,-12.412,1,0.0857,0.576,0.0,0.087,0.372,104.971,4,emo,high
65516,1YO4xJXhh9A1Feg9k8xuy2,BTS,Love Yourself 轉 'Tear',Paradise,68,211223,False,0.551,0.828,5,-5.523,1,0.352,0.214,0.0,0.0571,0.928,139.662,4,k-pop,high
30050,322TxW77VZdX9gHynK5Xue,Ritviz,Mimmi,Aaj Na,63,193425,False,0.659,0.345,11,-8.464,1,0.107,0.106,0.0,0.107,0.338,84.761,4,edm,high
34326,3B3eOgLJSqPEA0RfboIQVM,Bon Iver,"For Emma, Forever Ago",Skinny Love,73,238520,False,0.592,0.263,4,-14.029,0,0.0568,0.845,5.68e-06,0.127,0.109,76.366,4,folk,high
60209,3z8QwguZutA3deFJUxMeBX,Popcaan;Jah Vinci,Steamy,Steamy,27,188571,True,0.735,0.689,1,-3.437,1,0.308,0.172,0.0,0.0616,0.627,97.73,4,j-dance,medium
90076,4kk7W4DWULC2KWHaqbqvf9,Los Baby's;Thalia,Tributo a,Triángulo (feat. Thalia),46,214466,False,0.486,0.84,6,-2.076,1,0.0678,0.465,0.0,0.362,0.548,142.182,4,rock-n-roll,medium
87660,2ImAP3mezUhfEZkqx8HtYW,A Família,Só as Melhores,Brinquedo Assassino,43,382142,True,0.771,0.746,9,-4.497,1,0.262,0.0902,0.0,0.0464,0.502,148.054,4,r-n-b,medium
72769,3eWv4B65BIrhqZqj9odCKP,Bullet For My Valentine,Scream Aim Fire,Say Goodnight,37,283413,False,0.248,0.965,2,-4.57,0,0.0721,0.000167,0.000135,0.0957,0.366,116.206,4,metalcore,medium
98274,6gRc6jiufBIEBLZpDzJyKH,Kevin Chamberlin,Seussical,The People Versus Horton The Elephant - Original Broadway Cast Recording,28,270960,False,0.494,0.473,4,-10.835,1,0.457,0.676,2.51e-06,0.317,0.433,82.405,4,show-tunes,medium
76147,3cK0Dgd5sxAVzUGHwMHc4p,Malena Ernman;Så som i Himmelen Ensemblen,Så som i Himmelen (Originalensemblen),Gabriellas sång,29,215808,False,0.306,0.308,10,-7.94,1,0.0308,0.87,0.0,0.15,0.189,82.928,4,opera,medium
40855,3vzZ5uyQEYk7ai75ltQom5,Preto no Branco;Nívea Soares,O Leão E A Igreja (Ao Vivo),O Leão E A Igreja - Ao Vivo,38,267170,False,0.557,0.608,0,-5.799,1,0.0322,0.279,0.0,0.137,0.362,128.032,4,gospel,medium
48233,6t4pmtMOJVGm3NXyDqXQlK,Craig Mack;Busta Rhymes;LL COOL J;The Notorious B.I.G.;Rampage,Rap Geek,Flava in Ya Ear - Remix,0,302013,True,0.52,0.847,9,-5.3,1,0.427,0.275,0.0,0.325,0.799,177.377,4,hardcore,low
109619,6WCU9nyvHZO70kncTtr0pf,Paradoks,Sirens of Love,Sirens of Love,32,252526,False,0.655,0.833,7,-7.902,0,0.053,0.00941,0.898,0.16,0.0395,185.984,1,techno,medium
4928,4llDF3RuBQYj2nkjTCJY4w,This Will Destroy You,Young Mountain,Quiet,44,293173,False,0.482,0.463,1,-7.927,1,0.0573,0.282,0.848,0.36,0.0427,115.011,4,ambient,medium
91195,4CgJCGujC2fsKwuUyBNlc5,The Rolling Stones,60s Christmas Party,Gimme Shelter,0,270773,False,0.634,0.63,1,-8.277,0,0.031,0.447,0.0374,0.169,0.489,118.642,4,rock,low
54754,23qsef3YGD9ijLel2QoCgr,alva noto;Ryuichi Sakamoto,City Radieuse,City Radieuse,33,468200,False,0.317,0.049,10,-25.252,0,0.0385,0.976,0.927,0.103,0.0364,110.011,4,idm,medium
105699,4sSK3Ui0qZfQB2lRaiC7xn,Miso Colt,Lonely But I Like It,Dialtone Diaries,7,254250,False,0.487,0.516,5,-12.154,0,0.0625,0.952,0.86,0.125,0.604,167.357,4,study,low
52995,4ivEdby5Oy4AfmBbSzKlAa,Hank Williams;Drifting Cowboys,The Complete Hank Williams,Weary Blues From Waitin' - Non-Session Demo / Undubbed,10,146693,False,0.582,0.107,4,-12.637,1,0.0294,0.969,0.013,0.26,0.414,101.497,3,honky-tonk,low
45706,4KYoSAttyUqmzYisjrK8WR,Marc Holland,Lovers,Lovers,45,156328,False,0.5,0.087,7,-17.131,1,0.05,0.984,0.954,0.111,0.329,128.614,3,guitar,medium
84458,4f5nUYzeUioPwNbz2mGx5S,Jimi Hendrix,Both Sides of the Sky,Jungle,57,208120,False,0.497,0.499,9,-12.348,0,0.056,0.0558,0.73,0.222,0.516,174.608,3,psych-rock,high
65298,6chviF7naWfxVOF91dkdqb,Vidyasagar;Krishnachandar;Sujatha,Pasumpon (Original Motion Picture Soundtrack),Thamarai Poovukum,55,327333,False,0.579,0.708,2,-9.737,0,0.0424,0.535,0.000155,0.0994,0.744,81.023,4,k-pop,high
12638,7aESkoy0StWo1MVvptSsP2,Danny Chan,陳百強不朽金曲金藏集,親愛的你,20,266493,False,0.625,0.4,0,-14.42,1,0.0259,0.815,0.0,0.0961,0.513,96.08,4,cantopop,low
85531,64tUOtVFZN98cx48rQEW5T,Dead Fish,Zero e Um,A Urgência,39,181333,False,0.519,0.97,4,-3.252,0,0.126,0.000904,2.81e-05,0.119,0.187,97.836,4,punk-rock,medium
31083,2DGa7iaidT5s0qnINlwMjJ,Alan Walker,The Spectre,The Spectre,72,193787,False,0.654,0.711,1,-7.437,0,0.0383,0.0214,0.00191,0.0903,0.198,127.957,4,electro,high
48496,0hwWynBLFM7jJdxi6D2tMg,Dead Fish,Ponto Cego,Doutrina do Choque,32,196487,False,0.301,0.968,8,-4.516,1,0.0807,0.000909,0.0,0.112,0.613,187.298,4,hardcore,medium
11825,4ggAlL9i78oaVAn9Wx1UJ0,Peppa Pig,Peppa's Adventures: The Album,North Star Lullaby,48,146198,False,0.655,0.217,5,-10.574,1,0.0297,0.881,0.0,0.0628,0.479,79.951,4,british,medium
91657,7Ewz6bJ97vUqk5HdkvguFQ,Bryan Adams,Reckless (30th Anniversary / Deluxe Edition),Heaven,77,243360,False,0.382,0.589,9,-7.315,0,0.0267,0.0465,0.0,0.122,0.335,140.059,4,rock,very_high
95642,4JOtkHy5WaEaBiB5kGChVa,Maelo Ruiz,Regálame Una Noche,Cuando la Olvide Qué?,29,251933,False,0.626,0.886,2,-5.405,0,0.0419,0.135,6.88e-05,0.242,0.785,171.381,4,salsa,medium
35226,7FLwZ7VKTCwKxlAHBbR82S,Iguinho e Lulinha,Coração Acelera,Coração Acelera,44,135676,False,0.508,0.932,7,-4.366,1,0.0444,0.234,0.0042,0.13,0.923,133.065,3,forro,medium
69213,5zx44thYNlAzLD1DCfRVxt,K. S. Harisankar,Ennum Epozhum (Original Motion Picture Soundtrack),Nilaavum,36,258000,False,0.607,0.44,5,-7.157,1,0.0274,0.81,2e-06,0.138,0.324,112.922,1,malay,medium
89658,6DoL1yYIwEW7VZMRaJhoJI,Chris Jedi;Anuel AA;Chencho Corleone;Ñengo Flow,La Llevo Al Cielo (Ft. Ñengo Flow),La Llevo Al Cielo (Ft. Ñengo Flow),88,254920,True,0.795,0.845,9,-3.809,0,0.135,0.105,1.14e-05,0.172,0.769,170.023,4,reggaeton,very_high
17983,3GXwSWWDcotwPRHmkTHKFe,Dinamarca,Sol De Mi Vida,Mi Todo,15,226593,False,0.752,0.72,0,-3.443,1,0.0729,0.335,0.807,0.114,0.202,177.994,4,club,low
61964,1DDVS0h3OwiLtQvLaXRhYw,AKB48,AKB48 15th Anniversary Single PLAYLIST II,フライングゲット,18,254586,False,0.523,0.977,0,-1.896,0,0.144,0.0594,4.89e-06,0.37,0.6,131.043,4,j-idol,low
5872,7ml6NhIU4YiIeAtog31ZF1,Khantrast;Junoflo,Big Stunna,Big Stunna,53,144917,True,0.884,0.804,7,-6.923,1,0.15,0.162,0.0,0.151,0.835,105.944,4,anime,high
93821,5mchyzusQOAnfVLHHXTIC0,Vadim Kozin,Избранное,Бирюзовые колечки,0,97410,False,0.572,0.244,1,-15.266,1,0.0828,0.993,0.0148,0.13,0.89,88.716,1,romance,low
21921,3gUQD6BF1RKWsWfboTZYuE,Omah Lay,Boy Alone,temptations,48,151588,False,0.572,0.515,3,-8.722,0,0.401,0.564,0.142,0.1,0.607,95.691,4,dancehall,medium
6854,3IZWl7podZdz9FNmacdCtZ,Dödsrit,Dödsrit,Endless Circle,17,361139,False,0.12,0.884,5,-5.194,0,0.0646,2.81e-05,0.824,0.141,0.0642,90.02,4,black-metal,low
11556,1Gkfh1jNNFJPh3vcCSGi3J,YUNGBLUD,The Emperor,The Emperor,58,175150,False,0.515,0.945,8,-3.116,0,0.0888,0.000339,2.36e-05,0.289,0.592,160.078,4,british,high
20243,7ECDeZT1MA08FuRWvnxGaz,Katy Perry,Weihnachten Playlist,Cozy Little Christmas,0,182520,False,0.775,0.608,7,-6.264,1,0.128,0.128,0.0,0.0895,0.56,137.494,4,dance,low
108649,5IQujJ0ThoDwXrjpZbmKbs,Roberto Goyeneche;Orquesta Típica Porteña,Roberto Goyeneche - RCA Victor 100 Años,Cambalache (with Orquesta Tipica Porteña),19,168573,False,0.561,0.457,0,-9.834,1,0.0975,0.98,0.00059,0.14,0.826,58.066,4,tango,low
82438,3Ic6gvBFRh65UEvmkkfZKX,The Epoxies,Synthesized,Need More Time,23,150093,False,0.295,0.757,2,-6.949,1,0.0527,0.000883,1.17e-06,0.124,0.329,191.994,4,power-pop,low
76322,1O3ObyWI8TWltr0Y719koQ,Michael Ball,"Les Misérables: The Staged Concert (The Sensational 2020 Live Recording) [Live from the Gielgud Theatre, London]",Javert's Soliloquy - Live,24,282400,False,0.454,0.447,5,-11.441,1,0.171,0.687,0.0,0.715,0.206,81.101,4,opera,low
31892,4HrGkz7sfAy0KMxbHTBpSW,Bryce Vine,Refresh - Pop To Cool Down,y can't we b friends?,0,155310,True,0.665,0.737,1,-2.976,0,0.0769,0.115,0.0,0.372,0.514,87.958,4,electro,low
13037,1OlmPmNhyUGzE5y0T5xQFR,Paul Johnson;Dudley Slang,MOVELT HOUSE PARTY 2,Dance With Me - Dudley Slang Dub,0,257611,False,0.762,0.688,11,-4.764,1,0.0423,0.00139,0.79,0.288,0.811,124.972,4,chicago-house,low
72956,2zCwpuQuSzm2Mk7h7JYNtS,Bullet For My Valentine,Omen,Omen,48,233325,True,0.414,0.951,7,-6.261,1,0.0674,4.23e-06,0.000596,0.34,0.214,127.552,4,metalcore,medium
60034,34Y6o5Ugl8umgo0315i6q7,Skeng,Life Changes,Life Changes,2,207981,False,0.716,0.29,8,-6.378,1,0.128,0.692,0.0189,0.106,0.423,185.908,4,j-dance,low
24915,30HJwA7Q1x1kYdgaNjg6Ix,Robert Hood,The Pace,Wandering Endlessly,7,631703,False,0.78,0.415,0,-16.044,0,0.0463,0.625,0.862,0.117,0.516,126.275,3,detroit-techno,low
46081,0Q6D4jgYQBeVaQb5zudWBH,Dj Promo,Oscuro,Oscuro,27,75492,False,0.706,0.537,4,-13.011,1,0.0295,0.087,0.979,0.124,0.271,100.155,4,happy,medium
90216,28z5a7yYVyjf69ghyI3O28,Los Hitters,Idolos del Rock & Roll,Un Hombre Respetable,37,143595,False,0.764,0.517,9,-8.073,0,0.059,0.651,0.0,0.278,0.64,90.195,4,rock-n-roll,medium
24293,6wFDkgVs9EKVgXrVOje1rV,Drexciya,Harnessed the Storm,The Plankton Organization,11,368760,False,0.771,0.838,4,-11.907,1,0.0927,0.0338,0.831,0.0924,0.953,138.693,4,detroit-techno,low
3709,3Y4rUyw7XBCK6hGHCOt6rp,The Strokes,Comedown Machine,"Call It Fate, Call It Karma",72,204773,False,0.544,0.241,4,-14.779,0,0.03,0.983,0.774,0.101,0.359,109.437,4,alternative,high
109356,3BZG1oLulq3rMZT7XsLKdU,Droplex,Psychological Attack,Psychological Attack,43,400091,False,0.799,0.535,1,-9.103,1,0.0594,0.00183,0.857,0.0713,0.0708,126.0,4,techno,medium
44491,0hUit24g1EIoATdKYWUiRj,Nirvana,In Utero - 20th Anniversary Remaster,Very Ape,59,115813,False,0.262,0.886,1,-9.392,1,0.0336,3.11e-06,0.368,0.188,0.965,152.09,4,grunge,high
84211,2jvuMDqBK04WvCYYz5qjvG,Pink Floyd,Animals,Dogs,60,1025280,False,0.321,0.479,2,-11.395,0,0.05,0.076,0.00475,0.151,0.14,109.289,4,psych-rock,high
13278,4yhjiuGmZyUDPTRujA3yJ4,Ron Trent,Dance Floor Boogie Delites,Space Lover - Album Edit,12,299560,False,0.73,0.537,1,-13.389,1,0.0626,0.0829,0.915,0.0483,0.931,121.01,4,chicago-house,low
23364,2penjl6afQ4JYqmTeNUxyL,Sebastien;Bright Sparks,Gold,Gold,55,155765,False,0.743,0.775,4,-4.748,1,0.0812,0.224,1.43e-06,0.356,0.341,120.011,4,deep-house,high
29521,6EnHdhpdycjPxayoU5VAU9,MYRNE,What Can I Do,What Can I Do,38,256000,False,0.518,0.812,7,-7.155,1,0.0503,0.215,0.00752,0.144,0.0753,119.968,4,dubstep,medium
40477,0aCBuemfRYrqMyp1zsxEMx,Giselli Cristina,Tua Santidade,Quero Adorá-Lo,41,341626,False,0.243,0.316,2,-9.152,1,0.0295,0.923,9.6e-05,0.229,0.254,76.29,4,gospel,medium
5951,4EkbGJChszyxhEP0bIwBSZ,Shoko Nakagawa,しょこたん☆べすと――(°∀°)――!!,空色デイズ,56,252173,False,0.382,0.949,11,-2.985,0,0.121,0.000375,9.62e-06,0.196,0.543,174.132,4,anime,high
8977,5P11rW6aJErF37MTfRZS31,Ray Charles,"Ray Charles (aka: Hallelujah, I Love Her So)","Hallelujah, I Love Her So",62,155506,False,0.696,0.547,5,-5.954,0,0.169,0.792,0.0,0.155,0.623,73.203,4,blues,high
6964,25aS4iKJ3DXGN3hpZD9P9W,Skyforger,Kurbads,The Devil Slayer,16,305213,False,0.468,0.997,11,-4.756,0,0.172,3.88e-06,0.696,0.154,0.0389,150.006,4,black-metal,low
103611,5mFMb5OHI3cN0UjITVztCj,Adele,21,Rumour Has It,67,223266,False,0.612,0.749,0,-5.014,1,0.0446,0.615,0.0,0.167,0.574,120.052,4,soul,high
109027,5zfqAcASLuuMcHCyFiGiTP,Zedd;Liam Payne,Queda poco para la PAES,Get Low,0,204693,False,0.723,0.924,1,-3.518,1,0.0516,0.0332,5.63e-06,0.0496,0.527,108.009,4,techno,low
1420,3BIJsd9pvBi8MNNIv3KiMY,Ondatrópica,Baile Bucanero,Boga Canoero,22,262586,False,0.648,0.68,5,-9.002,0,0.105,0.549,9.98e-06,0.0417,0.959,115.9,4,afrobeat,low
59310,6hsyfegVY5yklJneM40mWi,Leila Bela,Angra Manyu,The Exorsism Begins...,0,8586,False,0.0,0.04,8,-29.714,0,0.0,0.928,0.956,0.115,0.0,0.0,0,iranian,low
97339,0bcUxZsyjbkoQem4ectNyL,Goiano & Paranaense,"Minha Vida, Minha Luz, Vol. 5","Meu Recanto, Meu Paraíso",48,239052,False,0.757,0.566,10,-5.455,1,0.0346,0.817,0.0,0.136,0.691,105.079,3,sertanejo,medium
60518,6uzIVNJW0eHKkiDEee0uO0,DJ Zinc;Amber Jolene,Friday Night,Friday Night,23,190954,False,0.689,0.854,8,-4.788,0,0.0334,0.0168,0.00146,0.104,0.632,127.03,4,j-dance,low
24998,0vCbiMfsdCBKups1wFv95u,Inner City;Idris Elba;Kevin Saunderson;Latroit,We All Move Together (Kevin Saunderson x Latroit Remix),We All Move Together - Kevin Saunderson x Latroit Extended Remix,6,261803,False,0.749,0.723,11,-5.381,0,0.0575,4.57e-05,0.758,0.636,0.432,126.006,4,detroit-techno,low
70641,79zdU4X4ec0HuOtZbxRqSA,Jody Chiang,白色的夢,出外的媽媽,24,195893,False,0.598,0.439,7,-9.53,0,0.0332,0.519,0.0,0.2,0.368,93.581,4,mandopop,low
105526,6kBXI5i7TtXvfGo6QbNaQJ,Miso Colt,Beach Bums,Beach Bums,35,235822,False,0.546,0.157,9,-18.374,0,0.0657,0.945,0.908,0.087,0.184,78.928,4,study,medium
109706,2zDCZ8jY4kjuUZbVROHaZj,Adam Beyer;Bart Skils,Your Mind (Radio Edit),Your Mind - Radio Edit,49,285857,False,0.66,0.857,11,-7.946,0,0.0565,0.00262,0.165,0.215,0.111,126.032,4,techno,medium
98819,22rR2p2vOL2OO9ZVu5jyKY,Alan Menken;Disney,La Petite Sirène (Bande originale française du Film),Fireworks,21,37680,False,0.309,0.127,7,-17.272,1,0.043,0.589,0.0342,0.184,0.0883,117.732,4,show-tunes,low
52270,3xlbRc98jgICAN2ZfAjLOR,George Jones;Tammy Wynette,We Go Together,Take Me - Single Version,15,146386,False,0.446,0.116,9,-18.857,1,0.0296,0.92,2.39e-05,0.104,0.465,67.929,3,honky-tonk,low
51595,3w7JADbLdKE1Qta6aH0SC6,Wiz Khalifa;Snoop Dogg,R'n'B Studying,Penthouse,0,200437,True,0.878,0.723,10,-6.66,0,0.0599,0.145,0.0,0.708,0.534,119.04,4,hip-hop,low
1195,6HuZyRmNgLkVALF4LS99TB,Plastilina Mosh,Juan Manuel,Human Disco Ball,28,214266,False,0.806,0.99,11,-7.994,0,0.0455,0.000385,0.509,0.0305,0.921,125.026,4,afrobeat,medium
78731,1XiEGQzAtcF1L1DwT7r1Pb,Killermichel,Auswärts sind wir asozial - Die besten Mallorca Fußball Schlager Hits zur Europameisterschaft in Frankreich 2016 (Auf uns und jeder für jeden – Wir sind die Mannschaft und feiern mit Yaya Kolo die Fussball EM Party),Auswärts sind wir asozial,25,215983,False,0.511,0.973,8,-2.713,0,0.0928,0.0678,0.0,0.958,0.587,145.002,4,party,medium
21197,7qsjrXn3peE4KSg9ecUnMa,Alkaline,Consistency (Through the Years),Juggernaut,0,180594,True,0.772,0.794,10,-3.22,0,0.0674,0.104,0.0,0.638,0.674,101.071,4,dancehall,low
66869,4VuaRaHraQhYyRlYjq1KCc,Cupid;Pokey,Best of Both Worlds (Blues Edition) - EP,Ladies Room,7,182964,False,0.782,0.617,1,-4.693,1,0.0317,0.0019,0.0,0.113,0.512,109.016,4,kids,low
49846,3pOoZ2Z4VKUNOC3NpKZZeh,Mark With a K,Mass Hysteria,See Me Now (Candlelight To Original edit),21,230000,False,0.386,0.81,0,-7.279,0,0.0445,0.00457,1.4e-05,0.0589,0.117,149.921,4,hardstyle,low
22405,5iMPhdSTH7OovnhUzo2juY,August Burns Red,Constellations,Mariana's Trench,54,258106,False,0.205,0.984,1,-5.172,1,0.107,2.78e-05,0.247,0.148,0.203,115.732,1,death-metal,high
25342,74lkEoeMNoDY8k9e81GZOU,Jürgen Drews;Matthias Reim,Best Of Karneval,Ich bau dir ein Schloss,0,186946,False,0.678,0.995,3,-4.599,1,0.0681,0.076,0.0,0.379,0.742,130.013,4,disco,low
6245,5CovP9I0W4yqDbcdvctIJV,Midnight,Let There Be Witchery,Let There Be Sodomy,20,202706,False,0.211,0.991,6,-5.864,0,0.116,7.93e-06,0.352,0.328,0.217,145.038,4,black-metal,low
63357,3KzgdYUlqV6TOG7JCmx2Wg,Bobby Darin,That's All,Beyond the Sea,68,172480,False,0.521,0.516,2,-7.456,0,0.0369,0.723,0.0,0.257,0.569,136.483,4,j-rock,high
37118,7Fyq0tCeq2nVyYAkCta9gn,Stevie Wonder,Jingle Bell Rock 2022,What Christmas Means To Me - Single Version / Mono,0,148146,False,0.545,0.7,5,-6.961,1,0.0323,0.0982,0.0,0.1,0.799,83.506,4,funk,low
58156,1kqx2Z9AXjbUCbPkUVbIRM,Rammstein;twocolors,Angst,Angst - RMX by twocolors,58,240000,False,0.554,0.885,7,-9.737,1,0.0366,0.0016,0.36,0.164,0.117,118.99,4,industrial,high
28538,4QBtyNxYXxrbFuCdceQNEq,Tritonal;Panache Desai,Tritonia 400,Welcome Home (Tritonia 400),0,109548,False,0.341,0.368,0,-11.651,1,0.0308,0.187,0.834,0.121,0.0343,106.565,4,dub,low
65661,1x7T34ntvHETqgVeYVK2Jm,Alka Yagnik;Sonu Nigam,Lucky: No Time For Love,Chori Chori,48,324880,False,0.722,0.709,11,-11.435,1,0.143,0.558,0.0,0.203,0.945,97.991,4,k-pop,medium
107654,5Uo7AAr2d1CNZlaKgVUT3i,Icona Pop;Cash Cash,All Night (Remixes),All Night - Cash Cash Remix; Radio Edit,42,206250,False,0.591,0.864,4,-2.04,1,0.155,0.0386,0.0,0.139,0.302,128.073,4,synth-pop,medium
84503,5jCp5A9hMitx5zeo5Djofm,Wolfmother,Victorious,Pretty Peggy,49,229000,False,0.425,0.818,0,-4.694,1,0.0299,0.00804,0.000207,0.267,0.668,171.964,4,psych-rock,medium
106381,0Rvg8IFZt5pHS6tCv3f2Hd,Håkan Hellström,Rampljus,Vägen med regnbågen över,40,196636,False,0.69,0.703,7,-7.261,1,0.031,0.374,0.0,0.0996,0.862,126.007,4,swedish,medium
15315,14gmLQPNYokqB8OKxAp69f,keshi,Shang-Chi and The Legend of The Ten Rings: The Album,War With Heaven,64,193373,False,0.622,0.671,5,-6.426,1,0.026,0.014,0.0,0.304,0.572,84.996,4,chill,high
100610,5dDax5Rupym3zTryjXxEsd,Panteon Rococo,Viernes de Webeo,Nunca Fue,35,217853,False,0.629,0.936,7,-3.469,0,0.0901,0.328,0.0,0.113,0.599,165.865,4,ska,medium
40922,0RQTFRdO3LcKQ1GeoXHnIj,Thalles Roberto,Dios Me Ama,Dios De Mi Vida,38,278266,False,0.656,0.876,10,-3.649,1,0.123,0.123,5.72e-05,0.466,0.531,103.911,4,gospel,medium
47068,1f9jv3jIHqwZhVW7NMAgYN,Pantera,Groove Metal Roots & Branches,Mouth for War,1,236720,False,0.361,0.97,8,-5.69,0,0.0837,6.58e-06,0.000162,0.039,0.561,156.96,4,hard-rock,low
111975,7GPBOpYrsIKnvW5T6gG5hl,DJ Shadow,Endtroducing,Organ Donor - Extended Overhaul,42,268973,False,0.662,0.641,1,-8.686,0,0.0317,0.00722,0.729,0.273,0.724,110.111,4,trip-hop,medium
59504,02CBgVtFQjWvmUjzSeMY0O,Crows in the Rain,Little Girl And Lost Blossom,Fatherland,2,291546,False,0.122,0.351,11,-18.039,0,0.0405,0.891,0.769,0.119,0.0734,87.074,4,iranian,low
44130,6OMO6WdRhSfjMPAiPT94wH,Three Days Grace,Human,Painkiller,70,179160,False,0.376,0.95,9,-4.067,1,0.0641,0.00021,0.0,0.0377,0.438,178.018,4,grunge,high
6835,5P9xDjJomlc6NbdhztolF4,Bathory,Requiem,Requiem,17,300000,False,0.477,0.7,2,-9.668,1,0.0412,1.73e-05,0.915,0.114,0.0395,115.098,4,black-metal,low
38073,56NkIxSZZiMpFP5ZNSxtnT,The Strokes,Is This It,Someday,70,183573,False,0.542,0.531,9,-7.481,1,0.0301,0.0033,1.51e-06,0.338,0.671,105.97,4,garage,high
113630,4rzhfYLxMINSb2g5UysPjB,Lucia Guiada,Meditación Guiada Corta - Mantra Meditación Profunda con Voz Femenina y Frases de Tranquilidad para Sanación Diaria,Jardín Japonés (Remedio Zen contra el Estrés),25,380999,False,0.117,0.224,5,-22.045,1,0.0381,0.944,0.963,0.0992,0.0335,87.464,4,world-music,medium
14937,7ImvgDdmUPntMJY9jw9pzg,The Countdown Kids,Happy Halloween! (Spooky Favorites for Kids),This Is Halloween,0,196000,False,0.755,0.692,5,-3.495,0,0.0561,0.628,0.0,0.123,0.454,83.795,4,children,low
63777,3MbCJAYFL2G9Rcou25WRlj,Onze:20,Tudo Nosso,Confia em Mim,34,220267,False,0.622,0.715,6,-6.279,1,0.0435,0.118,0.0,0.105,0.638,161.988,4,j-rock,medium
66054,0OFx1KByHMgqAYsYnrMUVL,Patty Shukla,"Jump, Wiggle and Hop",Phonics Alphabet Song,35,225348,False,0.797,0.296,10,-10.662,1,0.0571,0.61,3.49e-06,0.15,0.726,130.232,4,kids,medium
100502,7uCzfOYv9QcwMq7SjMMCmF,Maldita Vecindad Y Los Hijos Del 5to. Patio,El Circo,Querida,37,209040,False,0.583,0.968,0,-8.869,1,0.0867,0.0641,0.00137,0.659,0.419,106.968,4,ska,medium
87850,4zTPYAf5scZdp0LnwPPeWK,Sleepy Hallow;Fousheé,Deep End Freestyle,Deep End Freestyle,64,115200,True,0.876,0.479,4,-6.687,0,0.44,0.703,0.0,0.102,0.776,133.858,4,r-n-b,high
22332,7MvuFyAPlXazo6NUuei5Di,Therion,Les Fleurs du mal,Lilith,26,148626,False,0.328,0.8,7,-4.682,1,0.0374,0.00193,0.00171,0.265,0.428,81.455,4,death-metal,medium
47985,2XEZ7vNowkcxPDbehugy3Q,Golden Earring,Golden Earring Biggest Hits,Weekend Love,34,255026,False,0.491,0.737,2,-6.132,1,0.04,0.279,0.0,0.106,0.456,166.627,4,hard-rock,medium
61357,3KiNTcxH5cIVqogpiq0A8M,ノースリーブス,君しか,君しか,23,274626,False,0.577,0.985,6,-1.131,0,0.0795,0.0471,0.0,0.373,0.64,145.058,4,j-idol,low
17272,0MBcVBOZy6yR3fZ6R2SFeu,The Magnetic Fields,i,It's Only Time,33,265720,False,0.656,0.484,2,-7.23,1,0.0246,0.268,0.00236,0.124,0.453,100.548,4,club,medium
21192,2SCdjPc4Ip5ZV6Hsi21fhx,Tiwa Savage,Best Afrobeat Tunes,Owo Mi Da,0,172142,True,0.637,0.877,6,-2.864,1,0.169,0.0792,0.00325,0.138,0.825,119.027,4,dancehall,low
103278,7HxpKj0dUj8JZgVPl6ODxO,The Temptations,The Very Best Christmas Songs 2022,Silent Night,0,144480,False,0.277,0.344,0,-11.713,1,0.0264,0.215,8.6e-06,0.185,0.241,89.643,3,soul,low
100391,2H9bGBCVI7pK9qbSkbQI2L,Los Estramboticos,Lágrimas y Risas,De Amor Nadie Se Muere,37,262466,False,0.453,0.981,9,-3.44,1,0.0933,0.0094,0.0015,0.0619,0.566,161.84,4,ska,medium
89947,4SJ5sacEdnS4oNhT1oDYmO,Simon la Letra,Pa las Babys,Fantasias,40,198676,False,0.686,0.627,0,-6.908,0,0.23,0.476,0.0,0.117,0.654,170.125,4,reggaeton,medium
100495,5l9hmME8gMg5xGYn4wJjAl,Los Fabulosos Cadillacs,Chau,"Manuel Santillan, El Leon - Versión Remasterizada (Live)",37,240680,False,0.656,0.931,7,-5.245,0,0.0659,0.25,3.25e-06,0.989,0.814,112.008,4,ska,medium
17088,6GoLARmR2OZl2EldehFrsA,SOPHIE,OIL OF EVERY PEARL'S UN-INSIDES,Immaterial,53,232806,False,0.776,0.717,2,-4.897,1,0.0836,0.115,0.00755,0.327,0.828,139.995,4,club,high
106441,4v465KB3fXln4lxKOmtfcM,Lars Winnerbäck,Eldtuppen,Vykort från alperna,38,275266,False,0.623,0.568,9,-7.63,1,0.0279,0.00101,0.344,0.103,0.189,122.018,4,swedish,medium
20297,35hGB105mhbtMSjThlsZaz,Katy Perry,All I want For Christmas Is Music,Cozy Little Christmas,0,182520,False,0.775,0.608,7,-6.264,1,0.128,0.128,0.0,0.0895,0.56,137.494,4,dance,low
103235,1VNgkKygpjGFRrMRkzMJDh,Otis Redding,Cuddle Up Christmas,Merry Christmas Baby,0,155560,False,0.71,0.291,5,-14.132,0,0.0338,0.35,0.0,0.128,0.856,101.517,4,soul,low
40620,1ioVVRon9nCfTMiUbZnCF3,Fernandinho,Uma Nova História (ao Vivo),Eu Vou Subir a Montanha - Ao Vivo,39,273000,False,0.575,0.849,8,-5.433,1,0.0491,0.101,0.0,0.119,0.229,112.998,4,gospel,medium
73383,51VnMPBZwDhkeZYvhFhNaQ,Worakls,Sparkle,Sparkle,46,304946,False,0.511,0.347,2,-19.678,1,0.0408,0.00353,0.791,0.0558,0.13,169.963,4,minimal-techno,medium
54488,3ZxOjtfOasnDolN3pZ8FAt,The Black Dog,Spanners,Barbola Work,13,402706,False,0.751,0.907,1,-11.562,1,0.0441,0.0272,0.854,0.359,0.924,124.009,4,idm,low
59052,1qWCr2CQkdnutRbk1m46Xd,Porya Hatami;Roberto Attanasio;Aaron Martin,Sallaw,Rêbendan,10,546000,False,0.0886,0.185,9,-22.113,0,0.0394,0.932,0.968,0.0891,0.0381,85.833,3,iranian,low
98190,3VD9CH4sCoy9IkhIuTKxXh,"Company of SpongeBob SquarePants, The New Musical","SpongeBob SquarePants, The New Musical (Original Cast Recording)",Finale: Bikini Bottom Day Reprise,31,123693,False,0.396,0.746,9,-6.351,1,0.295,0.197,1.23e-06,0.0514,0.74,137.911,4,show-tunes,medium
35876,5Ppj23CrX80cvK2krDvL7R,Os Barões Da Pisadinha,Da Roça Pra Cidade (Ao Vivo),Seu Bebê Tá Bebo - Ao Vivo,38,144540,False,0.666,0.952,0,-2.847,1,0.0622,0.475,0.0,0.0502,0.814,172.142,4,forro,medium
37122,7fSqV7QeQSZaihS4X5O78n,Stevie Wonder,Halloween Kids Party 2022,Superstition,0,267733,False,0.611,0.583,1,-14.182,1,0.0668,0.057,0.0195,0.0857,0.877,100.82,4,funk,low
110457,6yyjcaUe0zqxo2CV1Jv3ar,Above & Beyond;Marty Longstaff,Chains,Chains,51,217145,False,0.553,0.726,3,-7.536,0,0.0376,0.0377,0.000198,0.253,0.112,125.937,4,trance,high
11729,4JhlWABoffwIe4biDhnwoK,DragonForce,Sonic Firestorm,Soldiers Of The Wastelands,52,587160,False,0.164,0.955,11,-6.34,0,0.125,5.33e-05,0.00189,0.071,0.146,199.955,4,british,high
26540,2PyGdZHmYOCjYHIis4CpCC,Pat Carroll;Disney,The Little Mermaid Greatest Hits,"Poor Unfortunate Souls (from ""The Little Mermaid"") - From ""The Little Mermaid"" / Soundtrack Version",22,290440,False,0.425,0.384,0,-8.483,1,0.0871,0.746,0.0,0.336,0.419,77.617,4,disney,low
67694,3lwG3gBIuVJJaCbGlrBl8W,Alvaro Soler;Topic,Arbeitsmusik Herbst/Winter 2022/2023,Solo Para Ti,0,198106,False,0.721,0.806,5,-6.279,0,0.0549,0.146,0.000319,0.341,0.753,120.038,4,latin,low
60508,3783kNRWGUu9JQ7TTYpTOO,Ryuji Imaichi,ONE DAY,ONE DAY,21,272533,False,0.61,0.522,3,-3.943,1,0.0379,0.569,0.0,0.168,0.462,109.977,3,j-dance,low
7373,6jqgfUKBB7g8MAzil44eCn,The Lil Smokies,Changing Shades,Might as Well,26,164995,False,0.575,0.526,9,-8.852,1,0.0336,0.533,0.00153,0.0841,0.911,118.668,4,bluegrass,medium
105564,697kvLFUMf4eK85X1i1vTG,Matt Large,Tainted Tuesday,Tainted Tuesday,27,215446,False,0.594,0.487,4,-8.086,0,0.039,0.49,0.947,0.105,0.147,78.983,3,study,medium
100851,6nvVrOYJKgeLHobIFrA2w2,The Falcon,Unicornography,Blackout,34,183146,False,0.319,0.938,9,-7.169,1,0.046,0.000435,3.37e-05,0.0688,0.87,191.989,4,ska,medium
104920,2EVQMZu5H75Q4wHmcCpLHH,Porta,No Hay Truco (Maqueta 2007),Voy a Saco,27,201660,True,0.809,0.811,1,-4.751,1,0.315,0.138,0.0,0.328,0.905,92.038,4,spanish,medium
91370,7ujmpF0vCLlFJJBPmiFXQR,Bryan Adams,Christmas Songs 2022,Christmas Time,1,243057,False,0.503,0.582,0,-4.324,1,0.0253,0.472,0.0,0.103,0.326,77.321,4,rock,low
37514,1jjmqxL4LmMpjEqOQCAZfT,Salvador Da Rima;MC Ryan SP,Conto as Horas,Conto as Horas,47,170666,True,0.755,0.528,3,-5.919,0,0.51,0.318,0.0,0.193,0.434,89.97,4,funk,medium
90346,0uGTUhUrqGx9LYkkiLUXE4,Los Brios,Ayer y Hoy,Te Acordaras de Mí,36,228205,False,0.602,0.564,9,-11.127,1,0.0332,0.0586,0.0,0.151,0.725,97.978,4,rock-n-roll,medium
35472,5OxgxxwGYno3o2kbUWe5og,Toca do Vale,Seu Polícia,Seu Polícia,41,185887,False,0.441,0.64,0,-4.626,1,0.049,0.469,0.0,0.323,0.491,139.059,4,forro,medium
90970,7oFvnVEGN3hcThYaXFTSk3,Alberto Vazquez,Baladas,Inevitable,28,179954,False,0.735,0.367,7,-12.055,1,0.0379,0.359,1.02e-05,0.126,0.328,130.768,4,rock-n-roll,medium
29436,3wfe7TOR3KtSczB4HAzSg9,DJ Noiz;Konecs;Tashay,Ofa Mai Og,Ofa Mai Og,46,209495,False,0.877,0.697,10,-2.565,1,0.0345,0.113,0.0,0.0549,0.739,102.008,4,dubstep,medium
103418,4yeNEikDoJHQQhARd7atfR,SG Lewis;Ty Dolla $ign;Lucky Daye,LUGNA HITS,Vibe Like This,4,227435,True,0.607,0.836,10,-4.138,0,0.2,0.00258,0.0,0.342,0.727,99.006,4,soul,low
88444,5mVW4nXaUzd8bRn0MWQb9H,Yandel;Sebastian Yatra;Manuel Turizo,Fiesta Reggaeton 2010s,En Cero,1,223586,False,0.733,0.783,9,-4.788,1,0.0386,0.156,0.0,0.286,0.634,93.018,4,reggae,low
15495,1tyxZ2buhi3Zn32j5LEpb5,Sarah Kang;Jesse Barrera,Fall for You,Fall for You,60,175942,False,0.574,0.462,1,-7.928,1,0.0324,0.661,2.71e-05,0.0855,0.501,139.909,4,chill,high
15507,1LeItUMezKA1HdCHxYICed,ODESZA;Zyra,In Return,Say My Name (feat. Zyra),65,262956,False,0.749,0.745,6,-7.367,0,0.0479,0.0041,0.395,0.0748,0.347,115.048,4,chill,high
88708,6DoL1yYIwEW7VZMRaJhoJI,Chris Jedi;Anuel AA;Chencho Corleone;Ñengo Flow,La Llevo Al Cielo (Ft. Ñengo Flow),La Llevo Al Cielo (Ft. Ñengo Flow),88,254920,True,0.795,0.845,9,-3.809,0,0.135,0.105,1.14e-05,0.172,0.769,170.023,4,reggae,very_high
102049,2oXn3MJihO2BtAIrLogXjT,Stephen Sanchez,Christmas Vibes But Not Christmas Songs,Until I Found You,0,177720,False,0.539,0.508,10,-6.05,1,0.0288,0.727,0.0,0.174,0.227,101.358,3,songwriter,low
12148,3VXFvEdVfqo6Bc2qr7ZsAS,彭家麗,彭家麗 至愛精選,"是不是這樣的夜晚, 你才會這樣的想起我",27,248400,False,0.544,0.424,7,-9.348,1,0.0445,0.553,0.0,0.127,0.171,67.09,4,cantopop,medium
71993,24Kt3cqu1EAvgk6VQiQ2UB,Oficina G3,Humanos,Ele Se Foi,38,270512,False,0.551,0.595,2,-6.407,0,0.0283,0.0848,0.000165,0.393,0.26,144.184,4,metal,medium
69744,4jpg2Qise04xi5qoxsfre2,Sujatha,Unnidathil Ennai Koduthen (Original Motion Picture Soundtrack),Vaanampaadiyin,22,255880,False,0.589,0.826,7,-7.22,0,0.042,0.0836,1.7e-05,0.142,0.86,169.768,4,malay,low
87470,418OrMDXzoHxieAIKD4tBO,Lobão,"Lobão Elétrico Lino, Sexy & Brutal - Ao Vivo Em São Paulo (Deluxe Version)",Me Chama (Deluxe Version),44,219788,False,0.43,0.776,2,-5.563,1,0.0412,0.137,0.00046,0.804,0.491,105.076,4,r-n-b,medium
57989,3RqkIWvQt2OZzEU0EzV4IK,Sanah Moidutty,Enna Solla (Rendition),Enna Solla - Rendition,42,173647,False,0.507,0.442,4,-9.29,1,0.136,0.73,0.00583,0.251,0.515,113.385,4,indie,medium
29419,1UvLYkSfgqGbEgykqBWGx6,Porter Robinson,Nurture,Sweet Time,47,251509,False,0.457,0.728,2,-8.625,1,0.0497,0.192,0.0292,0.0944,0.439,84.976,4,dubstep,medium
92433,53SAk5gi3DHwjzfF4pjHHo,Toini & The Tomcats,Traction,Turtle Dove,29,122653,False,0.498,0.929,7,-6.131,1,0.0421,0.297,0.0754,0.202,0.971,164.385,4,rockabilly,medium
27880,1VldNdaH00AnC8MGDdI3fP,Pola & Bryson,This Time Last Year,This Time Last Year,15,297400,False,0.419,0.82,9,-6.928,0,0.0371,0.000557,0.617,0.668,0.155,174.997,4,drum-and-bass,low
95435,0dV78FxDrS9aqIaZaoAKBy,Ronald Borjas;Nelson Arrieta,Sobran Los Momentos (En Vivo),Sobran Los Momentos (En Vivo),31,226931,False,0.749,0.874,0,-5.384,1,0.05,0.307,0.0,0.361,0.897,99.455,4,salsa,medium
46648,1Br4qJjZjN7u79IWXkqYAI,De Doelleazen,Wy Jouwe Gas,Fan Foar Nei Achter,19,120427,False,0.596,0.971,0,-3.944,1,0.134,0.154,0.0,0.769,0.372,154.953,4,happy,low
31966,5qhHm4dN4L2dhRb2TfzGPw,Lauv,~how i'm feeling~,Lonely Eyes,58,196493,False,0.586,0.499,2,-7.005,1,0.0267,0.0418,0.0,0.0994,0.369,95.012,4,electro,high
78052,3YEPUR731DgSBj3QBNsGEc,Bierkapitän,Ballermann Party Hits Megamix 2022.2,Ein Pils steht im Wald (Die Tannen zapfen),0,191102,False,0.657,0.989,0,-1.919,1,0.164,0.125,0.0,0.312,0.353,130.015,4,party,low
52379,23r4WuiqilwO8pPwY2Xi3c,Hank Williams;Drifting Cowboys,The Ultimate Collection,Your Cheatin' Heart,13,162600,False,0.666,0.23,0,-11.629,1,0.0288,0.748,2.85e-05,0.125,0.666,127.81,4,honky-tonk,low
89493,1ErVAnzjNvyXSodWbOTYNu,Greeicy;Anitta,Halloween 2022 Perreo Vol. 1,Jacuzzi,0,184106,False,0.821,0.736,0,-4.484,0,0.0669,0.0914,0.0,0.0542,0.941,93.008,4,reggaeton,low
85527,61M0BDzSkEdj82xDM8hl6B,Ultraje a Rigor,2 é Demais,Rebelde sem causa,38,203306,False,0.665,0.864,0,-9.67,1,0.0551,0.0991,0.00817,0.102,0.906,176.491,4,punk-rock,medium
108054,0oXtjeA7Swkk2qbm8JZheN,Sandra Luna;Juan Esteban Cuacci,Solos,Anclao en París,27,103880,False,0.587,0.443,4,-7.584,1,0.0581,0.901,8.2e-06,0.198,0.636,99.006,4,tango,medium
43789,2YmNcSuE0Bv2KdHf9Ehewu,Mastodon,The Hunter,The Hunter,27,317720,False,0.418,0.751,7,-4.763,0,0.0318,2.03e-05,0.829,0.0984,0.0912,118.01,4,groove,medium
18269,7LD83Y72Wm4VN3dQT9ngvJ,Tim Wilson,Certified Aluminum: His Greatest Recycled Hits Volume 1,The Jeff Gordon Song,25,130666,False,0.814,0.81,2,-6.799,1,0.0559,0.311,0.0,0.1,0.954,122.052,3,comedy,medium
79682,1u7kQUb3lQcpHaYRfia13A,Billy Joel,Storm Front,And So It Goes,53,217573,False,0.433,0.0871,0,-14.532,1,0.0341,0.91,1.98e-05,0.113,0.336,135.498,4,piano,high
46864,16z3mipuOFfmSzLVAf04iP,Joey Riot,Hardcore Heaven 4,Medi Evil,17,106293,False,0.274,0.985,1,-5.428,0,0.0559,3.33e-05,0.152,0.0997,0.41,180.636,4,happy,low
66223,14zi5hDntwHO3VjYQfR7kj,That Girl Lay Lay;Tha Slay Gang,Long Hair,Long Hair,17,198420,False,0.833,0.588,6,-6.866,1,0.24,0.0057,0.0,0.153,0.466,81.031,4,kids,low
66793,2g1EQO48cbVQy3YEGAe7rS,Mixx Master Lee,The Mississippi Cha Cha Slide A.K.A. STOMP 2007,"Featuring Mixx Master Lee, Red Rum & J. Smoov (Funky Mix)",7,341933,False,0.981,0.675,0,-8.094,1,0.081,0.0291,0.0,0.122,0.854,113.995,4,kids,low
47155,5IX4TbIR5mMHGE4wiWwKW0,Metallica,...And Justice For All,One,73,447440,False,0.437,0.695,7,-9.447,1,0.0617,0.00111,0.0857,0.124,0.413,102.178,3,hard-rock,high
90665,3tNyFKxcFszV0TiDDJsYVx,Elvis Presley,Elvis Now,Hey Jude,56,271573,False,0.333,0.338,3,-15.48,1,0.0278,0.783,0.000116,0.11,0.627,78.662,4,rock-n-roll,high
96883,0AsOBvYOdl3UliZNmoitd5,Agepê,Warner 25 Anos,Moro onde não mora ninguém,37,207480,False,0.692,0.694,0,-7.852,1,0.0627,0.28,0.0,0.252,0.758,139.856,4,samba,medium
50529,51xQ0wGnOR8Sy5ce2UmVLi,Almafuerte,Trillando la Fina,Glifosateando,23,233586,False,0.478,0.817,5,-4.206,1,0.0297,0.00498,6.61e-05,0.428,0.501,88.011,4,heavy-metal,low
56437,06e6SO3exwSgVxIf04BoU3,Maisie Peters,Internet Sensations,Cate's Brother,1,180589,False,0.735,0.648,1,-4.523,0,0.0334,0.0114,0.000213,0.309,0.395,97.985,4,indie-pop,low
110954,1pvm2RwPMaEqiSgjcyyuXc,Astrix,Artcore,Sex Style,34,410880,False,0.583,0.821,5,-6.576,0,0.0571,0.00348,0.918,0.352,0.244,143.02,4,trance,medium
102446,6DEGStgt5L8qOKvuZ4R7Wq,Sturgill Simpson,Finest Country,All Around You,0,215693,False,0.312,0.562,9,-6.495,1,0.0298,0.123,0.165,0.136,0.513,185.718,3,songwriter,low
83953,1GbVo45KvYX3chroJggkIx,Martin Garrix,Oops,Oops,46,232509,False,0.618,0.535,1,-6.941,1,0.0421,0.00115,0.0,0.377,0.154,128.022,4,progressive-house,medium
90657,3Z4ZuDrY684IFTBz2ze708,The Spencer Davis Group,Gimme Some Lovin' / Blues In F,Gimme Some Lovin' - Single Mix,64,178840,False,0.598,0.564,0,-6.454,1,0.032,0.216,0.000204,0.277,0.43,147.619,4,rock-n-roll,high
62866,1bIZxrSkbxatnTo8ObcIxX,Kenshi Yonezu,BOOTLEG,orion,58,281906,False,0.702,0.614,8,-4.93,1,0.028,0.103,0.0,0.231,0.507,104.022,4,j-pop,high
47621,4A065x9kJt955eGVqf813g,Alice In Chains,Dirt (2022 Remaster),Them Bones (2022 Remaster),69,149466,False,0.159,0.946,9,-5.756,1,0.0629,0.0235,8.06e-06,0.387,0.309,165.014,1,hard-rock,high
14733,438KuLC5HQSYXj2kproGYt,Tatiana,"Brinca, Vol. 2",Una Rata Vieja,31,228240,False,0.641,0.728,0,-8.04,1,0.0314,0.197,3.56e-06,0.269,0.589,112.019,4,children,medium
64907,4smkJW6uzoHxGReZqqwHS5,Billie Holiday,Billie Holiday,I'll Be Seeing You,65,211533,False,0.355,0.0304,1,-20.479,1,0.0361,0.989,0.0555,0.116,0.188,90.495,3,jazz,high
7405,5vnT7jSH16iKSCnwClARbQ,The Lil Smokies,Movies,Movies,24,261674,False,0.327,0.48,0,-10.431,1,0.031,0.685,0.00123,0.174,0.504,159.222,4,bluegrass,low
89209,7af1WixhIA44jYgzXU19da,Daddy Yankee;Bad Bunny,Bájale como 7500,Vuelve,2,279613,False,0.734,0.531,1,-5.662,1,0.0321,0.196,0.0,0.119,0.199,130.025,4,reggaeton,low
2179,7LyODTwVRK0KN0615tcBPq,Marilyn Manson,Halloween Scary Party,The Beautiful People,0,222773,True,0.609,0.948,9,-4.938,1,0.113,0.00404,0.0978,0.042,0.786,144.037,4,alt-rock,low
85448,1LcnI3qjdUdJTml8zX1bAN,Matanza,Pior Cenário Possível,A Sua Assinatura,40,208373,False,0.438,0.979,2,-6.131,1,0.0912,0.00108,2.63e-05,0.0836,0.692,176.127,4,punk-rock,medium
4938,5nsLvUjkuieHOsDyLuhel1,Brian Eno,FOREVERANDEVERNOMORE,Sherry,39,205920,False,0.263,0.0639,6,-21.149,1,0.0383,0.907,0.884,0.108,0.0537,74.584,3,ambient,medium
9342,2Adshg6ixiUmC5ljN4Anx5,Elis Regina,Ressaquinha,Corcovado,0,232786,False,0.396,0.44,0,-9.062,1,0.0459,0.915,5.1e-05,0.697,0.18,105.145,4,brazil,low
7278,1lfABcpFAezEOgrU0Ifyps,Bad Livers,Delusions of Banjer,Pretty Daughter,25,156133,False,0.503,0.387,0,-11.937,1,0.034,0.855,0.000444,0.105,0.718,118.219,4,bluegrass,medium
98770,7sQLBh4Lo5jpYTUpdxTMep,"Original (German) Cast of ""Tanz Der Vampire""",Tanz Der Vampire,Ein perfekter Tag,21,231573,False,0.378,0.199,9,-18.971,1,0.186,0.778,1.71e-06,0.114,0.242,77.657,4,show-tunes,low
74416,2YsmKB2d5gJcFXuWIa3SJh,Jorge Ben Jor,Bem-Vinda Amizade,Santa Clara Clareou,43,211133,False,0.472,0.564,10,-15.053,1,0.0932,0.103,5.58e-06,0.0645,0.627,201.561,4,mpb,medium
47950,4QB2cdh2v5zeRD1khGF9A5,Aerosmith,Just Push Play,Fly Away From Here,63,301760,False,0.387,0.686,4,-5.368,1,0.0363,0.142,0.0,0.122,0.171,142.091,4,hard-rock,high
26079,3DSnrvJEvNXDDd93BHOCW6,Rob Cantor,Disney Junior Music: Lullabies Vol. 2,A Great Ballerina,32,82550,False,0.573,0.315,9,-13.191,1,0.0415,0.888,0.879,0.122,0.362,163.972,3,disney,medium
44354,0zqwz7SNny9fwqSDpIu4qN,Thirty Seconds To Mars,LOVE LUST FAITH + DREAMS,Up In The Air,55,275786,True,0.483,0.862,11,-3.864,0,0.0857,0.00577,0.0,0.227,0.449,124.025,4,grunge,high
90457,1eqGYJJr2z2GXK1i0hD3BC,Pat Boone,Pat Boone's Greatest Hits (Reissue),Love Letters In The Sand - Single Version,55,134560,False,0.571,0.196,3,-13.216,1,0.0278,0.811,0.0,0.142,0.555,88.728,4,rock-n-roll,high
51465,32U1XMh3DKlm45uvpofhvY,Mustafa Zahid,Ek Villain,Zaroorat,61,368852,False,0.354,0.712,3,-6.109,0,0.0589,0.358,4.19e-05,0.274,0.238,93.345,4,hip-hop,high
88058,3LaQzvfIetBWdtIV0JoBwF,J Balvin;Bad Bunny;Mr Eazi,Feliz Cumpleaños con Perreo,COMO UN BEBÉ,5,218826,False,0.825,0.807,6,-5.753,1,0.095,0.0741,4.79e-06,0.138,0.816,103.053,4,reggae,low
36396,4SJ05qIEyH0BGgu6P7LQ7x,Niaks;Fresh La Douille,Du sale (feat. Fresh LaDouille),Du sale (feat. Fresh LaDouille),36,211360,True,0.723,0.818,4,-5.81,0,0.441,0.304,0.0,0.111,0.644,100.992,4,french,medium
30697,2AwTFpFcTm9TyOXqu2OZ8D,Brando;Ninetails,Armada Music - ADE 2022,Saturday Night (Feel The Groove),0,153925,False,0.692,0.775,4,-4.241,0,0.0617,0.0278,0.0,0.427,0.634,121.994,4,edm,low
42086,1Pp4j17K48YSg5KWL3XbPl,Weekend Nachos,Unforgivable,Shot in the Head,20,90840,False,0.168,0.968,1,-4.458,0,0.0732,0.000117,0.116,0.405,0.131,80.553,4,grindcore,low
45845,72lOYxOQpybJ0Wa6Gz8bpA,Los Tecolines,12 Grandes exitos Vol. 1,Pecadora,22,186226,False,0.705,0.51,2,-7.085,1,0.0289,0.856,1.17e-05,0.105,0.747,98.473,4,guitar,low
65412,1ycq2btx7kf6bXdWILZhXa,Anupam Roy,Piku,Bezubaan,53,341177,False,0.403,0.56,2,-7.46,1,0.0362,0.354,5.71e-06,0.125,0.168,155.701,4,k-pop,high
90727,0De50i0ncXQiU30WxASCQU,Los Baby's,Antología...Los Baby's,Regresa ya,30,210226,False,0.468,0.51,0,-5.944,1,0.029,0.821,0.0,0.108,0.51,95.703,4,rock-n-roll,medium
15827,1CM16VHSXw4CcvZUPsa8CU,Mounika.;Ocie Elliott,I Need Space,Tender love,63,203500,False,0.632,0.372,6,-12.723,1,0.0403,0.53,0.806,0.117,0.278,81.012,4,chill,high
48847,7DWPHuEmmbQTIZ5Uat5wBe,Ratos De Porão,Homem Inimigo do Homem,Expresso da Escravidão,33,164906,False,0.311,0.997,4,-4.693,0,0.11,0.000756,0.000982,0.128,0.257,139.197,4,hardcore,medium
53475,4QVS8YCpK71R4FsxSMCjhP,Gryffin;Elley Duhé,Tie Me Down (with Elley Duhé),Tie Me Down (with Elley Duhé),65,218295,False,0.548,0.839,6,-2.371,1,0.0644,0.135,0.0,0.102,0.314,98.932,4,house,high
3867,0EYOdF5FCkgOJJla8DI2Md,System Of A Down,Mezmerize,B.Y.O.B.,77,255466,True,0.538,0.981,1,-2.688,0,0.14,0.00662,0.0,0.219,0.711,101.414,4,alternative,very_high
72926,7016dO2qW95yFxtNsnVZcv,The Amity Affliction,Glory Days,Cut It Out,23,225920,True,0.217,0.695,11,-6.802,0,0.0596,0.00031,5.33e-06,0.221,0.216,93.262,4,metalcore,low
89693,3UDfuH2TIyuc7W5V6SKXMz,Hector & Tito,Halloween 2022 Perreo Vol. 3,Sientan El Ran Tan Tan,0,173933,False,0.704,0.727,2,-5.004,1,0.412,0.0596,0.0,0.214,0.301,93.533,4,reggaeton,low
24107,7coBtGI4WkeKYvrnV8qqCn,Eddie Fowlkes,Knuckle Head Series Vol 3.,You Know!,12,367194,False,0.824,0.766,1,-7.615,1,0.0421,0.000147,0.673,0.13,0.0692,128.056,4,detroit-techno,low
108855,70kWchKWK36Uf5cVIoDbgK,Los Muchachos De Antes,Silueta Porteña,Union Civica,16,110602,False,0.783,0.432,2,-12.045,1,0.0665,0.835,0.836,0.264,0.721,91.864,4,tango,low
70389,6OAUhxFZzaRHHC8XiuIkvb,A-Mei Chang,我要快樂 (Deluxe Version),人質,55,232853,False,0.366,0.28,8,-7.394,1,0.033,0.884,1.82e-06,0.129,0.258,128.895,4,mandopop,high
7822,2UhZqGbLm1dPkPkLsEhv0C,Dan Tyminski,Wheels,Making Hay,20,237106,False,0.505,0.367,2,-10.009,1,0.0271,0.841,0.0,0.114,0.564,142.702,4,bluegrass,low
111282,0X0KsypC7C3vcOGHXRLoRw,Faithless;Boy George,Sunday 8pm / Saturday 3am,Why Go? (feat. Boy George),22,237706,False,0.255,0.363,11,-13.201,0,0.0782,0.794,0.00953,0.138,0.213,193.375,4,trip-hop,low
40877,24Kt3cqu1EAvgk6VQiQ2UB,Oficina G3,Humanos,Ele Se Foi,38,270512,False,0.551,0.595,2,-6.407,0,0.0283,0.0848,0.000165,0.393,0.26,144.184,4,gospel,medium
109935,34ne8DjjVzC1BoO5CAho0a,Charlotte de Witte,Rave On Time EP,There's No One Left To Trust,42,399425,False,0.784,0.653,1,-11.758,1,0.101,0.0203,0.894,0.106,0.0754,136.005,4,techno,medium
1320,2hNvVIN88wlihfnm8Wbk5h,Los Amigos Invisibles,Arepa 3000,Si Estuvieras Aquí,25,251413,False,0.693,0.569,9,-9.466,0,0.0303,0.62,0.857,0.157,0.626,130.011,4,afrobeat,medium
10388,4GWCwIinb0Kov5ys5vFZKa,Freestylers;Sol Sonic Force,We Rock Hard,We Rock Hard,14,428533,False,0.789,0.593,0,-12.984,1,0.0924,0.00782,0.000391,0.0541,0.784,123.854,4,breakbeat,low
37872,1Sfy6ZDSpQIrBFmYCUITyd,Jão,LOBOS (Deluxe),Me Beija Com Raiva,44,196658,False,0.621,0.677,5,-5.739,0,0.0669,0.271,0.0,0.102,0.483,150.027,4,funk,medium
104671,22NQtVIDxZu1oJ9AlcX3U1,Alex Ubago,Te pido otra oportunidad,Te pido otra oportunidad,27,193437,False,0.742,0.767,6,-5.069,0,0.0598,0.31,0.0,0.0877,0.339,143.92,4,spanish,medium
27640,1RsgKUa0dp0BhIBTgUGBfv,Shapeshifter,Found In You,Found In You,17,315196,False,0.428,0.718,10,-7.456,0,0.0488,0.0272,0.00422,0.0871,0.135,174.984,4,drum-and-bass,low
50673,2ajr0j1iQIBK9tuT6UU6Pa,Carajo,Inmundo,Una Oportunidad,23,232146,False,0.647,0.939,10,-2.873,0,0.0822,0.000923,0.000432,0.0839,0.742,125.995,4,heavy-metal,low
7853,1I9dSqB5XSdwOfn9M8zpRg,Sarah Jarosz,Build Me Up From Bones,Build Me Up From Bones,52,216173,False,0.53,0.283,5,-11.962,1,0.0367,0.876,0.000141,0.106,0.282,114.982,4,bluegrass,high
54111,5RVLQZ4loqTe85rLMv0v5Y,Kyson,Lucky Notes,Streetlights,0,186221,False,0.546,0.323,2,-12.735,1,0.0508,0.66,0.0,0.103,0.149,80.149,4,idm,low
107384,4EFkvOhgAmlHEfDfvfSoh5,Duran Duran,Duran Duran (Deluxe Edition),Girls on Film - 2010 Remaster,64,212853,False,0.725,0.859,7,-6.208,1,0.0636,0.0173,0.0137,0.048,0.53,131.697,4,synth-pop,high
5981,2M5GEutcYF836KEjZbNaed,Kato,Avatar Vibes,Avatar: the Last Airbender,44,94356,False,0.741,0.127,9,-13.375,0,0.046,0.893,0.892,0.106,0.229,86.091,4,anime,medium
66594,03WUYXkJU0ZTexcRAwqOAW,Chicken Dance Mix DJ's,CHICKEN DANCE PARTY,Hokey Pokey [Deluxe],9,215040,False,0.629,0.797,8,-4.393,1,0.199,0.0218,0.0,0.107,0.708,124.874,3,kids,low
108386,2viCIYNMD2Nli21t7GSvgH,Roberto Goyeneche,15 Grandes Exitos - Los Discos De Oro De Roberto Goyeneche,Volvio Una Noche,21,188466,False,0.558,0.415,2,-7.777,1,0.0845,0.616,0.0,0.103,0.425,113.579,4,tango,low
65562,5UllzucVnT1jpCcpMdKktX,Vidyasagar;Unni Menon;Srivarthini,Alli Thantha Vaanam (Original Motion Picture Soundtrack),Kannalay Miya Miya,48,294013,False,0.736,0.621,9,-10.582,0,0.057,0.0375,0.0029,0.249,0.608,137.344,4,k-pop,medium
4176,1ulB5740qjdSila4Vjnb7Z,Novo Amor,"Cannot Be, Whatsoever",Birdcage,54,202226,False,0.574,0.407,1,-8.321,1,0.0243,0.902,0.637,0.0927,0.223,82.047,4,ambient,high
111228,1FAjZGlOvH4TgLT5EuDhyF,Emancipator,Baralku,Ghost Pong,47,291680,False,0.655,0.468,7,-7.712,1,0.0373,0.157,0.881,0.0955,0.406,89.999,4,trip-hop,medium
11145,2KeYak32m4woe19To44AFD,Joss Stone,Christmas Dinner,All I Want For Christmas,0,193621,False,0.588,0.332,0,-12.255,1,0.0542,0.59,4.45e-06,0.0468,0.153,86.985,4,british,low
40703,7e5dxB4XlHbzakVj25TvQS,Projeto Norte,Experimente a Jornada,Incrivelmente,40,267972,False,0.592,0.412,0,-9.381,1,0.0263,0.563,4e-05,0.102,0.192,96.911,4,gospel,medium
56861,6lOWoTqVnAWXchddtTH31W,Tom Walker,Leave a Light On,Leave a Light On,71,185863,False,0.586,0.624,5,-5.946,1,0.113,0.0153,1.78e-06,0.133,0.267,68.976,4,indie-pop,high
26456,6CDiKAFgbWXlwQTU59GKYT,Samuel E. Wright;Disney,The Little Mermaid,"Kiss the Girl - From ""The Little Mermaid""/ Soundtrack Version",56,163386,False,0.671,0.225,0,-16.569,1,0.0493,0.661,0.0,0.102,0.717,134.852,4,disney,high
104217,7y4wECa98r7Q5asLVLpRPU,Andy & Lucas;Abraham Mateo;Lérica,Son de Amores (V20.0),Son de Amores (V20.0),62,178661,False,0.689,0.815,7,-4.55,1,0.0972,0.149,0.0,0.23,0.701,92.988,4,spanish,high
23250,3PHVj8LcrqgZUhS5LPAHc8,WHTKD,Say To Me,Say To Me,58,154000,False,0.769,0.443,4,-10.857,0,0.0711,0.0103,0.358,0.106,0.589,125.976,4,deep-house,high
16854,0nRomK6bgDwuunxQV9Ares,Wolfgang Amadeus Mozart;Ingrid Haebler,Mozart: The Complete Piano Sonatas,"Piano Sonata No. 1 in C Major, K. 279: III. Allegro",5,225160,False,0.475,0.13,0,-23.447,1,0.0532,0.995,0.898,0.0963,0.781,116.459,4,classical,low
81018,0yCWDaAgOtg6TKlNCg9rwA,King,The Carnival,Tu Aake Dekhle,81,270000,False,0.77,0.84,11,-4.022,1,0.107,0.515,0.00452,0.145,0.192,96.012,4,pop,very_high
31758,6cjSh516BbrNUs213jDAGm,benny blanco;Juice WRLD,Graduation (with Juice WRLD),Graduation (with Juice WRLD),69,177847,True,0.731,0.65,0,-5.286,1,0.271,0.107,0.0,0.124,0.605,154.968,4,electro,high
54518,5CzHzNcx8TNgajurPW4lTU,The Black Dog,Fighting Modernism EP,Waiting For Light,13,349813,False,0.477,0.555,8,-18.299,1,0.031,0.444,0.729,0.107,0.0721,123.016,4,idm,low
112498,08s1q5FYAlHnLdadK0Cspk,Teoman,Gönülçelen,Zamparanın Ölümü (İkinci Ve Son Bölüm),40,301000,False,0.774,0.745,8,-6.335,1,0.0382,0.0127,4.11e-05,0.327,0.567,100.464,4,turkish,medium
19208,3kV81EbR3PjIzZV3MSabIW,Kacey Musgraves;Lana Del Rey,Christmas Best Hits 2022,I'll Be Home For Christmas - From The Kacey Musgraves Christmas Show,0,132108,False,0.469,0.183,5,-15.414,1,0.0407,0.829,0.0,0.71,0.381,139.592,4,country,low
76097,1Kv3m2HuiHuYJp5X5g9cdg,Gaetano Donizetti;Vincenzo Ciliberti,CD 1 I CLASSICI,Lucia di Lammermoor - Spargi d'amaro pianto,0,269601,False,0.27,0.497,3,-7.187,1,0.0357,0.985,0.895,0.386,0.151,107.786,4,opera,low
103584,0aSXJqJQStp2UhSJYndLCz,The Supremes,A Very 60s Christmas,Children's Christmas Song - Stereo,0,170506,False,0.674,0.666,10,-9.749,1,0.0381,0.392,0.0,0.231,0.734,115.868,4,soul,low
26601,67KK8lM4bOhXjkCby8UOPx,Gisela,Frozen: El Reino del Hielo (Banda Sonora Original),¡Sueltalo!,42,224040,False,0.67,0.422,8,-6.953,1,0.0324,0.835,0.0,0.141,0.359,137.046,4,disney,medium
90323,1LwsT07U5Pg78Esix68Yb4,Roberto Jordan,Roberto Jordán,1 2 3 Detente,35,134661,False,0.671,0.617,11,-11.625,1,0.0369,0.788,0.00109,0.169,0.926,127.344,4,rock-n-roll,medium
100699,1PpFbfG447nP3TZtnZwDkk,Los Fabulosos Cadillacs,En Vivo en The Theater at Madison Square Garden,Matador - En Vivo en Theater at Madison Square Garden,35,302146,False,0.481,0.986,9,-4.047,1,0.289,0.209,0.0448,0.931,0.194,190.035,4,ska,medium
97908,2KzOD92yQUW7kP0lgCYNgC,Vitinho Imperador,Na Pegada do Imperador,Se Rapariga Fosse Flor,45,173255,False,0.707,0.789,0,-6.634,0,0.0441,0.466,0.000432,0.247,0.916,160.053,4,sertanejo,medium
85960,6QZ8h3RqIgTRTo3hfaqryx,The Maine,Lovely Little Lonely,Black Butterflies and Déjà Vu,58,203057,False,0.452,0.945,5,-4.515,1,0.103,0.0373,4e-05,0.22,0.504,167.95,4,punk-rock,high
72814,2g3erkcUse49xvnHuPyVTq,Spiritbox,Eternal Blue,Eternal Blue,13,239706,False,0.256,0.92,6,-4.914,0,0.0751,0.000331,0.000352,0.457,0.289,124.707,4,metalcore,low
28395,7ITEWyZlNF2bpDPsHan8Ea,Datune,Changer d'air,Cette fois,31,320453,False,0.691,0.706,8,-6.845,0,0.169,0.0301,0.0,0.11,0.714,79.995,4,dub,medium
81326,4oGJXrQZrDehnZX6NT5MPn,Justin Bieber,Beste Weihnachtslieder,Mistletoe,0,183066,False,0.623,0.668,6,-7.282,0,0.0531,0.475,0.0,0.0862,0.823,161.948,4,pop,low
54765,2zqdru4f7gqu5xswgH4WWM,Autechre,NTS Session 2,e0,12,944613,False,0.573,0.498,1,-16.349,1,0.059,0.629,0.776,0.109,0.2,159.976,4,idm,low
7828,49DqqXLKYOh9TARKleBQbe,Old Crow Medicine Show,Carry Me Back,Half Mile Down,22,181133,False,0.48,0.643,7,-6.889,1,0.0479,0.26,1.21e-06,0.0935,0.91,200.812,4,bluegrass,low
30416,6mAEGwvlMfcBoljHZfKttI,Clean Bandit;French The Kid;Rema,From The Ashes - New Beats,Sad Girls,0,163472,True,0.799,0.847,5,-7.808,1,0.0956,0.254,2.14e-05,0.339,0.529,115.016,4,edm,low
41191,5LEXecCiCViwcdJvDMoWZR,Håkan Hellström,"Nåt gammalt, nåt nytt, nåt lånat, nåt blått",Precis som Romeo,29,345906,False,0.342,0.77,11,-3.958,1,0.0363,0.0585,1.46e-05,0.372,0.411,89.553,4,goth,medium
103664,7JOCpcEFZ0OaQQHAbjfR0q,dvsn,The Look - R&B Feels,If I Get Caught,0,186114,True,0.797,0.492,8,-5.288,0,0.0815,0.159,0.0,0.0584,0.875,149.019,3,soul,low
22984,17Xm9Lpd9wwLygRGJZtbt4,Soilwork,Underworld,Summerburned and Winterblown,21,255328,False,0.497,0.99,4,-4.513,0,0.0779,2.26e-05,0.256,0.101,0.0452,124.992,4,death-metal,low
11913,1FpCFdMV15DtYUeMuAzo7Z,Emma Stevens,Light Year,Keep Dreaming,34,207880,False,0.312,0.338,8,-9.205,1,0.0454,0.731,0.0,0.106,0.243,170.166,4,british,medium
8948,5omSKZvHQUH8WRUTOTC1cU,Sir Charles Jones,The Best of Sir Charles Jones - For Your Love,Is There Anybody Lonely,32,279506,False,0.791,0.44,0,-8.443,1,0.0416,0.64,0.0,0.0926,0.553,110.105,4,blues,medium
67420,6jVapl5VCINHCwvrVuZ4Pj,Danna Paola,Halloween 2022 Pop Vol. 1,Sodio,0,187373,False,0.508,0.76,9,-4.8,0,0.0851,0.0662,0.0,0.143,0.414,86.762,4,latin,low
85934,52Wj2qAjMAzt65ClmS4uKh,Milliarden,Betrüger,Freiheit is ne Hure,35,220853,False,0.297,0.652,7,-4.829,1,0.0465,0.129,0.0,0.146,0.294,142.366,3,punk-rock,medium
23815,3voNCdMNCd1M2Yh1Y7cm4Y,Joshwa;JADED;Eliza Legzdina,Kerching,Kerching,49,178604,True,0.831,0.761,8,-5.544,1,0.0628,0.00772,0.54,0.242,0.671,129.023,4,deep-house,medium
44337,2smax1OWAxOo63p14G8KZx,Nirvana,MTV Unplugged In New York,Plateau,61,218133,False,0.45,0.501,4,-12.611,1,0.0712,0.49,2.51e-05,0.552,0.327,84.841,4,grunge,high
30244,7Ifnxt3NpU9Ky2VhC1RDUi,DJ Snake;Selena Gomez;Ozuna;Cardi B,Fiesta portatil,Taki Taki,2,212500,True,0.843,0.802,1,-4.167,0,0.228,0.158,5e-06,0.0642,0.618,95.881,4,edm,low
99719,7D7CBnyCYkylr79Cp5TSlv,Stephen Sanchez,Hold Her While You Can,Hold Her While You Can,51,264013,False,0.502,0.718,2,-5.87,1,0.0303,0.0181,8.31e-06,0.289,0.36,89.976,4,singer-songwriter,high
98698,5OOb4lxsPHZLfOiGlwitcD,Andrew Lloyd Webber;Georgina Castle;Carrie Hope Fletcher;Victoria Hamilton-Barritt,Andrew Lloyd Webber’s “Cinderella”,Ego Has A Price (Reprise),23,122280,False,0.635,0.282,0,-11.833,0,0.541,0.467,0.0,0.54,0.334,117.523,4,show-tunes,low
89163,3S2S5Kqs95hRwVXSL4nBpO,KAROL G,Fiesta portatil,SEJODIOTO,1,181106,True,0.822,0.736,1,-3.969,1,0.15,0.157,0.000781,0.0748,0.679,175.93,4,reggaeton,low
64890,7KvE6pHVijDMMWjJ0DypKJ,Mel Tormé,Christmas Best Hits 2022,"The Christmas Song - Live At The Crescendo Club, Hollywood, CA / December 15, 1954",0,185266,False,0.413,0.0417,1,-19.916,1,0.035,0.948,0.0,0.12,0.225,100.098,1,jazz,low
76892,05Rd3zj0ZdyYD0fIq2aT4i,Georges Bizet;Nicolas Cavallier;Michel Plasson;Wolff;Orchestre National Du Capitole De Toulouse,Bizet : Carmen,"Carmen, Act III, No.19 bis Récit: Reposons nous une heure ici mes camarades (Le Dancaïro)",20,54773,False,0.459,0.033,5,-24.062,0,0.0499,0.964,0.00434,0.164,0.217,98.576,3,opera,low
35823,1rx1V5VbJVFTgFfqOwyt6w,Malla 100 Alça,Malla 10 Anos: Intimista,Amo Amar Você,38,179591,False,0.64,0.82,11,-5.232,1,0.0646,0.396,0.0,0.136,0.73,163.928,4,forro,medium
15797,1sY83xJGufgoskHeAyhf3m,fenekot,Love the Way You Lie,Love the Way You Lie (Slowed + Reverb),47,109500,False,0.557,0.447,5,-10.288,1,0.043,0.976,0.512,0.132,0.18,150.673,4,chill,medium
21273,2surWD0yteYlQ2scXFwQFX,Sean Paul;Sia;Miss Lafamilia;Banx & Ranx,Dynamite (Remixes),Dynamite (feat. Sia & Miss Lafamilia) [Banx N Ranx Remix],50,141629,False,0.774,0.808,1,-3.492,1,0.063,0.0276,0.000553,0.0955,0.714,97.051,4,dancehall,high
55724,6ocwTKbnMqlKB5PwA9UPKz,KSW;Arijit Singh,Muskurane (Lofi Flip),Muskurane - Lofi Flip,45,210480,False,0.62,0.312,11,-13.338,0,0.0301,0.465,0.125,0.208,0.262,101.978,4,indian,medium
66005,2dIpzVC9RzJIYca6fGcPTT,Patty Shukla,"Jump, Wiggle and Hop",Choo Choo Train,49,140546,False,0.847,0.801,3,-4.073,1,0.105,0.278,0.0,0.326,0.709,109.965,4,kids,medium
95204,2YnBk4WEUi0XQF5XenBXdP,Asdrubar,Loco Dicen Que Soy,Loco Dicen Que Soy,33,260539,False,0.591,0.898,10,-6.167,0,0.0478,0.31,0.000755,0.292,0.784,179.947,4,salsa,medium
46519,0Qc4Hi2Hebx9uLTrKLJP4o,Darren Styles;Francis Hill;Lucky Rabbit,Come Running 2022 (Lucky Rabbit Remix),Come Running 2022 - Lucky Rabbit Remix,19,180000,False,0.668,0.885,1,-4.235,1,0.258,0.0246,0.00877,0.353,0.462,169.895,4,happy,low
5578,5yY0HgXMNRB59E1ckLcn0t,Kupla,Life Forms,Those Were the Days,59,180237,False,0.522,0.345,3,-12.368,0,0.0349,0.347,0.0346,0.101,0.169,76.869,4,anime,high
97498,11ib4Z1GdBctjcbDkIqNTN,Tião Carreiro & Paraíso,Prato do Dia,Prato do dia,47,213666,False,0.714,0.471,8,-9.536,1,0.0306,0.813,0.0,0.154,0.766,109.037,3,sertanejo,medium
19440,3AiKS1mpEoLLoSR5SuUf9k,Brett Eldredge,Single Saturday Night - Country Songs,Drunk on Your Love,0,173960,False,0.443,0.831,11,-5.606,1,0.0615,0.414,0.0,0.204,0.586,182.056,4,country,low
83322,3YOZWCREvKsxhcZNJix5xd,Armin van Buuren;The Stickmen Project,No Fun,No Fun,63,130412,False,0.731,0.904,10,-4.774,0,0.0349,0.00861,0.000164,0.0916,0.328,121.03,4,progressive-house,high
60148,0fRLrGPX88oWIXMMt68GtR,Beenie Man,The Doctor,The Doctor,29,224026,False,0.836,0.525,7,-11.328,1,0.318,0.0198,0.0,0.341,0.716,100.0,4,j-dance,medium
8218,7c3WYpxhHvUFaYqWioIN7a,Chuck Berry,Rock n Roll Christmas,Run Rudolph Run,0,162897,False,0.647,0.876,10,-5.662,1,0.185,0.881,3.59e-05,0.26,0.949,151.925,4,blues,low
52085,4XS8FAMUIOAEqkj1EASfjd,George Jones,The Grand Tour,Once You've Had the Best - Single Version,20,158626,False,0.474,0.254,7,-14.144,1,0.0258,0.917,0.0001,0.133,0.455,89.789,4,honky-tonk,low
89380,6TzrZUKi2XFvGIBzqMGR7e,Don Omar,Esto me suena a Farra,Guaya Guaya,0,194013,False,0.787,0.872,9,-2.117,1,0.143,0.0067,0.000193,0.136,0.696,92.025,4,reggaeton,low
68267,7Dt5Efq8VB3BhmBWpu95f1,Justin Quiles;Robin Schulz,All That Really Matters - Just Hits,AEIOU,3,161880,False,0.689,0.856,5,-3.394,0,0.0813,0.0493,0.0,0.232,0.706,126.108,4,latino,low
11746,5776PanLfe9zLJMhDbMBgW,Gerald Finzi;Amy Dickson;Aurora Orchestra;Nicholas Collon,Introit: The Music of Gerald Finzi,"Lo, the full, final sacrifice, Op. 26: Amen - Instrumental",55,160240,False,0.198,0.0899,4,-25.087,1,0.0448,0.949,0.924,0.15,0.0711,111.868,4,british,high
39779,1evww8D1HlJmE9D4tiDAJd,Julien Bam;Joon Kim;Vincent Lee,Baba in deiner Stadt,Baba in deiner Stadt,40,159130,False,0.555,0.806,4,-4.094,0,0.0466,0.039,0.0,0.347,0.22,184.042,4,german,medium
5186,188vCXc4bAejLqGhpEVBGT,Linked Horizon,Shingeki no Kiseki,Jiyuu no Tsubasa,60,331946,False,0.373,0.972,7,-6.005,1,0.123,0.0619,3.31e-05,0.379,0.0759,157.433,4,anime,high
21900,7jrfqHvcRvJluOlCGJU54G,Juls;Miraa May;Donae'o,Blessed,Blessed,54,188307,True,0.829,0.433,5,-11.828,0,0.174,0.143,0.00252,0.13,0.679,130.051,4,dancehall,high
79049,5GkoEIpPvBmXzLW1mFCLYf,OneRepublic,All I Want For Christmas Is You,Christmas Without You,0,197146,False,0.262,0.677,7,-5.645,1,0.0528,0.447,0.0,0.205,0.365,207.478,3,piano,low
79922,53lhuLjADteKhZtnQ0W3Fz,RMaster,"Most Beautiful Anime Music, Vol. 4 (Instrumental)","Ikki's Theme (From ""Saint Seiya"") - Instrumental",28,176567,False,0.388,0.224,3,-11.726,1,0.0347,0.849,0.941,0.162,0.139,123.311,4,piano,medium
57224,2UHoZE4P1shj40Z3aQLi3I,Stevie Wonder,Christmas 2022,One Little Christmas Tree,0,161693,False,0.406,0.377,10,-11.717,1,0.0597,0.764,0.0,0.272,0.717,92.23,4,indie,low
41366,39VxarnBZV8POFPXvnAD2U,Strawberry Switchblade,1982 4 Piece Demo,Trees and Flowers,57,194821,False,0.426,0.732,7,-5.822,1,0.0325,0.432,0.292,0.0887,0.805,118.807,4,goth,high
109051,023H4I7HJnxRqsc9cqeFKV,Duke Dumont;Jax Jones,I Got U,I Got U,68,285596,False,0.636,0.761,9,-7.752,0,0.035,0.00377,0.00784,0.0851,0.463,120.837,4,techno,high
78391,4rq3LAmj5aZiBLiTdQ8Jbq,Fäaschtbänkler;Fäaschtiblech,Eskalation,Eskalation,31,158023,False,0.713,0.84,10,-9.861,1,0.0472,0.0971,5.5e-06,0.0433,0.924,149.978,4,party,medium
533,14UvqLsdqw2dsmVkmTYptE,Kina Grannis,The Living Room Sessions Vol. 3,Can't Help Falling In Love,48,188354,False,0.444,0.143,0,-11.449,1,0.0302,0.925,6.92e-05,0.118,0.132,100.341,3,acoustic,medium
94412,1d6XDNrd6AjQiGHHVnTrfv,Dustystaytrue,Never Change,Never Change,54,154801,True,0.509,0.614,10,-8.89,1,0.358,0.0323,0.0,0.0723,0.456,173.934,4,sad,high
29520,3UqVIJeExhrTP6al1RpHii,Hellberg;Magsy,Let You Down (feat. Magsy),Let You Down (feat. Magsy),44,144055,False,0.733,0.66,10,-6.446,1,0.0325,0.0765,8.55e-06,0.124,0.708,130.033,3,dubstep,medium
83858,2isunnayB7fJUBhTLnbGYi,ANUQRAM,Group Therapy 500 Live From Los Angeles - Deep Set,Get On,35,377146,False,0.561,0.901,5,-9.347,1,0.0356,0.00189,0.906,0.0905,0.144,124.011,4,progressive-house,medium
19735,3HCcxZ6iz9HtoRRL0KgMlZ,Ashley McBryde,Easy Country,A Little Dive Bar in Dahlonega,0,209080,False,0.651,0.479,1,-6.192,1,0.0447,0.426,0.0,0.151,0.575,145.979,4,country,low
112508,08isVfPzPF8eYPj5iiS7wQ,Pinhani,Kediköy,Dur Söyleme,40,198391,False,0.522,0.676,6,-8.117,0,0.0279,0.0121,0.00209,0.114,0.245,102.069,4,turkish,medium
6304,3bat14NdN3flvcsEMpVOFq,Black Messiah,First War of the World,Gullveig,20,488533,False,0.558,0.969,9,-5.069,1,0.0649,0.00124,0.0735,0.334,0.541,124.019,4,black-metal,low
95643,1A90MeRT3mXv6Vzid4QjCl,La Sonora Matancera;Carlos Argentino,Canta Carlos Argentino,En El Mar,31,166666,False,0.797,0.32,2,-11.665,1,0.0782,0.707,0.0,0.0886,0.879,125.999,4,salsa,medium
64008,1rj9l40X83Ju0I0hdCjOL1,Michael Bublé,Christmas Time,Holly Jolly Christmas,2,119786,False,0.649,0.466,7,-8.308,1,0.0428,0.865,0.0,0.0882,0.699,151.251,4,jazz,low
82459,6tP1a9Zwu2E0xitNx0UjlA,Royal Headache,Royal Headache,Never Again,24,129639,False,0.176,0.753,0,-5.754,1,0.044,1.07e-05,0.839,0.199,0.47,102.101,4,power-pop,low
54477,3Ib3XlN8iYmGf0hoa5wFye,B12,Time Tourist (Expanded Edition),Epilion,12,428566,False,0.633,0.865,3,-9.947,0,0.042,0.00231,0.834,0.0804,0.477,131.867,4,idm,low
45288,60ofuBiNIiyuyzyhgSFsUc,Los Apus,Lágrimas Del Sol,Amor Necesito de Ti,28,300746,False,0.624,0.702,2,-5.583,1,0.0363,0.75,0.00053,0.0953,0.787,103.863,4,guitar,medium
39271,5Ygzvv5Tc2os4aE1gPryZE,Hans Zimmer;Adam Lukas;James Everingham,Frozen Planet II (Original Television Soundtrack),Full Flight Capacity,26,281240,False,0.151,0.255,5,-18.175,0,0.0436,0.796,0.888,0.0606,0.0335,145.114,4,german,medium
108872,6bY4GzdwOtwT3sQTpWIBBc,Francisco Canaro;Nelly Omar,Tristeza Criolla,Desde el Alma,16,173573,False,0.448,0.342,5,-10.666,0,0.0391,0.923,0.0115,0.259,0.714,100.526,3,tango,low
38840,7K0pkS5lqUkFd9kuY0spiK,The Red Pears,We Bring Anything to the Table... Except Tables We Can't Bring Tables to the Table,Time Bomb,25,176065,False,0.442,0.8,4,2.574,1,0.0686,0.262,1.04e-06,0.664,0.369,118.053,4,garage,medium
32893,2NeOGCaTPh9gL5XhVg7vfk,Tunacola,"En el Centro de la Fiesta Está el Vacío, Pero en el Centro del Vacío Hay Otra Fiesta",El Viento Que Nos Lleva a los Dos,34,244329,False,0.625,0.762,5,-7.101,0,0.0351,0.267,0.0866,0.103,0.681,159.996,4,electronic,medium
38431,56GFlp1dkt7dw56pQdTwqW,Arctic Monkeys,"Whatever People Say I Am, That's What I'm Not",Red Light Indicates Doors Are Secured,58,143626,False,0.622,0.846,11,-4.831,0,0.0311,0.00316,0.0,0.0989,0.914,110.683,4,garage,high
25723,0aNwPLqn7nT8DvT1jUQDw6,Gladys Knight & The Pips,The Essential Gladys Knight & The Pips,"Baby, Don't Change Your Mind",33,194000,False,0.665,0.759,0,-7.735,1,0.0546,0.537,3.56e-05,0.105,0.773,113.012,4,disco,medium
14647,2hRzkdVin3L8xGtAxzmTKe,Cri-Cri,Las 100 Clásicas de Cri Cri Vol. 1,El Venadito - Remasterizado,32,127586,False,0.485,0.186,2,-12.89,1,0.0343,0.859,1.97e-05,0.137,0.344,101.096,4,children,medium
542,6B9EuDkJUAm9bO26ZdzBke,Takehara Pistol,GOOD LUCK TRACK,Amazing Grace,30,178573,False,0.457,0.26,7,-7.952,1,0.0406,0.0594,0.0,0.346,0.38,106.756,4,acoustic,medium
86528,1Dti4H4XC1IetaCDpI8MU0,Soda Stereo,Nada Personal (Remastered),Ecos - Remasterizado 2007,42,297733,False,0.641,0.751,0,-6.939,1,0.0405,0.0188,0.517,0.304,0.463,139.921,4,punk,medium
96762,2KCGkQJsoROFnXgEN211Sm,Diogo Nogueira,Alma Brasileira (Ao Vivo / Edição Especial),Codinome Beija-Flor - Ao Vivo,36,184106,False,0.43,0.532,0,-9.334,1,0.0325,0.78,1.31e-05,0.846,0.288,141.987,4,samba,medium
108604,56Rd0CULFvNzCy1aWG7dqF,Quinteto Pirincho,Las milongas más milongas,La cara de la luna,18,149173,False,0.59,0.446,0,-8.645,1,0.389,0.751,0.869,0.053,0.94,182.531,4,tango,low
90296,3c7IzA9guoQQTeciBaCzAF,Los Brios,30 Anos De Exitos,Silueta De Cristal,37,221066,False,0.585,0.532,9,-7.6,1,0.0272,0.116,0.0,0.0998,0.561,147.747,4,rock-n-roll,medium
113375,2YEJL2fwTq6RpH5PtdQfge,Michael W. Smith,Christmas at Home,God with God,1,250859,False,0.226,0.388,8,-8.44,1,0.0314,0.535,0.0,0.103,0.158,114.126,4,world-music,low
98763,7lrpT3dtXvYhTkLceXlDUx,Michael Cerveris;Sydney Lucas;Beth Malone;Judy Kuhn,Fun Home (A New Broadway Musical),"""Read a Book...""",21,60373,False,0.597,0.184,2,-19.897,1,0.773,0.858,1.21e-06,0.625,0.49,127.668,3,show-tunes,low
79230,5ZhaKUsY68U0lgREFWfoxg,Ross Copperman,Holding On And Letting Go - Single,Holding On And Letting Go,49,319000,False,0.502,0.53,2,-9.573,1,0.0266,0.805,0.000738,0.0728,0.102,78.046,4,piano,medium
34818,0N690kRoPbKTAnehGM6plV,Kabir Cafe,Panchrang,Mann Lagyo Mero Yaar Fakiri Mein,32,337857,False,0.644,0.824,9,-4.916,1,0.0921,0.115,5.23e-06,0.199,0.657,125.455,4,folk,medium
21228,03YUNUpazIbzwqJq2YSBvB,Burna Boy,"Love, Damini",Kilometre,63,152692,True,0.852,0.666,9,-6.065,1,0.107,0.0158,2.59e-05,0.0588,0.648,103.007,4,dancehall,high
95339,6mMZl9sPeoTM79XaIaPg9J,Marc Anthony,Sergio George Presents Salsa Giants (Live),Tu Amor Me Hace Bien - Live Version,32,321200,False,0.611,0.907,7,-4.146,1,0.0505,0.524,2.53e-05,0.972,0.6,99.68,4,salsa,medium
44881,6C02ki8ZPv1qyRmbf6EClv,The Presidents Of The United States Of America,II,Froggie,26,190640,False,0.651,0.669,1,-7.285,1,0.0314,0.0357,0.000184,0.181,0.759,138.04,4,grunge,medium
78141,6JUhZLwHTWMu2yioKW9Cyg,Die Draufgänger,Layla sitzt dicht im Flieger,Cordula Grün,0,190000,False,0.841,0.759,10,-4.596,1,0.0575,0.177,0.0,0.0705,0.774,122.976,4,party,low
37551,4BggEwLhGfrbrl7JBhC8EC,Crazy Town,The Gift Of Game,Butterfly,73,216733,False,0.736,0.811,9,-4.17,0,0.081,0.00132,0.000142,0.107,0.609,103.502,4,funk,high
57816,5se0sLcaUymYKRUm0lCBgt,Vaibhav Bundhoo;Kamakshi Khanna,Kota Factory: Season 2 (Music from the Netflix Series),Tere Jaisa,41,312000,False,0.511,0.219,2,-20.59,1,0.0457,0.91,0.00229,0.0946,0.234,168.051,3,indie,medium
59132,21nQeCtMbLvirOU6T4V5Sf,Arsames,Immortal Identity,Immortal Identity,5,292466,False,0.157,0.982,2,-3.706,1,0.244,1.26e-05,0.455,0.237,0.124,67.412,4,iranian,low
81683,4lmtILzOIIvOzMBPMUzvKx,Amaal Mallik;Arijit Singh;Shreya Ghoshal,"Heer Raanjhana (From ""Bachchhan Paandey"")","Heer Raanjhana (From ""Bachchhan Paandey"")",66,240117,False,0.432,0.614,0,-6.782,1,0.055,0.511,0.0,0.191,0.505,169.633,4,pop,high
77458,6BndIL6HOShcBcPkuDPYZq,Dilsinho;DENNIS,Refém (DENNIS Remix),Refém - DENNIS Remix,44,138691,False,0.735,0.474,3,-6.265,1,0.035,0.578,0.0,0.127,0.606,130.004,4,pagode,medium
52292,3pby4XzO8xKWedNJWCdfwy,Hank Williams,The Complete Hank Williams,The Devil's Train,16,177933,False,0.52,0.398,7,-13.295,1,0.0281,0.719,0.0189,0.16,0.734,103.748,4,honky-tonk,low
8857,4qsAYBCJnu2OkTKUVbbOF1,Lynyrd Skynyrd,Pronounced 'Leh-'Nérd 'Skin-'Nérd (Expanded Edition),Free Bird,59,558933,False,0.279,0.852,7,-7.838,1,0.0511,0.0119,0.076,0.0624,0.438,117.418,4,blues,high
54160,4Pan7TopeodcU4Gyb8MMGt,Sonmi451,Nachtmuziek,Quiet Piece for Bram,13,333346,False,0.275,0.271,10,-18.494,0,0.0435,0.952,0.835,0.0985,0.334,117.238,4,idm,low
57217,1SPRmWXXsYC873W0owPzDw,Cavetown,New Pop Classics,Grocery Store,2,134956,False,0.577,0.555,8,-8.228,1,0.0352,0.583,6.59e-05,0.105,0.437,132.336,4,indie,low
85974,2UivQh2IhQJ916OPqxptcz,Árbol;Natalie Perez,Pequeños Sueños (Feat. Natalie Perez),Pequeños Sueños (Feat. Natalie Perez),35,230933,False,0.444,0.928,4,-4.751,1,0.0502,0.000834,0.000232,0.353,0.814,164.009,4,punk-rock,medium
108226,1ziCf7UsXdAQE8J6OvHexw,Julio Sosa,Varón (Remastered),Bien bohemio - Remastered,22,195649,False,0.529,0.363,7,-13.256,1,0.133,0.963,2.71e-06,0.498,0.892,122.275,4,tango,low
103017,1QhGycrwJKEOBKeVFOEPak,Ty Dolla $ign;Post Malone,New Rap 20s,Spicy,0,143375,True,0.782,0.51,4,-5.724,0,0.0419,0.143,0.0,0.115,0.118,99.993,4,soul,low
19133,16zU12K33u00PP0oz32bgv,Bailey Zimmerman,Oklahoma Smokeshow - Breakout Country,Where It Ends,0,179294,False,0.431,0.837,9,-5.067,1,0.0432,0.259,0.0,0.0879,0.648,170.041,4,country,low
30388,34EbXKNnIAkgJEuWAcEQ8O,Joel Corry;MNEK,Hot Mix Pop,Head & Heart,0,166028,False,0.734,0.874,8,-3.158,1,0.0662,0.168,1.14e-05,0.0489,0.905,122.953,4,edm,low
35061,4lGTgT3KQ6poty3glR5iS7,Biu do Piseiro,Seu after sou eu (Ao Vivo),Seu after sou eu - Ao Vivo,49,139634,False,0.638,0.961,10,-2.228,0,0.0475,0.386,0.0,0.697,0.962,164.985,4,forro,medium
21324,0pnjsL7fFBI1ojHoeYgYNy,Apache Indian,Time For Change,So Hott,1,194786,False,0.874,0.748,1,-4.342,1,0.115,0.00171,0.0,0.124,0.833,108.976,4,dancehall,low
93945,0X4JuUcI3NLTssaKbtQwEG,Strongilla Irtlach;Alexei Kuzmin,Anthology of Russian Gipsy Romance: Strongilla Irtlach,"Vernaya, manernaya / Faithful, Pretentious",0,117346,False,0.535,0.354,10,-11.522,0,0.0515,0.84,0.0,0.218,0.763,60.221,4,romance,low
29948,1md4aQ4rFL1hpdc2uwCawS,SubDocta;Shlump,Cavern Dub,Cavern Dub,22,229771,False,0.708,0.664,11,-3.434,0,0.051,0.00673,0.298,0.395,0.125,139.984,4,dubstep,low
81054,5HCyWlXZPP0y6Gqq8TgA20,The Kid LAROI;Justin Bieber,STAY (with Justin Bieber),STAY (with Justin Bieber),89,141805,True,0.591,0.764,1,-5.484,1,0.0483,0.0383,0.0,0.103,0.478,169.928,4,pop,very_high
113465,18Kt9lI9qQK5hUHtaIPOP2,Bethel Music;Cory Asbury;Gable Price,Homecoming (Live),Homecoming - Live,55,468274,False,0.388,0.566,0,-8.316,1,0.0332,0.269,1.2e-06,0.0938,0.17,144.914,3,world-music,high
103641,760R0ra4JS5HpKrOtK2hAl,The O'Jays,Soul Christmas Greatest Hits,I Can Hardly Wait 'Til Christmas,0,287426,False,0.662,0.487,8,-9.248,1,0.028,0.694,0.0,0.2,0.391,120.057,4,soul,low
14270,1Fmv83uTiON5klaC94cJxb,Raffi,Singable Songs for the Very Young,Baa Baa Black Sheep,58,59520,False,0.881,0.0517,7,-17.122,1,0.107,0.846,0.0,0.166,0.702,122.397,3,children,high
17731,2eGDPajtfmiRcu7d2H6fVR,Lazerpunk;Max Brhon,Synthicate,Do Not Disturb,32,194369,False,0.518,0.964,2,-5.769,1,0.0475,0.00274,0.778,0.221,0.0501,109.989,4,club,medium
468,5EndcDV7pcbLO4jE2GBZwC,Kurt Cobain,Montage Of Heck: The Home Recordings (Deluxe Soundtrack),Burn The Rain,55,76453,False,0.504,0.415,8,-19.308,0,0.121,0.879,0.494,0.35,0.626,114.263,4,acoustic,high
94789,65TNhKWx6vYIQWkvh5EhNH,me7k,I Know You so Well,I Know You so Well,53,175693,False,0.682,0.186,7,-13.673,1,0.0821,0.799,0.697,0.0924,0.074,133.438,4,sad,high
23145,2fSTtvFRYcjF250vQfphEm,Dombresky;Crusy,Toolroom Amsterdam 2022,El Beso (feat. Mathieu Ruz),5,211547,False,0.653,0.962,10,-4.848,0,0.0454,0.000851,0.0168,0.411,0.611,125.97,4,deep-house,low
18786,3yINFPH0xYyZTa1VgCNfZW,David Cross,"Oh, Come On",A Couples Colonic?!,21,288509,True,0.702,0.436,9,-17.752,0,0.948,0.282,0.0,0.649,0.347,60.078,4,comedy,low
55462,3VEOc7GOcyFuovS2JRL2Lo,Ritviz,Mimmi,Chandamama,51,166958,False,0.661,0.374,9,-7.561,1,0.0605,0.0171,0.0,0.0938,0.349,92.011,3,indian,high
83333,7pDdE5FLqcNCvjxzRzm80r,Syn Cole;Kaspara,Breathe (feat. kaspara),Breathe (feat. kaspara),61,175081,False,0.753,0.749,6,-5.214,1,0.0314,0.0546,4.39e-06,0.166,0.589,121.988,4,progressive-house,high
55240,0dT6g7oqjEqphjXMk8MKHz,Pritam;Daler Mehndi,Dangal (Original Motion Picture Soundtrack),Dangal,57,299325,False,0.618,0.867,6,-5.1,0,0.139,0.239,0.0,0.0559,0.665,178.017,4,indian,high
23847,08yTxZ1ZCAwSb9cFaJyP3Z,Saxity;Jolie Adamson,Romantic Ocean,Burning Love,27,144794,False,0.748,0.744,2,-4.693,1,0.0341,0.000647,8.53e-05,0.0897,0.784,127.042,4,deep-house,medium
107930,1qPAwkQ6KSxzB5pxzg6z6y,Indochine;Talisco,13,Station 13 - Talisco Remix,23,283333,False,0.5,0.758,9,-5.609,0,0.029,0.485,9.6e-05,0.119,0.126,121.993,4,synth-pop,low
56764,5a7NdkF09AfD0H607eiOkX,Ellie Goulding,Delirium (Deluxe),On My Mind,66,213445,False,0.702,0.705,0,-6.666,1,0.0543,0.258,5.93e-06,0.0879,0.743,154.911,4,indie-pop,high
53142,1wLp6kHSEGXGMHfONnUaxN,Alesso;Tove Lo,Electro sounds,Heroes (we could be),0,211573,False,0.504,0.748,5,-4.124,1,0.062,0.0308,0.0,0.295,0.356,125.889,4,house,low
61002,7rU6Iebxzlvqy5t857bKFq,Mariya Takeuchi,Expressions,Plastic Love,65,294493,False,0.648,0.875,2,-5.141,0,0.034,0.0747,9.64e-05,0.196,0.857,102.517,4,j-idol,high
22879,38dVRTsxBhJl2yTbSAyuya,Paradise Lost,Shades Of God,Pity the Sadness,21,302333,False,0.28,0.98,7,-8.968,0,0.0859,0.00728,0.606,0.152,0.0662,122.891,4,death-metal,low
96681,5O86WXHkD5LdWgBaPQvQHO,Sambô;Luciana Mello,Ao Vivo (Edição Especial),Não Deixe O Samba Morrer - Remasterizada,36,315066,False,0.525,0.828,11,-5.199,0,0.188,0.48,0.0,0.909,0.664,136.755,4,samba,medium
57803,5SDmQxd4wO7fe9kbap9daT,Bipul Chettri,Aashish - Single,Aashish,46,328115,False,0.344,0.411,7,-11.077,1,0.0309,0.791,0.0181,0.0831,0.466,139.404,4,indie,medium
112746,7xMxs0Olfv0KKeaXmBZHYH,Doğan Canku,Best Of +3,Gecelerim,38,162801,False,0.475,0.289,0,-9.519,0,0.0393,0.926,1.09e-06,0.121,0.669,91.664,4,turkish,medium
16012,4crcsWIqJfKIRuLVwsBbts,Wolfgang Amadeus Mozart;Florian Reider,Piano Snippets - National Anthems,National Anthem - Austria,0,32996,False,0.634,0.124,7,-19.991,1,0.113,0.989,0.944,0.121,0.769,81.842,3,classical,low
72052,5I29F9GR0OkaU1nuxp9hU8,Lamb of God,Lamb of God,Memento Mori,56,348099,False,0.538,0.984,2,-4.589,1,0.0992,0.000149,0.787,0.127,0.0494,123.008,4,metalcore,high
41737,5xX58ok24goewnuvic3Q4m,Timo Räisänen,...And Then There Was Timo,You Shook Me All Night Long,21,240093,False,0.585,0.232,7,-10.912,1,0.0287,0.866,0.0,0.0657,0.12,135.878,4,goth,low
97774,0Czp2iMZE7bhau6XsHY0Mp,Eduardo Costa,Eduardo Costa - Acustico,Quando o Amor É Pra Valer,44,214250,False,0.719,0.618,5,-3.129,1,0.0299,0.373,0.0,0.114,0.829,127.046,4,sertanejo,medium
40472,7IUzlg0H39s2WMWPNNAgqe,Marcos Antônio,Toma os Pedaços,Quase Morri,41,223791,False,0.732,0.442,4,-12.217,1,0.03,0.278,0.0,0.364,0.393,105.895,4,gospel,medium
14335,2ZJSreJQSIrfsJMCK96K5z,The Kiboomers,The Ultimate Children's Halloween Songs Playlist,This Old Ghost - 2015 Version,36,97219,False,0.836,0.407,10,-7.694,1,0.407,0.945,0.0,0.101,0.673,140.257,4,children,medium
64205,41qqj8kkzjBQ1rFIyinjP1,Ella Fitzgerald,All I want For Christmas Is Music,Sleigh Ride,0,175986,False,0.593,0.287,1,-12.472,1,0.0469,0.764,0.0,0.153,0.639,77.117,4,jazz,low
92216,0j5u1HPcFQxKDJQ89zwOFn,Elvis Presley,I Got Lucky,I Got Lucky,57,115720,False,0.731,0.386,0,-12.331,1,0.0444,0.838,0.0,0.195,0.962,92.867,4,rockabilly,high
31032,0OZYXc58HooMgBNWyp6cuO,Billie Eilish,pov: it's 2021,Therefore I Am,2,174321,False,0.889,0.34,11,-7.773,0,0.0697,0.218,0.13,0.055,0.716,94.009,4,electro,low
74501,6nNsJe0Km6SH7Ucunulzv6,Cícero,A Praia,De Passagem,42,196425,False,0.325,0.512,2,-13.143,0,0.035,0.557,0.000851,0.129,0.157,109.968,4,mpb,medium
4510,0n3mB1nLmwh55MZaqQllEq,Jóhann Jóhannsson,The Theory of Everything (Original Motion Picture Soundtrack),The Wedding,49,102584,False,0.241,0.231,10,-16.365,1,0.0322,0.85,0.939,0.112,0.274,134.836,3,ambient,medium
487,2AN3wNGUW0IgzfuurtVEDS,Mance Lipscomb,The Best of Mance Lipscomb,Sugar Babe,31,124400,False,0.554,0.4,3,-11.806,1,0.0699,0.979,0.348,0.102,0.547,101.191,4,acoustic,medium
21398,3bCPlYqw1nilYbVF6sEhzR,Juancho Style,Me Falla,Me Falla,34,269844,False,0.619,0.746,6,-6.527,0,0.043,0.567,0.00057,0.138,0.966,175.946,4,dancehall,medium
18870,5Xz5Xdf218zpu61cZOwk6l,The Sklar Brothers,What Are We Talking About,Pitbull / Pepsi,20,144786,True,0.5,0.588,2,-12.438,1,0.869,0.775,0.0,0.847,0.622,57.511,3,comedy,low
106340,6k41NbV1oz9Z5NDI89ousX,Ted Gärdestad,LUGNA LÅTAR,Come Give Me Love,0,209120,False,0.386,0.604,5,-6.751,1,0.0273,0.0916,0.0,0.126,0.704,144.084,3,swedish,low
38866,6lnnaGN20kl0jEYJSxCgU9,The Strokes,Room On Fire,You Talk Way Too Much,53,186266,False,0.304,0.971,4,-3.226,1,0.0351,0.0594,0.955,0.0799,0.695,127.856,4,garage,high
71386,7MIKwg3dDCWhxMVjMvqF1O,Blind Melon,Los Clásicos del Pop 90s,No Rain,1,217200,False,0.359,0.573,9,-6.054,1,0.0326,0.665,0.000178,0.136,0.562,73.368,4,metal,low
37059,6BkCJIqj5dZLlVOY3m6dSh,LUDMILLA;DJ Will22;Topo La Maskara;Mariah Angeliq;Mr. Vegas,Tropical Vibes,Socadona - Funk Remix,1,171136,False,0.844,0.756,4,-5.211,0,0.127,0.135,0.00424,0.145,0.619,135.021,4,funk,low
31428,6R1TE6vATyzLBzSYks9FPZ,Alessia Cara,CHRISTMAS TOP HITS 2022,Make It To Christmas,0,211013,False,0.535,0.522,2,-7.87,1,0.0363,0.131,0.0,0.438,0.305,77.054,4,electro,low
37187,0mlp9sYi9O7f7xYalECbFW,Marvin Gaye,Soul Christmas Greatest Hits,Christmas In The City,0,228533,False,0.392,0.514,8,-10.452,0,0.0287,0.00404,0.00108,0.156,0.556,98.844,3,funk,low
38767,08l9WKDuRyGeStQ9ojTlFh,The Strokes,Room On Fire,Meet Me in the Bathroom,53,176160,False,0.427,0.941,7,-3.973,1,0.0336,6.7e-05,0.89,0.0772,0.587,139.956,4,garage,high
25477,28285KFbyCq8sJofn58qlD,The O'Jays,Back Stabbers,Love Train,70,178400,False,0.743,0.572,0,-9.627,1,0.0493,0.186,1.44e-05,0.163,0.675,122.658,4,disco,high
91508,3SWqGa1J0M7hSBUDM0KePD,The Score,ATLAS,Legend,71,189120,False,0.601,0.757,2,-3.341,1,0.028,0.0139,8.85e-05,0.0727,0.462,82.001,4,rock,high
100458,5tyzOhJEvsRLyEKEi4gojC,31 Minutos;Johnny Choapino,Perro Chico,Perro Chico,36,181920,False,0.671,0.906,9,-4.919,1,0.0473,0.539,5.67e-05,0.24,0.856,125.105,4,ska,medium
86165,2HXk9m2RM9CwKiTlWl6z8R,"nothing,nowhere.",Tek It - New Noise,Pieces of You,0,182568,False,0.469,0.908,1,-3.15,1,0.0765,0.00223,0.0,0.0711,0.656,94.055,4,punk,low
42348,62SdRx47IQiupRQghjwmCp,Mortician,Hacked up for Barbeque/ Zombie Apocalypse,Hell on Earth,16,286586,False,0.226,0.818,10,-8.97,0,0.252,0.00232,0.000226,0.338,0.134,61.501,3,grindcore,low
22898,02s0epvuQJZaYi1qSVOZsF,Toxic Holocaust,Primal Future: 2019,Time's Edge,23,256398,False,0.401,0.987,5,-4.069,0,0.0774,2.2e-05,0.000923,0.3,0.317,172.044,4,death-metal,low
49134,1ZygthkZmypTru2310paVF,Jebroer;Wesley Klein;Snelle,Jebroer 4 Life,Superheld,31,211884,True,0.601,0.775,8,-3.989,0,0.0478,0.161,5.08e-05,0.0985,0.207,154.919,4,hardstyle,medium
81915,6HGoVbCUr63SgU3TjxEVj6,Imran Khan,Satisfya,Satisfya,70,180056,False,0.726,0.652,1,-7.764,0,0.11,0.00451,3.32e-05,0.226,0.803,163.879,4,pop,high
98176,77JhqIuQjqzVmkRTUcm9ji,Emma Watson;Dan Stevens;Ewan McGregor;Ian McKellen;Emma Thompson;Nathan Mack;Gugu Mbatha-Raw,Beauty and the Beast (Original Motion Picture Soundtrack/Deluxe Edition),Something There,57,174878,False,0.45,0.317,0,-12.856,1,0.0381,0.896,5.15e-05,0.216,0.476,123.442,4,show-tunes,high
53723,1ahVFh0ViDZr8LvkEVlq3B,Martin Garrix;Bonn,No Sleep (feat. Bonn),No Sleep (feat. Bonn),63,207094,False,0.44,0.635,11,-6.385,1,0.0326,0.129,0.0,0.121,0.327,128.133,4,house,high
38188,6Yu1OL8I0D4vjOzYdsXYGK,The Strokes,Room On Fire,12:51,65,153133,False,0.451,0.889,4,-3.838,1,0.0379,0.312,0.8,0.558,0.592,145.056,4,garage,high
113695,0ZW5hqwu7WWaNGcrk2Jc68,Phil Wickham,Hymn Of Heaven (Acoustic Sessions),Hymn Of Heaven - Acoustic,37,288345,False,0.464,0.239,2,-10.822,1,0.0289,0.606,0.0,0.112,0.361,139.63,4,world-music,medium
6975,3K6QDFMVm252YBcc2li2lo,LIK,Carnage,Cannibalistic Infancy,17,136100,False,0.33,0.992,6,-4.689,1,0.206,2.6e-06,0.59,0.236,0.0993,111.666,4,black-metal,low
107568,1gUNAceY99kXgFMpA4N2ah,Ladytron,Gravity The Seducer (Remixed),White Elephant - Strange Fruit Remix,49,223640,False,0.512,0.728,11,-8.165,1,0.0459,0.00783,0.0818,0.172,0.0584,112.994,4,synth-pop,medium
8528,3OfykqMmUBWQbcusx790kx,Slank,Lagi Sedih,Foto Dalam Dompetmu,40,328855,False,0.36,0.589,7,-12.41,1,0.037,0.00331,0.0113,0.136,0.453,163.517,4,blues,medium
80958,0QGTtWj9Cwf5NaNEzRDQEI,Jubin Nautiyal;Gourov Dasgupta,"Tu Banke Hawa (From ""Dhokha Round D Corner"")","Tu Banke Hawa (From ""Dhokha Round D Corner"")",56,288020,False,0.273,0.588,1,-9.564,0,0.0579,0.265,0.000307,0.178,0.138,88.045,4,pop-film,high
55909,54zn5NDDEeKOVWov1RtXCK,Deepak Rathore Project,Tara,Tara,41,272281,False,0.647,0.405,4,-11.187,0,0.0514,0.807,0.000555,0.206,0.288,163.992,4,indian,medium
45650,4YF95ySg5ilyCzPnG6Kskr,Midwife,Sickworld,Sickworld,43,402265,False,0.201,0.154,11,-19.111,1,0.0319,0.846,0.862,0.0872,0.0787,62.895,4,guitar,medium
59636,1MfO2B3GtPfpbM9vMisK2N,Witness the Existence,Enshrined Twice,Deadly Séance,0,615053,True,0.427,0.516,7,-4.327,1,0.0397,0.00833,0.361,0.129,0.036,120.114,3,iranian,low
36505,6JgjIRRv7uMSEjzzxHTQoh,Harold van Lennep,Liberation,Liberation,61,149088,False,0.628,0.836,3,-7.071,1,0.072,0.702,0.627,0.131,0.372,99.992,4,french,high
80194,6LLNU2a29JY8OiwAecBuph,Yuvan Shankar Raja;Senthil Dass,Pasalapoodi Veerababu (Original Motion Picture Soundtrack),Aakasam Maaruthalli,21,107550,False,0.692,0.431,0,-9.158,0,0.0295,0.336,1.59e-05,0.166,0.416,99.951,4,pop-film,low
11171,4qsVPnhbvEooD1bSNqvvh0,The Beatles,1 (Remastered),Let It Be - Remastered 2015,63,230440,False,0.445,0.436,0,-8.536,1,0.0332,0.58,2.63e-05,0.112,0.483,139.848,4,british,high
54648,1O1CppUScCSqGtEhiu1cVX,Ceephax Acid Crew,United Acid Emirates,The Celebrity,10,236853,False,0.746,0.685,9,-7.728,1,0.0472,0.000159,0.687,0.11,0.82,124.883,4,idm,low
75446,1NSqtigeVZUnq2AlrhpiwG,David Arkenstone;Tena Hess;Nancy Rumbel;Kostia;Deborah Hanks;Jerome Franke;Eric Segnitz;Tim Klabunde;Mike Giacobassi;Robert Hanford;Helen Reich;Paul Gmeinder;Gloria Hays;The Milwaukee Jewish Day School Choir,Narada Decade (The Anniversary Collection),Papillon (On The Wings Of The Butterfly),23,322333,False,0.355,0.281,4,-16.987,1,0.031,0.303,0.761,0.0868,0.0391,150.825,4,new-age,low
62676,0owmJNkGcGNq4hb6qt3ufd,The Happy Fits,What Could Be Better,She Wants Me (To Be Loved),64,199413,False,0.779,0.727,9,-5.175,1,0.0336,0.109,0.0,0.0657,0.727,119.935,4,j-pop,high
88445,5dq2dQHbAq3BCbBX1OXcV7,Yandel;Sebastian Yatra;Manuel Turizo,Perreo Tenebroso Vol. 1,En Cero,0,223586,False,0.733,0.783,9,-4.788,1,0.0386,0.156,0.0,0.286,0.634,93.018,4,reggae,low
61077,4DTupyTqiWgegn1IBGLUsU,Philosophy no Dance,サンフラワー (Deluxe Edition),サンフラワー,30,254506,False,0.664,0.871,1,-3.189,0,0.0362,0.056,0.0,0.0677,0.601,119.996,4,j-idol,medium
69978,29sfu2rGDMTQIYpMNa3yZG,Gersson Edinbaro,Neerae 3,Nambikaiyum,18,377840,False,0.773,0.87,7,-6.441,1,0.0847,0.185,6.15e-05,0.295,0.878,135.008,4,malay,low
41710,078hiFWu1W3kPyEMf7YeZh,The 69 Eyes,X,Love Runs Away,22,263373,False,0.464,0.941,6,-3.733,0,0.0797,0.000105,0.0622,0.122,0.466,158.044,4,goth,low
69242,69Ro6RbBM2vfgdtDsJxZ14,Noel Toms,Uyiril Thodum - Kumbalangi Nights - Malayalam,Uyiril Thodum - Kumbalangi Nights - Malayalam,37,160823,False,0.379,0.204,7,-12.498,1,0.0385,0.887,0.00591,0.13,0.0836,100.924,4,malay,medium
49372,6EFj58xyTzhe7psKprzkAn,Envine;Shockwave,Ain't No Stopping Us Now / Everything Is Energy,Ain't No Stopping Us Now,23,203600,False,0.421,0.822,1,-4.222,0,0.0387,0.017,4.61e-05,0.485,0.647,150.124,3,hardstyle,low
99536,7mjSHL2Eb0kAwiKbvNNyD9,Yusuf / Cat Stevens,Tea For The Tillerman (Remastered 2020),Wild World,77,200560,False,0.48,0.542,0,-8.51,1,0.0348,0.345,0.000609,0.113,0.567,152.853,4,singer-songwriter,very_high
9393,7DGiwSAi7JqgndlMXcXTHE,Cidade Negra,Sobre Todas As Forças,Pensamento (Acústico),46,192440,False,0.673,0.693,7,-11.27,1,0.0557,0.0996,3.17e-05,0.0427,0.965,172.055,4,brazil,medium
48111,3gY6tiCNsuVi6s8kPV6aQg,Nas,I Am...,Nas Is Like,67,237026,True,0.634,0.845,11,-5.058,0,0.352,0.00602,5.29e-06,0.0598,0.929,94.0,4,hardcore,high
34488,3XmIlmYem8DGp7aorcpBay,The Monkees,Perfect Christmas Hits,Unwrap You at Christmas,0,212080,False,0.671,0.801,10,-3.366,1,0.0322,0.247,0.0,0.328,0.473,127.994,4,folk,low
7526,1fPR9NmjyesgssMvN9Vyja,Pickin' On Series,Pickin' on the 90s,Every Morning - Bluegrass Rendition of Sugar Ray,23,213153,False,0.797,0.522,4,-6.136,1,0.027,0.716,4.51e-06,0.18,0.873,109.981,4,bluegrass,low
53450,7840mcgnpkHeYU8jwMdq4n,Calvin Harris;Pharrell Williams;Katy Perry;Big Sean,"Feels (feat. Pharrell Williams, Katy Perry & Big Sean)","Feels (feat. Pharrell Williams, Katy Perry & Big Sean)",46,223413,False,0.893,0.734,11,-3.107,0,0.0556,0.0649,0.0,0.143,0.875,101.02,4,house,medium
20140,0zhGFpuiYroEopRgqD04F5,Sam Smith,TickTok Back To School 2022,I'm Not The Only One,1,239426,False,0.684,0.487,5,-5.887,1,0.0367,0.495,4.57e-06,0.0821,0.456,81.997,4,dance,low
110474,7u7RMMynAINKO3iMS0s0pZ,Super8 & Tab;Nazzereene,Lightning,Lightning,50,234960,False,0.561,0.902,10,-5.203,0,0.0308,0.000412,0.0178,0.151,0.215,125.007,4,trance,high
73621,0s3wIBczp6TdSJ2y8cveJl,Pan-Pot;Anfisa Letyago,Confronted Remixes,Confronted - Anfisa Letyago Stranger Remix,42,387413,False,0.675,0.543,6,-11.983,0,0.0639,0.0484,0.719,0.112,0.0374,128.99,4,minimal-techno,medium
49282,4zT1BN0GIsNGJ3n86PlzzQ,Ransom;MC Creature,Fistpumpin' / Work That Booty,Fistpumpin' - Pro Mix,26,233412,False,0.612,0.959,2,-3.924,1,0.255,0.0288,0.575,0.132,0.337,152.095,4,hardstyle,medium
65112,55drdNAFl8HaAo0yqnU2EJ,Jack Harlow;Drake,Evergreen,Churchill Downs,1,309327,True,0.71,0.522,11,-9.102,1,0.36,0.615,0.0,0.11,0.37,96.448,4,k-pop,low
62851,154Jycdld9dX9rBLE6L3v4,和ぬか,寄り酔い,寄り酔い,57,216959,False,0.591,0.665,6,-6.525,0,0.153,0.14,0.00103,0.382,0.694,118.195,4,j-pop,high
11929,4wv2y7Iizvdnzmsf0hz9tQ,Peter And Gordon,Peter And Gordon,Five Hundred Miles - Mono; 1999 Remaster,36,198333,False,0.378,0.335,7,-8.246,1,0.0288,0.79,0.0,0.135,0.47,128.607,3,british,medium
104236,1f5uD6ZGC5kCq69GyAT4OR,Deluxe,Moustache Gracias,You Heard It All Before,35,198440,False,0.749,0.699,6,-5.963,1,0.301,0.105,6e-06,0.0972,0.931,91.988,4,spanish,medium
45717,1ctzNIXPvcj8hfoW4fHy8Q,Cindy Combs,Slack Key Lady,Hi'ilawe,22,168480,False,0.364,0.307,7,-17.603,1,0.0381,0.909,0.942,0.109,0.674,134.97,4,guitar,low
11713,4T8FoNHY3UZSYgOV76ueVU,Allman Brown,1000 Years,Ancient Light,41,244900,False,0.435,0.208,1,-15.75,0,0.0558,0.647,0.000921,0.147,0.189,69.027,4,british,medium
57312,3QCL4FJOSqLrFDJmcdNSbA,Ritviz;Nucleya,Baaraat,Sathi,52,216219,False,0.585,0.625,6,-5.13,0,0.0765,0.0444,0.0,0.0376,0.666,164.066,4,indie,high
96485,6CoCWGh9Bsd3fGkHeiuPZH,Encontro de Batuqueiros,Roda de Samba do Edb (Ao Vivo),Isso É Que Dá / Acelera / Dona dos Meus Sonhos / Acaba Tudo Bem - Ao Vivo,39,414992,False,0.516,0.808,2,-6.721,1,0.0383,0.699,1.09e-05,0.579,0.866,115.547,4,samba,medium
22005,6WuqJLVZcyJklg7lIozAO8,Cradle Of Filth,Nymphetamine Special Edition,Nymphetamine Fix,54,302360,False,0.462,0.905,0,-3.825,0,0.0438,0.00066,0.0402,0.0839,0.253,122.925,3,death-metal,high
108905,2JXLgBHZqDoj8SitXI9LYj,Héctor Varela y su Orquesta Típica,Archivo Columbia : Hector Varela Vol.1,Valsecito Criollo,15,133746,False,0.663,0.595,0,-8.718,0,0.0385,0.772,0.202,0.163,0.905,104.594,3,tango,low
34865,76Hb0Dyy6kDcR3QEZwAycE,Kailash Kher;Paresh Kamath;Naresh Kamath,Kailasa Jhoomo Re,Tere Naina,34,389933,False,0.409,0.473,5,-8.273,1,0.0305,0.749,0.000559,0.108,0.45,81.773,4,folk,medium
54931,3DblZNRSfsSM0Ytn3fhXgG,arai tasuku,Fantasmagorie The Ghost Show -Original Soundtrack-,Scarlet Warmth,9,54000,False,0.405,0.357,2,-12.557,0,0.0603,0.905,0.964,0.118,0.0503,85.864,4,idm,low
23799,22XbNq1dFj7ASyx5f1anYC,Two Without Hats,"Micmac's Greatest Freestyle Hits!, Vol. 1",Try Yazz,28,333400,False,0.449,0.875,10,-11.038,0,0.0687,0.00504,0.586,0.0813,0.529,122.165,4,deep-house,medium
102065,4YxsJyL48q7NZiiCj0uib0,Jasleen Royal;TM Bax;Radhika Madan,Ni Jana,Ni Jana,52,205714,False,0.758,0.483,8,-5.549,0,0.0712,0.563,2.28e-06,0.139,0.502,104.893,4,songwriter,high
110715,3pNnSLPQUHxUrLMoiMNN6d,LTN;Ghostbeat;Nina Carr,Captivated,Captivated,48,187118,False,0.737,0.741,7,-6.638,1,0.0302,0.118,0.504,0.148,0.212,117.99,4,trance,medium
45907,3ZBVScPb6BlEwHruAWdhtx,Dieter Huber,Mare,Ao Clarear,44,197315,False,0.514,0.162,9,-15.86,1,0.0607,0.959,0.947,0.112,0.286,93.519,4,guitar,medium
93044,3mTsjeWMJIYXgDlTGxJsC7,Ivan Rebroff;Balalaika-Ensemble Troika,Ivan Rebroff Sings Folk Songs from Old Russia,Dance of the Gypsies,12,106466,False,0.481,0.662,1,-12.719,0,0.0368,0.67,0.756,0.112,0.963,93.163,4,romance,low
23041,2APvCb9QZJ8xZq1IDrXRKt,D.O.D,Armada Music - ADE 2022,Two Caps,1,183425,False,0.674,0.958,10,-4.764,0,0.0552,0.000951,0.924,0.0515,0.885,126.979,4,deep-house,low
41117,0RPpZrP4e0OwfAFdrUj9eQ,Tommy Tip;Roffe Ruff,Bootlegs,Solen Försvann,32,231520,False,0.756,0.697,11,-3.588,1,0.319,0.545,0.0,0.761,0.968,82.473,4,goth,medium
40036,7zqF7owVpOCqpCd51iYyUJ,Isaias Saad;John Dias,Águas Purificadoras/Oceanos (Ao Vivo),Águas Purificadoras/Oceanos - Ao Vivo,55,398188,False,0.395,0.523,4,-8.592,1,0.0349,0.601,0.0,0.683,0.215,133.989,4,gospel,high
100703,6vs0UoDyFcqkodMuYjNhzz,La Trenza de la Abuela,El Cine,Quiero Terminar,33,261346,False,0.415,0.84,7,-6.123,1,0.057,0.0236,3.87e-06,0.612,0.606,189.712,4,ska,medium
73257,5IE9m0dNaRoVbdYUeRTkSl,Joris Voorn,Four,Mano,14,252053,False,0.719,0.553,1,-12.137,0,0.0404,0.433,0.895,0.108,0.207,126.023,3,minimal-techno,low
18228,5h1SyX4QXZWV7EWvO0Dqt5,Christopher Titus,Norman Rockwell is Bleeding,Normal vs. Screwed Up,25,101213,True,0.617,0.79,5,-14.407,0,0.935,0.742,0.0,0.654,0.204,98.085,4,comedy,medium
38578,61LQKUtbSabdx3FmnosfOO,Black Lips,Good Bad Not Evil,It Feels Alright,27,169360,False,0.333,0.768,2,-7.626,1,0.109,0.00468,1.45e-05,0.163,0.842,151.522,4,garage,medium
113598,2t8f07knCNSY19avq19l1R,Mosaic MSC;Cody Carnes;Amanda Cook;Joe L Barnes,Thanks,"This Is How I Thank The Lord (feat. Cody Carnes, Amanda Cook, Joe L Barnes)",56,221274,False,0.455,0.403,4,-8.221,1,0.0388,0.555,0.0,0.327,0.434,125.858,4,world-music,high
91477,3kQhWtoluFHPbcBC6gyYrZ,Zoé,tardes tranqui,Arrullo De Estrellas,1,252986,False,0.462,0.765,5,-7.011,1,0.036,0.324,0.231,0.0757,0.399,81.513,4,rock,low
83414,4Ko0kuCmsJW0HMKkQM7Xw8,Oliver Heldens;Tchami;Anabel Englund,LOW,LOW,62,203288,False,0.678,0.807,9,-5.965,1,0.0383,0.00155,0.00284,0.292,0.271,126.024,4,progressive-house,high
88939,1NhLJcFWLjrBax77kFft28,Las Pelotas,Máscaras de Sal,Capitán América,46,188000,False,0.617,0.789,11,-7.891,0,0.029,0.000185,0.000174,0.0909,0.934,125.006,4,reggae,medium
80797,08Zh9GFP2TKItpgcfRSHUV,Hariharan;Sadhana Sargam,Merupu Kalalu,Vennelave Vennelave,57,359773,False,0.665,0.19,6,-17.811,1,0.0339,0.497,1.1e-06,0.158,0.54,91.077,4,pop-film,high
28521,3RgEkU0pFALv7sQhPlaFLd,SLANDER;Ashley Drake,Halfway Down (with Ashley Drake),Halfway Down (with Ashley Drake),51,310400,False,0.447,0.575,10,-7.011,0,0.0517,0.0296,2.82e-06,0.105,0.158,149.996,4,dub,high
28492,438mvglmmUAmK8OARQqFvd,BaianaSystem,OXEAXEEXU,Dança de Airumã,31,227573,False,0.683,0.862,7,-4.55,0,0.0619,0.157,0.00298,0.297,0.609,108.001,4,dub,medium
102163,4H7S2ogSxUrX9bMv3a2O2K,Prateek Kuhad,In Tokens & Charms (Deluxe Edition),Just to Be With You,47,81280,False,0.792,0.267,10,-14.205,1,0.056,0.939,0.0331,0.12,0.607,146.033,3,songwriter,medium
77602,3TnVzwHRytGd8Va9jn6Yhs,Jorge Vercillo;Djavan,Leve,Final Feliz,44,228560,False,0.482,0.588,11,-6.897,0,0.136,0.76,0.0,0.126,0.332,88.619,4,pagode,medium
28621,35d2qt9etHFDi5FkDwV6h3,GhostDragon;YERINMYWAY;Nate Mitchell,Strangers Again,Still In Love,37,204000,False,0.47,0.669,7,-7.454,1,0.0358,0.129,0.0,0.196,0.35,80.066,4,dub,medium
82314,0M3rVS2aYMDiobszBYRmVh,Shannon & The Clams,Year Of The Spider,Crawl,26,139133,False,0.576,0.645,9,-4.608,0,0.0287,0.234,0.0,0.112,0.767,111.525,3,power-pop,medium
93862,6fVoQdjXgNhfURDidAiQJY,Ivan Kozlovsky,Ива́н Козло́вский / Голоса из прошлого,Белеет парус одинокий,0,111640,False,0.411,0.114,5,-14.939,0,0.0587,0.968,0.0,0.339,0.307,165.644,1,romance,low
76441,6N2QRUQhIVqE9deWQxCniK,Georges Bizet;Pierre Dervaux;Orchestre du Theatre National de IOpera-Comique,Bizet: Les Pecheurs de perles,"Bizet: Les Pêcheurs de perles, Act 1: ""Au fond du temple saint"" (Nadir, Zurga)",23,326253,False,0.194,0.178,3,-18.063,1,0.0392,0.983,0.00766,0.113,0.234,88.178,5,opera,low
25264,7L8FerYRh4j2aGgLnbNJ70,Boney M.,Boney M.,Gotta Go Home,29,225293,False,0.771,0.914,1,-7.004,1,0.0298,0.219,0.053,0.341,0.98,131.641,4,disco,medium
29552,1ZFZQK8OGNdRP7NE8DFJMc,Fairlane;Kala,V,5 Years,0,211213,False,0.403,0.876,3,-4.697,1,0.0695,0.0322,0.0,0.0842,0.183,172.886,3,dubstep,low
75954,7v373TJVKDsnubhoMJ7eA1,Conjure One;Rhys Fulber,Conjure One,Make A Wish,38,272053,False,0.621,0.714,7,-8.364,0,0.0317,0.0521,0.109,0.627,0.415,96.014,4,new-age,medium
105495,6eDqurv28sG5kd5iL9jcam,Justnormal,Don't You Leave,Find Peace,10,125579,False,0.745,0.418,9,-7.27,0,0.0462,0.887,0.774,0.105,0.738,103.502,4,study,low
2467,0sJ4NbFdEhgLOtInlbRmFl,The Score,ATLAS,Higher,60,214613,False,0.449,0.745,9,-5.045,0,0.0327,0.00342,0.0,0.295,0.465,83.918,4,alt-rock,high
68558,42vMaWQYBqk9kf8P2uaT05,"Angel Y Khriz;Gocho ""El Lápiz De Platino"";John Eric",Halloween con perreito,Na De Na,0,202866,True,0.878,0.893,6,-5.834,1,0.122,0.182,0.0,0.105,0.682,119.925,4,latino,low
85239,7HVFkjQT4zk6DrCnBE03QM,Rybičky 48,"Tohle je rock´n´roll, vy buzny","Tohle je rock´n´roll, vy buzny!",43,142207,False,0.614,0.954,1,-2.237,1,0.0434,0.00547,0.0,0.0451,0.745,120.065,4,punk-rock,medium
80442,5xVGxxFjjFsyxGpXE0U8Qt,Hariharan;Sadhana Sargam,Hits Of Vairamuthu,"Vennilavae (From ""Minsara Kanavu"")",60,351720,False,0.639,0.309,6,-12.061,1,0.0316,0.422,0.0,0.175,0.622,91.039,4,pop-film,high
21101,2IhARxCm5lBKHgQvGw8RPo,Omah Lay;Justin Bieber,Boy Alone,attention,63,180563,False,0.817,0.72,5,-8.134,0,0.0809,0.172,0.000726,0.109,0.384,119.989,4,dancehall,high
13388,39XjBtONTw3TGoVN51X4tE,Robert Owens;Atjazz,"Black Label #78 "" Art "" Remix EP 2 - Remixes by Christo, Snuff Crew, Niedermeier & Whitehead, Si-Tew, Matthias Heilbronn & Joeski, John Gazoo",Hearts And Soul - Christo'Disco Rinse'Remix,10,471050,False,0.802,0.753,2,-7.923,1,0.0324,0.00685,0.576,0.161,0.309,105.933,4,chicago-house,low
42361,72lOk8m2kS4E0duEMl7Viv,Iron Lung,Life. Iron Lung. Death.,Cauterization,15,58426,False,0.274,0.982,2,-5.37,1,0.227,8.3e-05,0.747,0.165,0.0808,138.143,4,grindcore,low
39147,48AAhCg91UjUhFZ17sNcSD,Ludwig van Beethoven;Anne-Sophie Mutter;Yo-Yo Ma;Daniel Barenboim;West-Eastern Divan Orchestra,Classical Running,"Triple Concerto in C Major, Op. 56: III. Rondo alla Polacca - Live at Philharmonie, Berlin / 2019",0,759920,False,0.367,0.302,0,-16.454,1,0.0414,0.846,0.679,0.0729,0.356,105.35,4,german,low
41858,5SbJacDwoaouWkGxG1TrHq,We Are The Fallen,Tear The World Down,Bury Me Alive,49,286640,False,0.529,0.882,11,-2.962,0,0.0444,0.0208,1.32e-05,0.359,0.179,119.974,4,goth,medium
110169,6UiDiFJUGEDzkGpZBL8IYq,Tritonal;Ross Lynch;R5,Painting With Dreams,I Feel The Love,56,213120,False,0.555,0.813,0,-5.792,1,0.033,0.0201,0.0,0.165,0.435,125.034,4,trance,high
17622,0VIhKSfhwjZZKteueIug3h,Corvad,Unreal,Off,16,247500,False,0.628,0.913,4,-3.493,1,0.0679,0.0711,0.156,0.21,0.185,100.017,4,club,low
39427,0EIocN4Hh9Vz2A1PJ6bOnT,Sarah Connor,Holiday Tunes 2022,Christmas In My Heart,0,288440,False,0.649,0.517,9,-5.227,0,0.0273,0.54,0.0,0.0601,0.185,119.968,4,german,low
10381,7d5p80uHWB7IoImgpxUNWg,Datsik;Protohype;Init,Shell Shock Legends,Turf Wars,15,251586,False,0.67,0.96,2,-1.175,1,0.0579,0.000354,0.0101,0.458,0.2,145.065,4,breakbeat,low
11285,1aaRBc3zF4nOLkrqFFCCpj,Gerald Barry;Jennifer France;Britten Sinfonia;Thomas Adès,Beethoven: Complete Symphonies & Barry: Selected Works,The Eternal Recurrence,0,701426,False,0.539,0.207,0,-15.186,1,0.0481,0.975,0.0312,0.351,0.339,103.802,4,british,low
89505,2kPMnIuUd8ICqi8ZT431WR,Alvaro Diaz,Verano en Junio,LENTITO,0,203546,False,0.584,0.803,1,-4.953,1,0.273,0.0392,4.71e-05,0.0973,0.339,108.049,4,reggaeton,low
86109,5qJHlqHV4mQUh5fWqZoT9H,The Run Around,Bombs Away,Bombs Away,51,165080,False,0.577,0.938,2,-3.715,1,0.236,0.000346,9.92e-06,0.203,0.487,137.993,4,punk,high
28624,6DfESv6z9PPLo1RhbzlVIb,Koven,All We Needed,All We Needed,49,241600,False,0.482,0.789,1,-5.945,0,0.0486,0.00577,0.00173,0.11,0.263,149.991,4,dub,medium
89973,1LIqNVhaIgxXUt2eVoIQJ3,Maluma,11:11,HP,72,184435,True,0.837,0.791,4,-3.157,0,0.0773,0.252,1.14e-06,0.188,0.618,91.98,4,reggaeton,high
9460,2MlMI8EvmLlWYXVcdfSAxs,O Rappa,O Rappa - Acústico Oficina Francisco Brennand (Deluxe) [Ao Vivo],Uma vida só - Ao vivo,45,235864,False,0.46,0.898,5,-4.922,0,0.0412,0.0112,0.00108,0.649,0.746,92.148,4,brazil,medium
54693,138XpTa2OeX6hlEPch7rym,Rei Harakami,trace of red curb dedicated from rei harakami,Unexpected Situations - rh re-arrange,10,59693,False,0.274,0.091,6,-25.702,1,0.047,0.417,0.973,0.137,0.0351,133.642,3,idm,low
91125,0FtatFiR93fHKIdLxmv8ar,Panic! At The Disco,Alternative Rock Mixtape,"Hey Look Ma, I Made It",2,169666,False,0.577,0.834,5,-3.337,1,0.0689,0.0134,0.0,0.121,0.575,107.936,4,rock,low
9721,4ewcgtlObYccblWuAxMUqz,Frejat,Amor pra Recomeçar,Homem não chora,45,239533,False,0.539,0.838,10,-5.563,1,0.0525,0.0831,0.000227,0.276,0.343,133.437,4,brazil,medium
45163,0VYl6MeDfICsBCiopYfv0a,Las Lagrimas,Nostalgias De Buenos Aires,Nostalgias De Buenos Aires,28,197750,False,0.542,0.143,9,-13.06,1,0.0617,0.976,0.928,0.101,0.25,79.413,4,guitar,medium
97201,60glrFrvqFW5RmNNecsnaa,Turma do Pagode,Muito Cedo,Muito Cedo,51,203289,False,0.561,0.744,4,-6.402,1,0.0419,0.576,0.0,0.821,0.634,152.086,4,sertanejo,high
62234,1nAqLID4ZQTgDx4mkL4Ikt,Jamie Cullum,A Merry Modern Christmas,All I Want For Christmas Is You,1,253388,False,0.659,0.274,7,-11.686,0,0.186,0.694,0.0,0.148,0.479,127.862,4,j-pop,low
23393,0JqY1VDNn7p92rsvUGs6m1,Black Coffee;Diplo;Elderbrook,Subconsciously,Never Gonna Forget (with Diplo feat. Elderbrook),54,199768,False,0.694,0.675,11,-9.89,0,0.0284,0.0382,0.00838,0.0858,0.455,119.96,4,deep-house,high
63816,0Bvp54lGzbK6OueNgtiOxY,GReeeeN,旅立ち,旅立ち,32,261213,False,0.64,0.706,11,-5.345,1,0.0298,0.0269,0.0,0.0688,0.85,93.986,4,j-rock,medium
6971,5asYnKjFDtLjMa4qWzgajy,Graveland,Thousand Swords,The Time of Revenge,16,289586,False,0.215,0.988,2,-13.628,0,0.0963,3.59e-05,0.00105,0.328,0.0359,146.588,4,black-metal,low
61361,0WaengKDHyFCdJF4chcKja,NMB48,難波愛~今、思うこと~ (Type-M),甘噛み姫,23,250008,False,0.446,0.963,2,-2.258,1,0.136,0.17,0.0,0.342,0.353,145.925,4,j-idol,low
43602,6lvXCTiPKfgrvUjxKjd7Ds,Sonny Fodera;Sinéad Harnett,Rise,Into You,56,214838,False,0.675,0.713,11,-6.871,1,0.0346,0.0965,0.43,0.0853,0.929,123.999,4,groove,high
54665,3I7n1t3f3mSJWeHAxILqSP,Plone,Puzzlewood,Red Kite,10,208983,False,0.381,0.363,1,-17.066,1,0.0489,0.938,0.913,0.203,0.273,199.592,4,idm,low
15352,4ZaRg5Sf4TKr0YcFRLh7QJ,UMI,Love Language,Love Affair,69,190960,False,0.613,0.488,8,-7.37,1,0.0964,0.129,2.13e-05,0.335,0.183,172.076,4,chill,high
75852,3UFbSrtbzJ6MhKFJ5oHKEc,Yiruma,f r a m e,Walking In The Forest - Piano Version,43,189000,False,0.476,0.065,2,-18.363,0,0.111,0.991,0.942,0.0865,0.154,134.293,4,new-age,medium
99878,4aYMKMpoKrFBgo3TTIYT2Z,Payung Teduh;Orkes Panawijen,Diam,Diam,44,247000,False,0.73,0.396,0,-7.382,1,0.0277,0.657,0.000447,0.297,0.681,89.98,4,singer-songwriter,medium
1590,2knuucaDknfBuwjUMqDo75,BaianaSystem;Céu,ATO 1: Navio Pirata,O Que Não Me Destrói Me Fortalece,21,233894,False,0.739,0.582,2,-6.831,1,0.0309,0.0496,0.00175,0.11,0.674,119.028,4,afrobeat,low
34987,7vNf4bAA3DqgTsvM0s0ecI,Tierra Adentro,"Revolucion del folklore, en vivo",Viajando voy,43,160266,False,0.562,0.895,4,-4.514,1,0.341,0.237,0.0,0.457,0.712,131.715,4,folk,medium
35024,4oIRYmC4rhBUbF2HSduX4C,Desejo De Menina,Cumplicidade,Cumplicidade,49,182465,False,0.648,0.804,9,-5.623,1,0.0379,0.325,0.0,0.365,0.907,156.135,4,forro,medium
30763,6ufrOaf4v6Qady6GiIpQ0s,The Chainsmokers,Sick Boy,Everybody Hates Me,59,223466,False,0.475,0.752,11,-6.596,0,0.0467,0.00703,0.0,0.406,0.515,154.957,4,edm,high
49747,4Utp8uYjk0j8eRHqkIHhpf,The Prophet,The Hardcore Archive Part 2 (1995 - 1996),Don't Quit (Original Mix) - Extended Mix,6,213933,False,0.608,0.852,7,-4.194,1,0.0622,0.00215,0.596,0.667,0.257,175.058,4,hardstyle,low
91074,6QvYmrqFKRSVrcVgvoA7Ar,Red Hot Chili Peppers,All That Really Matters - Just Hits,Tippa My Tongue,4,260808,False,0.573,0.913,5,-6.52,0,0.0409,0.00861,0.0273,0.114,0.795,88.418,4,rock,low
92768,0Dh6iikOZiVGUiqkEehOxf,Gutter Demons,Enter the Demonz,Out of Sight,24,261853,False,0.458,0.933,7,-4.197,0,0.0342,0.215,1.41e-05,0.109,0.864,142.752,4,rockabilly,low
51424,7fduswfw6pp8e1U4k5aF0R,Jack Harlow,2Step - Pop R'n'B,First Class,0,173947,True,0.905,0.563,8,-6.135,1,0.102,0.0254,9.71e-06,0.113,0.324,106.998,4,hip-hop,low
9550,5u3vBJzLvgJRQXqUFzr2cW,FBC;VHOOR;Mariana Cavanellas,BAILE,Não dá pra Explicar,46,194644,False,0.869,0.725,0,-8.428,1,0.0522,0.0357,2.6e-05,0.111,0.171,129.981,4,brazil,medium
70514,2aY9L0d1OPp0eVf5Vco51i,Jolin Tsai,特務J,日不落,49,228506,False,0.687,0.938,1,-3.519,1,0.0309,0.00555,2.5e-05,0.165,0.829,128.01,4,mandopop,medium
58787,5chHOXIeRXzmo0xfUceOsC,Funker Vogt,Code of Conduct,Tanzbefehl,21,286066,False,0.631,0.925,0,-5.48,1,0.0436,0.123,0.0783,0.129,0.724,121.048,4,industrial,low
21969,79Km41FyeeQsT3l1Lik4lM,Kyodi,Pleasure,Pleasure [Fuck Again],25,149845,True,0.663,0.706,11,-4.761,0,0.338,0.611,0.0,0.111,0.45,130.309,5,dancehall,medium
76100,7muThCzsr5IiHihIvw3xzf,André Rieu;Carmen Monarcha;Mirusia Louwerse;Suzan Erens;The Platin Tenors,My Music - My World - The Very Best Of,O Fortuna,45,218626,False,0.288,0.388,2,-10.267,0,0.0374,0.934,0.000401,0.23,0.226,82.271,3,opera,medium
33742,1Rsc1mqqOFBKqzkF8GKPDt,Pee Wee Gaskins;Alditsa Decca Nugraha;Reza Satiri;Fauzan;Harry Pramahardika;Renaldy Prasetya,A Youth Not Wasted,Kertas Dan Pena,35,228794,False,0.411,0.946,9,-4.204,1,0.05,0.00271,2.27e-05,0.422,0.436,169.902,4,emo,medium
100307,09CibftU63IIhXuGa1Xzzo,Pennywise,About Time (2005 Remaster),Perfect People - 2005 Remaster,38,185920,True,0.391,0.977,2,-4.136,1,0.143,0.00911,0.0,0.115,0.54,89.649,4,ska,medium
88792,55QTuyhoVaOlTc295H7lqr,MORADA,Ele É (Ao Vivo),Meus Votos - Ao Vivo,48,497142,False,0.34,0.708,9,-5.486,1,0.0343,0.377,0.0,0.682,0.22,140.03,4,reggae,medium
79739,0BTszzu4PNTJwMtxR4IqKL,João Donato,Ritmo Brasilero,Amazonas,31,132533,False,0.77,0.436,8,-11.751,1,0.0627,0.724,0.865,0.0996,0.619,83.034,4,piano,medium
92334,4XWW9hzf95NduvyfkgC3V8,The Baseballs,Hot Shots,Mambo,31,162746,False,0.733,0.916,10,-4.65,1,0.0649,0.592,0.0,0.383,0.936,116.006,4,rockabilly,medium
29874,2hLTRKz5pc8SPWa1dJ7yyi,Dabin;Lowell,Between Broken,Holding On,41,217347,False,0.465,0.69,5,-5.171,1,0.0394,0.0515,9.04e-06,0.112,0.284,145.013,4,dubstep,medium
93320,6x5sUSnjTj5pqOMEMbIhj8,Алёша Димитриевич,"Шедевры русской эстрады. Мама, я жулика люблю",Я милого узнаю по походочке,0,162186,False,0.484,0.391,7,-14.147,1,0.123,0.92,0.00673,0.203,0.577,181.397,4,romance,low
36557,380vyl9xb7um0l5qIYyWeC,Luca;Joel Stewart,Overflow (feat. Joel Stewart),Overflow - feat. Joel Stewart,53,142105,False,0.603,0.421,9,-10.646,1,0.0493,0.567,5.58e-05,0.0757,0.242,114.093,4,french,high
64400,1VF8qdcBpikf3XMMFnqEpX,Dean Martin,Best Christmas Songs 2022 | For under the Mistletoe,Let It Snow! Let It Snow! Let It Snow!,0,115240,False,0.484,0.332,1,-10.312,1,0.037,0.787,0.0,0.373,0.683,134.999,4,jazz,low
38114,2pAD0PKMUMtxlMvz33tYzB,The Strokes,Is This It,Is This It,61,151333,False,0.664,0.679,5,-8.293,1,0.03,0.149,4.84e-05,0.347,0.804,96.002,4,garage,high
66910,3DY7C6o4zd4VnjYDFQ8MzI,Koo Koo Kanga Roo,"Cafetorium Songs, Vol. 1",I Get Loose,41,96029,False,0.884,0.705,10,-6.04,0,0.125,0.00821,0.0,0.0363,0.694,113.94,4,kids,medium
44985,5JjHr4GeuAERaa1qgsbv6A,Nickelback,No Fixed Address,Edge Of A Revolution,57,243053,True,0.524,0.97,2,-3.324,1,0.0454,0.00011,0.0,0.113,0.66,161.961,4,grunge,high
97625,6LNpAdMw4E10p7NLVqflJ4,Jorge & Mateus,Aí Já Era...,Seu Astral - Live In Sao Paulo / 2010,46,191333,False,0.649,0.811,2,-5.659,1,0.0307,0.443,0.0,0.275,0.725,138.103,4,sertanejo,medium
73883,2nQGEVtP6hTGiddjZm7iVF,John Talabot,My Old School,Afrika,19,454986,False,0.732,0.583,7,-9.21,0,0.0596,0.0147,0.958,0.0967,0.0895,113.997,4,minimal-techno,low
64280,761gSqtu2luRrFCRnH1hpz,Nat King Cole;John Legend,Rockin' Around The Christmas Tree 2022,The Christmas Song (Chestnuts Roasting On An Open Fire),0,210026,False,0.226,0.382,1,-9.243,1,0.0288,0.845,0.0,0.111,0.165,81.943,4,jazz,low
53439,0gYcGFMdgipfimvC5KvYdm,Clean Bandit;A7S,I'm Blue - Hits of 2022,Everything but You,1,198014,False,0.679,0.764,6,-5.301,1,0.0391,0.031,9.05e-06,0.0951,0.471,124.977,4,house,low
84359,5L7VBYoosmkmiiDlzumdCe,King Crimson,In The Court Of The Crimson King (Expanded & Remastered Original Album Mix),"21st Century Schizoid Man - Including ""Mirrors""",57,442580,False,0.306,0.701,7,-9.914,0,0.0647,0.000398,0.592,0.197,0.555,92.646,3,psych-rock,high
87313,1SjK3fJFkEGuvGpwFvg3y9,Pato Fu,Ruido Rosa,Ando Meio Desligado,46,208973,False,0.618,0.661,5,-8.097,0,0.0356,0.0621,5.15e-06,0.363,0.614,143.129,4,r-n-b,medium
50078,52sQMxvfgMCkmwJrQKNWNt,Ricardo Iorio,Atesorando los cielos,Quiero Ser Como Usted,33,254480,False,0.427,0.788,4,-3.486,1,0.0303,0.00655,0.000455,0.0666,0.489,80.025,4,heavy-metal,medium
77826,3s5eF58FHyYXO4ckNWHWIB,Doce Encontro,Além dos Limites,Sem Razão,42,217880,False,0.616,0.571,4,-9.906,1,0.039,0.401,0.0,0.11,0.414,74.897,4,pagode,medium
11735,6EHuOufBeL6vk3TvVJB5qo,The Beatles,Please Please Me (Remastered),Please Please Me - Remastered 2009,58,120853,False,0.527,0.48,4,-9.61,1,0.028,0.334,0.0,0.0702,0.706,139.388,4,british,high
85850,6CV34A2xO8SOZw4RqSSUOe,PVRIS,You and I,You and I,23,270000,False,0.521,0.827,10,-7.225,0,0.0514,0.0412,0.0235,0.0999,0.411,101.99,4,punk-rock,low
78705,74ixAM1p5dSKDeggxPXJBC,Jörg & Dragan (Die Autohändler),Superhupen 2011,Superhupen 2011,25,226285,False,0.748,0.971,9,-2.526,1,0.0399,0.0669,1.19e-05,0.347,0.963,139.999,4,party,medium
58313,1YhZbKOU47hnRb2q8LOHKH,Killing Joke,Killing Joke,The Death & Resurrection Show,47,415160,False,0.567,0.938,7,-6.28,1,0.0874,0.00157,0.00729,0.124,0.345,100.016,4,industrial,medium
11443,1XcM5R8ytZTXDoBmTFzB66,Traffic,Fiesta temática 60s,Dear Mr. Fantasy,0,337306,False,0.201,0.854,2,-7.318,1,0.107,0.115,0.017,0.245,0.659,168.211,4,british,low
36595,7qFW8kp1WUn3nvWYDjhqI6,100 Blaze,RAP MUSCULATION RENTRÉE 2022,D.S.C.P,0,156653,True,0.771,0.456,10,-11.036,0,0.439,0.122,0.0,0.136,0.607,148.062,4,french,low
46377,7qzyfdV473Q6utN6tlJR42,Dj Promo,Hope,Pain,20,175008,False,0.623,0.634,0,-11.574,1,0.0558,0.00299,0.851,0.16,0.411,190.018,4,happy,low
64402,7J3pqJ4DlGcm1aGku5Qj4G,Dean Martin,Christmas 2022,"Baby, It's Cold Outside",0,143733,False,0.439,0.196,0,-16.093,1,0.0601,0.88,0.0,0.0513,0.525,129.581,4,jazz,low
64883,0f7a6m3AFaFM6uSG4PASl0,Isaac Hayes,pov: you rock around the christmas tree,The Mistletoe And Me,0,239280,False,0.331,0.42,5,-9.251,1,0.0292,0.658,2.64e-05,0.0537,0.157,95.862,4,jazz,low
100445,5rnhbKrkvUPvclA1Scjpp8,Panteon Rococo,Compañeros Musicales,C.D.A.,37,276906,False,0.651,0.905,9,-6.886,1,0.0318,0.0675,0.00242,0.458,0.966,136.163,4,ska,medium
110566,27aJsdHeQcIfkB0M6JVcnx,KiLLATK,Ultradynamics,Bizarro,23,344727,False,0.598,0.957,7,-4.875,1,0.0728,0.000261,0.689,0.231,0.199,164.967,4,trance,low
59842,0Xyy5ASa9iuqIgzH2mY9T6,Garhelenth,The Mysterious Kingdom,Paradox Existence,0,269423,False,0.125,0.677,8,-9.416,1,0.048,1.68e-06,0.0056,0.382,0.299,96.517,4,iranian,low
1824,2XWx3cUPgju22NUCbv5e1X,Jungle Fire,Tropicoso,Village Hustle,16,240400,False,0.785,0.874,4,-8.122,0,0.0485,0.0782,0.816,0.0728,0.962,120.102,4,afrobeat,low
78228,6npM2gc4Q2iYXSs3wD55ET,Brings,Karneval Klassiker,Dat is geil,0,210746,False,0.629,0.916,0,-4.148,0,0.0579,0.0504,0.0,0.111,0.499,132.98,4,party,low
23304,62OQBLpD3TmkqbtTPqqdRt,Tchami,Adieu,Adieu,58,413333,False,0.717,0.747,11,-4.932,0,0.0409,0.0467,0.635,0.0772,0.335,125.983,4,deep-house,high
37162,2Y4tS3lXcPL0iMtIviTKgf,Clean Bandit;A7S,BEST WORKOUT BEATS,Everything but You,0,198014,False,0.679,0.764,6,-5.301,1,0.0391,0.031,9.05e-06,0.0951,0.471,124.977,4,funk,low
2470,1qUHD9oPIMFHKpR12NY2KC,Thousand Foot Krutch,The End Is Where We Begin,War of Change,67,231665,False,0.531,0.887,5,-4.417,0,0.0329,0.00261,0.000512,0.0657,0.626,104.055,4,alt-rock,high
70113,5EXpL9orGpIsscSyBgPdSx,Yoga Lin,感官/世界,說謊,54,264160,False,0.54,0.474,10,-7.589,1,0.0294,0.372,0.0,0.118,0.22,128.051,4,mandopop,high
42507,6TedtsSKzvBu8FzS1V5GAe,Genghis Tron,Board Up the House,Colony Collapse,12,241920,False,0.493,0.915,2,-5.344,1,0.052,2.25e-05,0.79,0.65,0.129,104.979,4,grindcore,low
32790,4NKRjU7Sz9kbw8nDFUjaKW,Alex & Daniel,Alex & Daniel,Mundo Real,35,260226,False,0.716,0.701,9,-5.7,0,0.033,0.119,7.68e-05,0.361,0.927,104.018,4,electronic,medium
93907,3kLqZUahZCZrTB7MAMqJX1,Михаил Вавич,Коробейники,На последнюю пятерку,0,172801,False,0.489,0.266,0,-10.927,0,0.0691,0.996,3.72e-05,0.408,0.424,73.825,4,romance,low
9396,06yFJ4oBPaErOmVcr6pU0a,Pedra Leticia,Pedra Leticia,Como Que Ocê Pôde Abandoná Eu?,46,166922,False,0.856,0.552,0,-7.685,1,0.138,0.221,0.0,0.39,0.922,104.978,4,brazil,medium
12781,7GDwYUuvu1qjah9rAH15AH,Chilam;Xu Qiu Yi,EMI 星聲傳集之張智霖,現代愛情故事,46,280773,False,0.804,0.529,0,-8.57,1,0.0305,0.277,0.0,0.0916,0.723,106.908,4,cantopop,medium
69926,2iwYUIE8O8YgJ9ESx2QWlJ,Franco;Amritha Suresh;Naveen,Aagathan (Original Motion Picture Soundtrack),Mundaripoo,17,280826,False,0.742,0.64,11,-6.699,0,0.201,0.318,0.0,0.331,0.775,74.984,4,malay,low
41334,4Bsa9IzBxOhsIYJpugwGGk,The Gathering,Souvenirs,Souvenirs,25,366826,False,0.468,0.675,2,-6.201,0,0.0338,0.00551,0.000247,0.539,0.168,113.963,4,goth,medium
14136,1VNB8G2Rq3RcQgo74OCHzp,Kidz Bop Kids,KIDZ BOP Halloween,Ghostbusters,43,200000,False,0.688,0.951,1,-2.566,0,0.0312,0.000237,0.0552,0.181,0.767,120.028,4,children,medium
17735,0peoHOkfai7vlQhUIGVmtt,DEADLIFE,Bionic Chrysalis,Remember,17,351272,False,0.619,0.69,5,-6.106,0,0.0776,0.0539,0.814,0.101,0.152,110.007,4,club,low
58239,63Vcvu0KNgbbze1TQZSxky,Project Pitchfork,Souls/Island,Souls - Extended Version,28,389333,False,0.46,0.859,9,-8.987,0,0.0286,9.63e-05,0.84,0.671,0.415,123.993,4,industrial,medium
106684,5cyDXBdzZk0p3keqDAVkCs,Dan Hylander;Raj Montana Band,Om änglar och sjakaler,Svart kaffe,38,220866,False,0.799,0.939,9,-4.057,0,0.07,0.207,0.00766,0.197,0.846,118.68,4,swedish,medium
99337,75MWtEDkqlSoJAXrdw1lR9,Tom Petty and the Heartbreakers,Christmas Rock 2022,Christmas All Over Again,0,253626,False,0.44,0.838,9,-6.196,1,0.0423,0.0956,0.0,0.473,0.619,138.908,4,singer-songwriter,low
46393,3jzkZazdF5iHc5HMdMg7dp,Charly Lownoise & Mental Theo,The Best Of Charly Lownoise & Mental Theo - 25 Years Anniversary,Fantasy World - Radio Mix,20,205606,False,0.405,0.96,0,-3.9,1,0.102,0.392,4.39e-05,0.818,0.475,169.91,4,happy,low
48426,3o0J0f1b93w0vZ5oMwnKIr,Sugar Kane,Por Nossa Paz,Medo,34,208280,False,0.401,0.953,11,-3.354,0,0.065,5.99e-05,0.000791,0.319,0.644,122.863,4,hardcore,medium
8731,3y3Wayk7zGwKsffrbayBzl,Sir Charles Jones;Calvin Richardson;Omar Cunningham,The Masterpiece,Call on Me,34,283653,False,0.39,0.314,4,-16.44,1,0.153,0.491,0.0,0.114,0.601,76.179,4,blues,medium
16621,6j7QJN8zuRMYMnB4MpduXL,M. S. Subbulakshmi,Legends Never Die,Aggini Endrariyayo,32,154998,False,0.552,0.13,9,-8.612,0,0.103,0.996,0.699,0.127,0.356,61.913,3,classical,medium
73005,12LOYGBr0T0IqyuhEILYFh,NTO,La clé des champs,La clé des champs,59,416000,False,0.461,0.526,6,-10.668,1,0.0506,0.00142,0.861,0.108,0.0401,120.011,4,minimal-techno,high
24945,3XR8M0I7Wrk67qeXx8e1Tm,Drexciya,Journey of the Deep Sea Dweller II,Unknown Journey II,5,149759,False,0.788,0.989,6,-10.468,1,0.075,0.0318,0.764,0.102,0.858,123.735,4,detroit-techno,low
77672,1LvI5DyAya6gbgMKH3Ez3M,Di Propósito,Encontrin 2 - Parte 2 (Ao Vivo),Ponto Fraco / Dividido / Sonhos e Planos - Sou Eu - Ao Vivo,43,301685,False,0.58,0.778,11,-7.148,1,0.0482,0.728,0.0,0.739,0.859,167.999,4,pagode,medium
84201,09x9v1o51dbqi5H0u7UGfp,The Beatles,The Beatles (Remastered),I Will - Remastered 2009,63,105933,False,0.631,0.387,5,-11.529,1,0.0262,0.742,0.000406,0.0822,0.832,103.11,4,psych-rock,high
46835,7CFRxAfwJs3OjZ18edLEZ9,Dj Mad Dog,Till I Die Vol.1,1996 - Radio Edit,17,210100,False,0.448,0.996,7,-0.871,1,0.108,0.139,0.0284,0.358,0.288,174.054,4,happy,low
101483,0MgnRvmrRE0c9kqUcDRySj,White Noise Therapy;Rain Sounds;Natural White Noise for Babies;Nature and Rain;Natural Sounds,"Rain Drop Medley of Roof, Thunder, Forest, Car, and More (Loopable Audio for Insomnia, Meditation and Restless Children)",Pure Brown Noise with Pouring Rain,37,61020,False,0.0,2.03e-05,2,-14.51,1,0.0,0.0,0.0,0.838,0.0,0.0,0,sleep,medium
78725,49229NfRnX3nL9ITtwqPHs,Michelle;BANGERZ,Anders! (Remixe),Anders ist gut (BANGERZ Remix),26,187920,False,0.799,0.924,2,-3.709,0,0.0506,0.134,3.71e-06,0.089,0.962,124.983,4,party,medium
38703,4Xb9WKmzyiPeQSRqNQ2djU,Arctic Monkeys,Suck It and See,Evil Twin,50,197373,False,0.479,0.752,4,-4.99,0,0.0793,0.0016,1.78e-05,0.0599,0.741,175.997,4,garage,high
2987,0f70fllnpYQJlADzm3dkEX,Estelares,Ríos de Lava - Single,Ríos de Lava,44,223692,False,0.596,0.81,9,-7.48,1,0.0273,0.000322,0.0,0.155,0.705,130.022,4,alt-rock,medium
75404,4QoJYdOfSSqlXtbPUcbF8x,Ad Dios,Avalon revisited,The Lake,24,162253,False,0.503,0.0895,2,-17.979,0,0.0332,0.958,0.87,0.108,0.303,107.86,3,new-age,low
85806,5cxE8QZLrhP3OQjslZ8Lux,Sad Saturno,Destinados a Fallar,Salven la Torre del Reloj,36,223074,False,0.226,0.882,7,-2.653,1,0.104,0.024,0.0,0.393,0.358,72.486,4,punk-rock,medium
8426,3Xls4cNOwy01dtrNXb1inG,Cream,Wheels Of Fire,White Room,70,298333,False,0.553,0.576,0,-13.458,1,0.0304,0.191,0.00664,0.0365,0.457,109.827,4,blues,high
106082,2FkbeqpCrjjDdVH1SZgDo6,Isak Danielson,Yours,Broken,74,216338,False,0.434,0.637,5,-6.85,0,0.0613,0.451,0.0,0.112,0.1,141.869,4,swedish,high
88471,3R2gIWAXOAyNXTmfxMITwK,Kevin Roldan,Fiesta portatil,PPP,1,129332,False,0.798,0.625,4,-6.83,1,0.13,0.383,3.33e-05,0.125,0.774,92.994,4,reggae,low
105484,3cQZfxm4Dd1p8I3BtbQLFI,"Sarah, the Illstrumentalist",Constellations,Vega,10,151565,False,0.602,0.337,5,-16.022,1,0.0408,0.812,0.957,0.104,0.551,91.964,4,study,low
112873,72vbDhl7Bz9HMP9j9Xsutq,Kayra,Bütün Ayazların Ortasında,Olmadım Say,38,202500,False,0.674,0.897,11,-4.631,1,0.184,0.0227,0.0,0.0737,0.719,176.072,4,turkish,medium
43663,76Y3tYpbBuu9H9hHV2zN4h,Stoto,Many Dreams Ago,Many Dreams Ago - Part 1,41,199680,False,0.76,0.558,1,-12.594,0,0.0604,0.0197,0.908,0.1,0.0446,124.994,4,groove,medium
60819,4IXY7eas8HhlTrTMUC3RmF,Nervz,Oprah,Oprah,18,146938,False,0.684,0.537,2,-8.909,1,0.315,0.608,0.000194,0.0779,0.339,67.774,5,j-dance,low
81447,1fkKTSAmrguXmlZ1we0BQp,David Guetta;Becky Hill;Ella Henderson,Baddest of Them All,Crazy What Love Can Do,0,169756,False,0.601,0.713,4,-3.758,0,0.0449,0.0282,0.0,0.158,0.464,122.872,4,pop,low
9499,02j3P5NLtFH34LVPLHLk5s,Maneva,#Somosmaneva,Minha Tristeza,45,208526,False,0.74,0.642,2,-5.887,0,0.11,0.489,2.94e-06,0.0711,0.925,167.975,4,brazil,medium
69166,5oTGvHta44zs7IJvJ32hJA,Street Academics;V3K,Loop Flip,Pambaram - V3K Remix,36,197346,False,0.643,0.677,11,-7.336,1,0.144,0.00333,0.532,0.0675,0.358,180.049,4,malay,medium
50538,4JOIXaZAdnlWJVzY4JTfKd,Riff,Contenidos,Me Tienen Cansado,24,152613,False,0.497,0.674,0,-9.344,1,0.0513,0.000748,0.00118,0.152,0.133,139.626,4,heavy-metal,low
92784,2xG2IpH5h0cOTdNq6rHjju,Danny & The Juniors,Boppin' At the Hop,Rock and Roll Is Here to Stay,26,147892,False,0.673,0.72,7,-9.306,1,0.0376,0.734,0.0,0.377,0.887,97.764,4,rockabilly,medium
20791,3UctqOpzo8MGBCI7BTgwoG,Jason Derulo,Feeling Good,Acapulco,0,139672,False,0.774,0.792,10,-4.021,1,0.0523,0.051,0.0,0.155,0.507,122.062,4,dance,low
70005,46fURCnWErjFdNM2yBJ2c8,Eric Chou,如果雨之後,永不失聯的愛,64,259600,False,0.289,0.43,10,-6.818,1,0.0332,0.624,0.0,0.101,0.531,169.511,4,mandopop,high
108663,7DypcsKIIfCp8dgfZgoD7c,Astor Piazzolla,Libertango,Amelitango,18,237052,False,0.54,0.34,9,-9.832,0,0.0323,0.691,0.172,0.262,0.63,121.449,4,tango,low
99031,7fY8qVujvm5lZBrt5Y1sIJ,Arijit Anand;Ankita Barwad,Khayaal,Khayaal,56,149749,False,0.702,0.326,1,-11.575,1,0.0313,0.731,0.000287,0.146,0.556,110.022,4,singer-songwriter,high
52027,4FmnUrA4cN7bsTuHNuEOqv,Frankie Carle;Marjorie Hughes,From The Sony Vault: Christmas With The Big Bands,Little Jack Frost Get Lost (with Marjorie Hughes) - 78rpm Version,28,164160,False,0.779,0.247,10,-12.5,0,0.0338,0.942,0.000578,0.153,0.732,135.87,4,honky-tonk,medium
67062,467COmJuCIz4s7sorVviYj,Feid,FELIZ CUMPLEAÑOS,Feliz Cumpleaños Ferxxo,5,155960,False,0.865,0.573,5,-5.501,1,0.0678,0.0863,0.0,0.305,0.563,94.999,4,latin,low
30460,0ZXdzaT1k688dkpNeEgQiV,NOTD;Astrid S,I Don't Know Why,I Don't Know Why,69,207667,False,0.499,0.898,8,-4.181,0,0.124,0.124,7.2e-06,0.0832,0.618,120.04,4,edm,high
107196,3rLKyCGyEVHR5c5sD7cPay,Limahl,Loki- The Complete Fantasy Playlist,Never Ending Story,0,213120,False,0.752,0.538,11,-13.293,1,0.0315,0.0629,8.8e-05,0.0767,0.752,123.028,4,synth-pop,low
8175,0UfbRLBZi1780FbGc07dg0,Chuck Berry,Home At Christmas,Run Rudolph Run,0,162897,False,0.647,0.876,10,-5.662,1,0.185,0.881,3.59e-05,0.26,0.949,151.925,4,blues,low
22593,5RGufl8vRVwPf04em0xqcn,Cannibal Corpse,A Skeletal Domain,Bloodstained Cement,22,221986,False,0.544,0.996,1,-2.853,1,0.116,0.000628,0.012,0.18,0.136,105.996,4,death-metal,low
37453,2avKuMN2QXkaG9vvHa2JLt,Limp Bizkit,Chocolate Starfish And The Hot Dog Flavored Water,Take A Look Around,74,321040,False,0.425,0.852,11,-5.607,1,0.046,0.0175,0.306,0.0935,0.512,101.968,4,funk,high
8562,7FtRUrOEDUHTvenvp1BqZo,Rainbow,Ritchie Blackmore's Rainbow,Catch The Rainbow,58,396466,False,0.32,0.412,4,-12.75,0,0.0316,0.188,0.0339,0.0644,0.282,132.986,4,blues,high
83177,4R4gOp9ybG85RqbrY7JELc,Syn Cole;MIYA MIYA,Feels Like Love (feat. MIYA MIYA),Feels Like Love (feat. MIYA MIYA),64,169672,False,0.728,0.657,0,-5.329,0,0.042,0.0696,3.41e-06,0.0855,0.772,122.079,4,progressive-house,high
9408,4XuEiko0gQBN73HsRTNhkP,Ponto De Equilíbrio;Gabriel O Pensador,Essa É a Nossa Música,Nossa Música,45,232771,False,0.723,0.715,6,-4.999,0,0.093,0.065,0.0,0.161,0.773,90.014,4,brazil,medium
57407,2nF4CJQfTfwft6TYVYLKiI,Zaeden,kya karoon?,kya karoon?,48,200275,False,0.723,0.561,5,-8.322,0,0.035,0.642,7.11e-06,0.228,0.616,145.02,4,indie,medium
68030,5hsExtdcPmoDQTc9rhK6ui,Feid,Perreo en Halloween,Si Te La Encuentras Por Ahí,4,191506,False,0.736,0.569,8,-3.559,0,0.0779,0.144,5.27e-05,0.112,0.433,171.973,4,latino,low
375,3yVSlc3y7YWZPAreTHjH9v,Masaharu Fukuyama,残響,明日の☆SHOW,34,290480,False,0.644,0.603,10,-5.83,1,0.0263,0.306,0.0,0.262,0.516,113.413,4,acoustic,medium
90232,5NHfrnF9xsCpsDY6ncvgIW,Jay & The Americans,60s Christmas Party,Come A Little Bit Closer,0,168853,False,0.594,0.716,3,-8.429,1,0.043,0.659,0.000914,0.363,0.847,132.31,4,rock-n-roll,low
32727,6Zz2xJe6SY7jPCjWkV0efO,A.M.R;Brandon Mignacca,A Place For Everything,Fell Out Of Love,49,236312,False,0.542,0.601,10,-14.681,1,0.0384,0.291,0.889,0.158,0.108,116.023,4,electronic,medium
66975,02obeYkCdobtFWUBXkScFP,Little Apple Band,Kids Clubhouse Favorites - The Mickey Collection,Hot Dog!,8,148389,False,0.889,0.566,7,-8.539,1,0.13,0.553,0.0015,0.114,0.918,92.055,4,kids,low
65601,0Qs67RelQ1FHAPkVBUoTDu,Anupam Roy,Pari,Meri Khamoshi Hai,49,318511,False,0.535,0.285,4,-14.143,1,0.0307,0.836,0.00572,0.118,0.206,92.033,4,k-pop,medium
51493,0d4mAx3fJvSJQPkREvjMDT,Jack Harlow,Gaming Songs 2022: Hard Mode,Dua Lipa,0,135053,True,0.833,0.652,11,-6.942,1,0.0762,0.00161,0.0985,0.106,0.405,158.022,4,hip-hop,low
6205,18FDTeGchVq0wpUjfm22OU,Sarastus,II-Toinen Tuleminen,Toinen Tuleminen,21,258750,False,0.26,0.928,4,-4.306,0,0.0676,4.62e-05,0.000181,0.471,0.0521,159.91,4,black-metal,low
17672,3hmvOKuezxt23DpfqalTb0,One True God,Love Me Tomorrow,Love Me Tomorrow,35,253333,False,0.677,0.755,9,-5.427,0,0.0352,0.282,0.544,0.0733,0.282,126.017,4,club,medium
93382,2r6Jay01kQTR0ztlXQbxf3,Nadezhda Obukhova,"Romansy Rossii, Chast’ 2",Ja vnov' pred toboju,0,171335,False,0.405,0.0576,9,-15.525,0,0.0431,0.993,0.0,0.0966,0.105,69.88,5,romance,low
50501,2IbNu5vmPKAOMq1p7AYiz3,A.N.I.M.A.L.;Richard Kaplan,Usa Toda Tu Fuerza,Usa toda tu fuerza,22,211093,False,0.585,0.918,10,-6.516,1,0.0761,0.000468,1.17e-06,0.512,0.323,112.535,4,heavy-metal,low
53069,6h5PAsRni4IRlxWr6uDPTP,Axwell /\ Ingrosso,More Than You Know,More Than You Know,80,203000,False,0.646,0.741,5,-4.973,0,0.034,0.0275,0.0,0.312,0.571,123.077,4,house,very_high
96009,6oDfRqEbg2gOf64XSwgfCF,Katinguelê,No compasso do criador,Recado a minha amada,52,243226,False,0.665,0.618,5,-10.467,1,0.0326,0.503,0.0,0.131,0.926,134.139,4,samba,high
36262,3Z9wiXDPADfxgovNa2I6ph,Mateo;Arinity;BIMINI,Free To Love,Free To Love,58,155458,False,0.428,0.493,0,-9.754,1,0.0351,0.259,2.04e-06,0.084,0.154,105.138,4,french,high
30839,1vbaDTsInjTNZA6n1LQoQY,Far East Movement;The Cataracs;DEV,Weekend Baby,Like A G6,0,218760,False,0.611,0.864,7,-7.073,0,0.322,0.00627,0.0,0.22,0.73,124.8,4,edm,low
59783,1RA8CIKA8k817KLoNns6Fj,Najand,The November Revolution,Resad Bahar,0,55103,False,0.42,0.722,1,-2.92,1,0.0411,0.937,0.893,0.172,0.038,106.591,1,iranian,low
12582,2maVHH9BdO7RAmhRyDEiVq,Danny Chan,陳百強突破精選,突破,20,160200,False,0.585,0.447,7,-8.246,0,0.0267,0.576,0.0,0.095,0.619,132.884,4,cantopop,low
50046,5RhjDFqXK8YNnMeJZk7URW,Almafuerte,Rock x siempre,A Vos Amigo,0,284000,False,0.403,0.916,9,-3.71,1,0.0428,0.000599,5.35e-06,0.131,0.443,129.051,4,heavy-metal,low
79676,2bUXfclD8DwJwwUENtSCWu,Elton John,Diamonds (Deluxe),Your Song - Remastered,62,243066,False,0.555,0.336,3,-9.916,1,0.0296,0.821,2.17e-06,0.089,0.303,127.792,4,piano,high
67148,1FdEytNpgLuMXo5EsVWj1f,J Balvin,Homecoming Latin Party,Ginza,0,171093,False,0.749,0.815,5,-6.381,0,0.083,0.228,0.00117,0.0838,0.866,102.218,4,latin,low
67805,4au7FRcgZzChASRYu279xH,Daddy Yankee;Katy Perry;Snow,Con Calma (Remix),Con Calma - Remix,64,181280,False,0.736,0.868,8,-3.01,0,0.0454,0.166,1.48e-06,0.0419,0.613,94.026,4,latin,high
78119,5So7fa1VDWpsQaSRnS16H3,Peter Wackel;Chriss Tuxi,Best Of Karneval,Joana,0,204386,False,0.763,0.906,2,-4.856,1,0.0336,0.174,1.35e-06,0.176,0.961,126.043,4,party,low
27943,6ddscngZzbsirESrhvqXcY,Kanine,Invincible VIP / Keyboard Warrior VIP,Invincible - VIP,15,263667,False,0.764,0.893,8,-1.128,0,0.243,4.07e-05,0.641,0.319,0.469,87.514,4,drum-and-bass,low
1202,5QbdIj9omsOxwpkZXGWDTU,CalledOut Music,Shout to the Lord,Shout to the Lord,38,158000,False,0.599,0.499,11,-14.386,1,0.196,0.105,0.0,0.0986,0.765,159.915,4,afrobeat,medium
64667,0dQfSf8Fxh5npCsCv6R6iQ,Elis Regina,Elis (Remastered),Casa No Campo - Remastered 2021,44,171530,False,0.509,0.368,0,-9.611,1,0.0573,0.317,1.67e-06,0.281,0.16,119.552,4,jazz,medium
31813,4Uxcm6gWvxoqUdgnxKw41H,Marshmello;Demi Lovato;Lost Stories,OK Not To Be OK (Lost Stories Remix),OK Not To Be OK - Lost Stories Remix,47,185483,False,0.702,0.626,4,-6.268,1,0.0419,0.269,7.9e-06,0.101,0.454,104.987,4,electro,medium
33542,0YPRVJzRmpp3UnejEGaKVq,The Smith Street Band,More Scared Of You Than You Are Of Me,Birthdays,38,213466,True,0.489,0.865,8,-3.334,1,0.061,0.12,0.0,0.117,0.373,108.125,4,emo,medium
75017,02xd7yuAEiLOF7rt4zlPep,Yiruma,The Rewritten Memories,River Flows in You - Orchestra Version,57,285251,False,0.0863,0.201,4,-14.365,0,0.0355,0.915,0.943,0.113,0.0398,74.351,3,new-age,high
18347,4C31xrbabTvN9DnJvH72pS,Kathleen Madigan,Gone Madigan,My Family,24,646579,True,0.56,0.787,1,-5.39,0,0.912,0.843,0.0,0.801,0.488,62.633,4,comedy,low
22244,2jG0gbScgxXEcV1JfKwQeL,Surra,Bica na Cara,Merenda,28,143866,True,0.391,0.99,11,-1.942,1,0.269,0.345,7.36e-05,0.279,0.146,102.913,4,death-metal,medium
5046,2r6CFJkVCM9IlclxES9tI2,Mrs. GREEN APPLE,TOKYO - HALLOWEEN -,WanteD! WanteD!,0,217386,False,0.559,0.806,0,-2.461,1,0.05,0.0251,0.0,0.0433,0.633,160.021,4,anime,low
43578,3lwpE0SEaQV5DWNjqMtYEk,Five Finger Death Punch;Kenny Wayne Shepherd;Brantley Gilbert;Brian May,"Blue On Black (feat. Kenny Wayne Shepherd, Brantley Gilbert & Brian May)","Blue On Black (feat. Kenny Wayne Shepherd, Brantley Gilbert & Brian May)",56,274615,True,0.45,0.872,7,-4.91,1,0.0353,0.0018,1.61e-05,0.0833,0.396,156.059,4,groove,high
74436,0k1iYoftTitXVTP2QgYjzk,Rachel Reis,Meu Esquema,Lovezinho,44,159146,False,0.662,0.793,7,-7.613,0,0.0372,0.609,0.0433,0.194,0.691,99.99,4,mpb,medium
33180,6GG73Jik4jUlQCkKg9JuGO,Jimmy Eat World,Bleed American,The Middle,81,165853,False,0.643,0.849,2,-5.428,1,0.0526,0.0371,0.0,0.058,0.903,162.152,4,emo,very_high
51951,7xt1AuUbQBZC4yvxxm4nAI,Miss Pooja;Millind Gaba,Sohnea,Sohnea,56,269643,False,0.757,0.745,4,-3.085,1,0.038,0.395,0.0,0.308,0.598,119.8,4,hip-hop,high
87112,00tVVn9y5Ar2mmfiN0Bjmq,Frankie Valli & The Four Seasons,Jazzy Christmas Vibes,The Little Drummer Boy,0,138866,False,0.613,0.278,10,-13.709,1,0.0288,0.633,0.0,0.0848,0.55,74.311,4,r-n-b,low
91832,4vIfD7rtHy18K02Nim7dEd,Lenny Kravitz,Los Clásicos del Pop 90s,American Woman,1,261706,False,0.649,0.709,1,-7.989,1,0.0802,0.0212,0.0,0.0732,0.605,83.975,4,rock,low
90938,4c1RN4umaw8fBeLGFSu7JL,Hep Stars,Svenska 60-tals Favoriter,I natt jag drömde något som,28,139453,False,0.4,0.326,2,-10.721,1,0.0279,0.515,0.0,0.359,0.503,72.874,3,rock-n-roll,medium
75843,2CnXEvBjnxvONJzakuShcO,Aine Minogue,Celtic Meditation Music,At the Edge of the White Rock,21,340026,False,0.305,0.00912,3,-22.854,1,0.0451,0.984,0.892,0.111,0.235,64.919,4,new-age,low
21863,0Eq1YipYrFdRzPKT8y7iOC,Lil Kesh;Fireboy DML,Ecstasy,Love Like This (feat. Fireboy DML),49,189280,False,0.716,0.736,8,-4.545,1,0.105,0.109,4.07e-05,0.0808,0.41,104.039,4,dancehall,medium
110607,7767ZS9IfGEfqt07atU64n,Astrix,He.art,He.art,39,481739,False,0.385,0.938,7,-7.859,1,0.0434,0.00308,0.76,0.0853,0.0353,103.52,1,trance,medium
3312,4Kh6cq3XgOGUK9yXQu7RTq,Royal & the Serpent;Chri$tian Gate$,overwhelmed (the remixes),overwhelmed - Chri$tian Gate$ remix,69,134482,True,0.619,0.502,0,-8.097,0,0.249,0.178,0.0,0.155,0.38,174.196,4,alternative,high
47309,2avaSeKHI5l4sLruVfLdi2,Survivor,Rocky IV,"Burning Heart - From ""Rocky IV"" Soundtrack",65,230720,False,0.651,0.665,9,-7.43,0,0.0269,0.221,7.91e-06,0.0403,0.647,97.996,4,hard-rock,high
86303,0UQAkAVNk3tubJYlOHyG3q,He Is We;Owl City,My Forever,All About Us,57,206173,False,0.44,0.547,4,-5.26,1,0.027,0.168,0.0,0.117,0.365,172.227,4,punk,high
26822,67lSEwCdKQggI4K5fJLbN8,Cameron's Bedtime Classics,Lullaby Duets,Rockabye Baby,18,78133,False,0.652,0.323,8,-13.64,1,0.0721,0.812,0.941,0.0809,0.378,154.854,3,disney,low
49241,0Q7rV5NEoIXQ4IesaaNp8a,PartyfrieX,Partyfreak,Ik Heb Gezopen - Hardstyle Remix,28,157360,False,0.656,0.823,0,-7.363,1,0.0435,0.00426,1.23e-06,0.142,0.538,147.966,4,hardstyle,medium
59340,30CGcie8vHilBve5alVMCn,Martin Shamoonpour,Tehransaranieh,Brain-Strung,0,286466,False,0.397,0.055,9,-21.124,0,0.0499,0.983,0.501,0.112,0.0393,118.105,5,iranian,low
108814,6tjk05DlAOZZbGB3AMfnxH,Carlos Gardel,Selección Especial (Remastered),Caminito - Remastered,17,150266,False,0.706,0.338,5,-8.131,1,0.0872,0.988,0.00223,0.105,0.576,122.807,4,tango,low
38180,7lu6YLrlB1MU7HW8DJSuPa,The Strokes,The New Abnormal,At The Door,60,310373,False,0.456,0.323,10,-6.764,1,0.0318,0.858,0.00913,0.146,0.363,116.903,4,garage,high
108146,6GFKg0VrDnVY1bgfdJka8f,Roberto Goyeneche;Atilio Stampone y su Orquesta Tipica,Roberto Goyeneche Interpreta A Homero Exposito - Serie Argentinisima,Naranjo en Flor (with Atilio Stampone y su Orquesta Tipica),25,160560,False,0.463,0.386,10,-9.065,0,0.0609,0.696,2.08e-06,0.0704,0.348,106.93,4,tango,medium
3721,63OQupATfueTdZMWTxW03A,Radiohead,OK Computer,Karma Police,76,264066,False,0.36,0.501,7,-9.129,1,0.0258,0.0638,9.32e-05,0.172,0.324,74.807,4,alternative,very_high
31362,3ohGDcQ2mCrnD7NBPSrdTW,Bazzi;Cordae,The Look - R&B Feels,Only Fan,0,153442,False,0.773,0.706,8,-3.008,1,0.036,0.0138,1.39e-06,0.0666,0.911,122.062,4,electro,low
32523,4riBORG5X5kvQThwODPDDh,Tycho;Saint Sinner;Satin Jackets,Weather Remixes,Japan - Satin Jackets Remix,57,237419,False,0.708,0.771,2,-9.022,0,0.0394,0.00721,0.164,0.277,0.371,92.986,4,electronic,high
100360,4q3RvP346LwVckedivMYBm,Los Caligaris;Manuel Moretti,20 Años: El Show Más Feliz del Mundo (En Vivo),Vereda - En Vivo,38,214995,False,0.608,0.652,4,-9.137,1,0.029,0.0313,6.34e-05,0.806,0.423,137.854,4,ska,medium
112740,2R0W3yzaYLWOz1pDzUpgkh,Norm Ender,Konu Kilit,Konu Kilit,38,212357,False,0.876,0.721,6,-4.525,0,0.116,0.0216,0.0,0.0654,0.568,77.003,4,turkish,medium
15028,001APMDOl3qtx1526T11n1,Pink Sweat$;Kirby,New RnB,Better,0,176320,False,0.613,0.471,1,-6.644,0,0.107,0.316,1.37e-06,0.117,0.406,143.064,4,chill,low
112438,6ndogC1fgl3hSwtRGcqJL2,Motive,Makaveli (Deluxe),Yüksel,41,135011,False,0.741,0.653,11,-7.035,0,0.0451,0.458,0.0,0.119,0.0517,120.093,3,turkish,medium
27199,2z4ItLWV3WQtpH2qPACibf,Shapeshifter,Rituals,Ritual (Under Your Spell),22,345205,False,0.501,0.889,11,-6.11,1,0.0908,0.00422,0.152,0.109,0.217,159.984,4,drum-and-bass,low
33474,19uA0MIGsb1xmR19yx8oTr,GARZI,Demonstrate,Demonstrate,56,129517,True,0.586,0.786,10,-4.892,1,0.0686,0.0177,0.0,0.233,0.463,82.557,4,emo,high
113239,6FNpOUzRqjj38xjswMnFgc,Planetshakers,Outback Worship Sessions,Nothing Is Impossible,46,250346,False,0.413,0.836,0,-4.867,1,0.0433,0.00202,0.0,0.0842,0.303,143.962,4,world-music,medium
79232,4qto2kJITIHyE086P4WtkU,Yiruma,The Best - Reminiscent 10th Anniversary,Kiss the Rain,56,300413,False,0.557,0.0958,8,-18.457,1,0.0542,0.99,0.872,0.145,0.202,112.819,4,piano,high
9061,6V37HbGkTESO25ksBhRIxf,Casa Worship;Léo Brandão;Julliany Souza,Fumaça (Ao Vivo),Fumaça (Ao Vivo),50,408805,False,0.274,0.792,5,-8.035,0,0.0663,0.0657,0.0,0.681,0.212,134.471,4,brazil,high
19211,07KkcT3p4w8TzIPm1UpC0e,Kacey Musgraves;Lana Del Rey,Holiday Tunes 2022,I'll Be Home For Christmas - From The Kacey Musgraves Christmas Show,0,132108,False,0.469,0.183,5,-15.414,1,0.0407,0.829,0.0,0.71,0.381,139.592,4,country,low
73473,6skTPlJtkpqN7mM95QfsUD,Maceo Plex,When the Lights Are Out,When the Lights Are Out - Late Night Mix,41,438145,False,0.317,0.942,9,-8.533,0,0.0437,0.000693,0.369,0.313,0.0355,128.017,4,minimal-techno,medium
54342,3yuSn1mX7iU35dmVqqvVPD,Luke Vibert,We Hear You,We Hear You,14,193053,False,0.802,0.812,6,-3.169,0,0.128,0.152,0.0,0.256,0.717,95.631,4,idm,low
9452,4ojzpqoerMJ6SDnzrWcHSn,Thalles Roberto,Sejam Cheios do Espírito Santo,Pai Eu Não Confio em Mim,47,359306,False,0.602,0.741,1,-3.308,0,0.0448,0.213,0.0,0.0861,0.571,120.024,4,brazil,medium
8533,7Ar4G7Ci11gpt6sfH9Cgz5,The Doobie Brothers,Toulouse Street,Listen to the Music,76,227266,False,0.645,0.598,1,-13.18,0,0.0335,0.221,3.53e-06,0.0721,0.913,105.929,4,blues,very_high
24847,3RB3Bp1OA8jX3SNcpFpzxw,Terrence Parker,Emancipation of My Soul,Emancipation of My Soul - Terrence Parker's 1996 Remix,4,446113,False,0.438,0.37,1,-14.805,0,0.0498,0.166,0.487,0.149,0.32,120.013,4,detroit-techno,low
9366,7hNyAHE2VsZt7gawcaO5Ji,Nando Reis;Ana Vilela,Laços,Laços,47,240585,False,0.602,0.889,7,-6.072,1,0.0717,0.15,3.31e-05,0.3,0.408,137.986,4,brazil,medium
88069,6dR1uxzRh6aewJ3WQg0GY6,J Balvin,Halloween 2022 Perreo Vol. 1,Rojo,5,151146,False,0.652,0.595,11,-4.04,1,0.117,0.15,0.000106,0.0836,0.421,172.277,4,reggae,low
26105,5jkFEHWraBRMHSlEQ7pU4g,Mark Benson,Piano Favorites 3,I Can't Make You Love Me - Piano Version,57,218266,False,0.442,0.0405,0,-25.777,1,0.057,0.992,0.962,0.115,0.191,111.388,4,disney,high
107299,4CEnBZjkD7OvgxQGvGInHk,Lloyd Cole and the Commotions,Mirando las nubes,Lost Weekend,0,192493,False,0.593,0.856,9,-6.601,1,0.0415,0.00374,0.116,0.184,0.823,138.638,4,synth-pop,low
45253,7EhvL5VsfrvU7qRittMpBL,Tinariwen,Tassili,Iswegh Attay,41,336120,False,0.545,0.448,0,-10.729,1,0.0519,0.787,0.0115,0.0995,0.58,156.05,4,guitar,medium
33415,2Gaynwa8ZoYKdc9w3utD1h,RADWIMPS,Your Name. (Deluxe Edition / Original Motion Picture Soundtrack),Dream Lantern - English Version,42,131666,False,0.207,0.835,8,-5.451,1,0.403,0.0258,9.22e-06,0.0588,0.193,178.044,4,emo,medium
70529,3lNETUpm5NjmJ6NZrZRFqZ,Valen Hsu,如果雲知道,獨角戲,51,277293,False,0.353,0.35,8,-14.231,0,0.0402,0.763,4.39e-06,0.0808,0.205,171.814,3,mandopop,high
91538,2rabcDOcCXXHOZx2pOZZRu,The Cranberries,Rock & Halloween,Zombie,1,307440,False,0.252,0.738,7,-5.326,1,0.0446,0.0145,0.000497,0.375,0.256,165.187,4,rock,low
52023,62OQBigJvRuggCFv3E3LFK,George Jones,Country Heart: 24 Favorite Songs,The Race Is On,22,124800,False,0.653,0.487,9,-12.678,1,0.0341,0.723,0.0,0.17,0.921,87.963,4,honky-tonk,low
94562,1f5gQuy8aQEj6WX9wc8i3k,LRN Slime;Shiloh Dynasty,why am i crying,Sad Hours,52,178025,False,0.768,0.127,11,-14.982,1,0.0553,0.716,0.776,0.156,0.449,129.893,4,sad,high
35631,1jzOB8Pl61WkJre4hNaPL2,Thiago Jhonathan (TJ),Forró de Pegada,So Far Away,39,243760,False,0.606,0.709,5,-6.792,1,0.031,0.0828,9.39e-06,0.219,0.664,97.01,4,forro,medium
38074,7kzKAuUzOITUauHAhoMoxA,The Strokes,Is This It,Last Nite,74,193506,False,0.624,0.91,0,-5.703,1,0.0297,0.0285,0.000198,0.0789,0.767,104.042,4,garage,high
31407,6hmhG1b4LEyNuashVvuIAo,Zara Larsson;MNEK,So Good,Never Forget You,74,213427,False,0.583,0.732,11,-5.728,0,0.0457,0.00312,9.86e-06,0.269,0.276,145.992,4,electro,high
29569,6EEdLx1s2gjgE4EHQXsQfk,INHUMAN;D-Jahsta,The Lovecraftian Horrors,Blasphemy (feat. D-Jahsta),35,267441,True,0.486,0.931,1,-2.559,1,0.379,0.0912,0.0144,0.124,0.163,69.537,4,dubstep,medium
98633,1lgL6WRBZ72ujASglPX73q,Jubiläumscast Wien 2012,Elisabeth - Gesamtaufnahme Live - Jubiläumsfassung,Die Maladie,23,118560,False,0.529,0.268,2,-13.059,0,0.0645,0.668,0.0,0.395,0.344,80.925,4,show-tunes,low
17175,3XxItD7JwghG475aDe8yL2,Daniel Deluxe,Ghostrunner (Original Soundtrack),Infiltrator,44,210019,False,0.607,0.56,11,-8.493,0,0.0434,0.0239,0.812,0.141,0.0372,96.005,4,club,medium
90420,0VexJnnOkihunQtGSyPt3Y,Johnny Laboriel;Los Rebeldes Del Rock,La Hiedra Venenosa,Dulces Tonterias,33,138631,False,0.747,0.57,5,-7.776,1,0.0296,0.844,1.53e-06,0.076,0.906,127.249,4,rock-n-roll,medium
13468,3fyxtOFcdmYyvBYOWi6mPF,J.M. Silk,Hold on to Your Dream (Bonus Track Version),I Can't Turn Around,8,230586,False,0.739,0.708,1,-9.338,1,0.0382,0.0216,0.00418,0.0666,0.822,125.916,4,chicago-house,low
107910,3pr0y5h4MkBngy6gyozLDV,L'Impératrice,Tako Tsubo,Voodoo?,52,255746,False,0.871,0.379,6,-10.751,0,0.0752,0.0858,0.141,0.0689,0.491,107.961,4,synth-pop,high
86468,29xNJWgROhFKNJpfcqwr09,Fiersa Besari,11:11,Melangkah Tanpamu,42,251665,False,0.576,0.31,7,-8.866,1,0.0295,0.772,0.0,0.0848,0.427,94.904,4,punk,medium
107335,0Yr1TfeacyGFyDe0aWDla9,Étienne Daho;Italoconnection,Virus X,Virus X - SAGE Rework - radio edit,32,165386,False,0.706,0.766,7,-6.055,0,0.0792,0.00513,0.0192,0.199,0.661,101.999,4,synth-pop,medium
45512,1w3PYey5h6WBp4Y8W3e3vM,Ramon Dona-Dio,Lo Mejor en Guitarras,Guadalajara,23,151786,False,0.495,0.322,3,-16.595,1,0.0609,0.85,0.855,0.114,0.468,125.24,4,guitar,low
62990,0GyQ8MCMcla38fjfBZ5y7Y,9mm Parabellum Bullet,Helloween Party,Vampiregirl,1,191786,False,0.378,0.934,11,-3.702,0,0.107,0.0013,0.0149,0.322,0.602,159.829,4,j-pop,low
60345,71w7VxNjPjCf4lMjy2jwau,Intence;Govana,Public Enemy No. 1 Mixtape,Public Enemy No. 1,23,193561,True,0.558,0.852,0,-1.898,0,0.229,0.14,0.0,0.115,0.546,73.515,3,j-dance,low
12504,1GGYvJLKa2iOzwcknmQg3D,Eason Chan,The Best Moment,十面埋伏,46,232133,False,0.542,0.465,0,-6.334,1,0.0298,0.198,0.0,0.112,0.428,138.017,4,cantopop,medium
79621,3W5GfZBvDJQKovjdCww4pL,Luisa Amogida,Impuissance,Impuissance,59,123888,False,0.448,0.011,10,-26.821,1,0.0469,0.996,0.94,0.101,0.301,92.778,1,piano,high
82307,2R7qip8VANCHLVYsov9zbT,Tony Molina,In the Fade,Leave This Town,26,110462,False,0.348,0.21,1,-11.837,1,0.033,0.018,0.48,0.136,0.218,76.13,4,power-pop,medium
60094,7GOgwmq3hevpPXhLU1Y6Bp,Blackstreet;Gerald Baillergeau;Victor Merritt;MC,Finally,Take Me There - Remix,35,254066,False,0.774,0.712,0,-3.996,1,0.127,0.0818,2.12e-05,0.363,0.865,96.555,4,j-dance,medium
107312,7j3nbSiaWphYU2cFgyQXd9,Sky Ferreira,"Night Time, My Time",Everything Is Embarrassing,55,250120,False,0.667,0.783,0,-5.885,1,0.0361,0.0606,1.17e-06,0.0418,0.564,117.145,4,synth-pop,high
19748,4FfJyCX8Dq3BcfOhFEL06K,The Band,A Very 70s Christmas,Christmas Must Be Tonight - Remastered 2001,0,218666,False,0.668,0.665,7,-8.55,1,0.0267,0.0519,6.68e-05,0.109,0.766,128.619,4,country,low
6204,5p6R8NZvwi1Hh4A5lMqclG,Kvaen;Mike Wead,The Great Below,Damnations Jaw,20,300248,False,0.205,0.89,11,-13.05,1,0.106,7.88e-06,3.49e-05,0.176,0.0376,174.985,4,black-metal,low
40182,467iefma0LTxEA2EiuQeNN,Israel Salazar;Gabriel Guedes de Almeida,Salazar (Ao Vivo / Deluxe),Canção Ao Cordeiro - Ao Vivo,46,365206,False,0.393,0.532,1,-11.796,0,0.0412,0.0122,0.0,0.111,0.225,133.993,4,gospel,medium
104837,3EPd9riN2R8Zjl6GkrxxGl,Platero Y Tu,Muy Deficiente,El roce de tu cuerpo,57,250093,False,0.457,0.904,7,-4.67,1,0.0659,0.015,5.01e-05,0.2,0.237,171.633,4,spanish,high
3959,2t0wwvR15fc3K1ey8OiOaN,The Strokes,The New Abnormal,Selfless,71,222093,False,0.538,0.679,4,-4.297,1,0.0333,0.191,0.00175,0.0889,0.0888,121.99,4,alternative,high
55452,4Xgmn95texORroGsAUu3sY,Nucleya;Gagan Mudgal,Raja Baja,Bhayanak Atma,48,210309,False,0.549,0.954,5,-7.046,1,0.152,0.00127,0.16,0.142,0.613,194.043,4,indian,medium
10107,44vwtFkT18kXmBzuv0RbcB,Deekline,Within Me,Within Me,19,198275,False,0.63,0.98,7,-0.5,1,0.144,0.00166,0.506,0.294,0.52,173.968,4,breakbeat,low
14811,6X7C0jJzo0CcTTSZa8Yt5v,ChuChu TV,"ChuChuTV Nursery Rhymes & Songs for Children, Vol. 1",123 Numbers Song for Children,26,265454,False,0.965,0.636,9,-8.432,1,0.0875,0.0957,0.0,0.489,0.49,122.039,4,children,medium
74072,60SVKic93qC7WC7cdm3y4U,Raul Seixas,Abre-Te Sésamo,Aluga-Se,50,158266,False,0.71,0.823,0,-8.713,1,0.0901,0.467,0.0,0.0982,0.967,143.138,4,mpb,high
1173,7Fy5yxwDFi71dQId1TEMjV,Mandrill,Just Outside Of Town,Mango Meat,28,286613,False,0.596,0.686,2,-7.915,1,0.103,0.28,0.00969,0.0726,0.729,103.949,4,afrobeat,medium
76028,7grUSN7Q4HDfm6D7zqtr7W,Il Volo,Christmas 2022,"Christmas Medley: Jingle Bells Rock / Let It Snow, Let It Snow, Let It Snow / It's The Most Wonderful Time Of The Year",0,219160,False,0.427,0.587,2,-5.527,1,0.033,0.642,0.0,0.315,0.579,130.144,4,opera,low
3563,3VNFbKbn4OjojpFxLzjRt1,FKA twigs,The Look - R&B Feels,killer,0,176876,False,0.401,0.619,0,-7.035,0,0.21,0.168,0.0,0.272,0.757,78.763,4,alternative,low
2571,2CCJ1YRPIk7c2VtRL8JMhg,Patricio Rey y sus Redonditos de Ricota,Gulp!,Superlógico,48,184840,False,0.624,0.73,2,-8.811,1,0.0322,0.419,4.25e-05,0.2,0.761,122.053,4,alt-rock,medium
91279,3egSwvRPqL8BaaGkUaxqOc,Bastille,Halloween 2022,Bad Blood,0,212240,False,0.664,0.794,5,-5.503,0,0.038,0.0132,0.0137,0.12,0.933,143.013,4,rock,low
109658,4lYBePQ9GrpuOmNB3QhSmm,Denki Groove,Man Human,MAN HUMAN(DEVILMAN crybaby Ver.),44,255026,False,0.715,0.974,7,-4.701,1,0.0715,2.78e-05,0.905,0.0559,0.78,133.325,4,techno,medium
44049,7KPwpv8wlkkaNRd4LLoQT9,Soundgarden,Hits Pop Rock 90's,Black Hole Sun,1,318586,False,0.351,0.827,6,-5.351,1,0.0412,0.000222,0.000118,0.0755,0.145,105.463,4,grunge,low
112662,7F4yovnXyQ4WUrCLHiyyK7,Umut Timur;MRC,Şaheser,Vermedin,56,220506,False,0.857,0.628,10,-5.58,0,0.0781,0.529,0.0,0.049,0.758,101.987,4,turkish,high
98503,6P316E7tFylzpVrDrXVF9s,Judy Kuhn,Pocahontas,"Just Around the Riverbend - From ""Pocahontas"" / Soundtrack Version",60,147706,False,0.308,0.19,0,-16.835,1,0.0421,0.919,1.21e-05,0.18,0.253,94.762,4,show-tunes,high
62997,4A3tO9Xd36KJX2gu7ctSww,Reynaldo Armas,18 Excepcionales Exitos,Mi Credo,37,243293,False,0.67,0.545,0,-9.346,1,0.0371,0.622,0.0,0.311,0.886,91.042,3,j-pop,medium
2128,2iA4neLS2rg1dlciGgmt4X,Megadeth,Release Your ANGER,Symphony Of Destruction,0,246733,False,0.61,0.889,4,-5.452,0,0.0585,0.000794,0.0865,0.0657,0.506,139.903,4,alt-rock,low
52732,2YhE0b13p1qAPDUWbAPnZv,George Jones;Waylon Jennings,My Very Special Guests,Night Life (with Waylon Jennings),11,221800,False,0.398,0.34,4,-14.398,1,0.0374,0.71,0.0228,0.317,0.528,194.913,3,honky-tonk,low
57045,4gC6xOiJLHTpIARRdmYMaQ,Lipsika;Aditya Iyengar,Macherla Niyojakavargam,Ra Ra Reddy I Am Ready,72,260000,False,0.738,0.903,1,-7.528,1,0.253,0.383,0.0109,0.146,0.699,78.971,4,indie,high
94587,5e8DUgWO5Zt96FN66VTyoo,Powfu;Two:22,Sorry I Never Apologized,Sorry I Never Apologized,50,282306,False,0.543,0.268,11,-17.464,0,0.0862,0.577,0.000702,0.286,0.118,174.018,4,sad,high
106692,6n0CUGAGLTicpW4QXARfNL,Jakob Hellman,Så mycket bättre 2020 – Tolkningarna,Gabriellas sång - Så mycket bättre 2020,36,174640,False,0.543,0.632,2,-6.644,1,0.0295,0.138,0.0,0.174,0.676,123.954,4,swedish,medium
112103,2Kol2qlCossViohuPdqFL2,Ahiyan,Akıllanamadım,Akıllanamadım,45,170000,False,0.375,0.45,5,-11.021,0,0.0589,0.78,0.0,0.105,0.246,171.879,4,turkish,medium
59994,5C1xFHLzF93U3D0hDiFSOJ,War Angel,Tales of the Damned,The Pyre,0,466000,False,0.478,0.893,7,-5.237,1,0.0552,0.168,1.43e-05,0.11,0.388,120.019,4,iranian,low
110211,5bFhLxqmSghToSzZGMeh1I,Astrix;Ritmo,He.art,Agate,43,523478,False,0.621,0.885,8,-7.601,1,0.0487,0.00159,0.791,0.14,0.127,137.966,4,trance,medium
23408,4q2azQakSVVyqljRiCZtu3,Ferreck Dawn;Jem Cooke,Back Tomorrow,Back Tomorrow,61,118871,False,0.689,0.791,8,-6.633,1,0.0478,0.0595,0.0,0.51,0.543,125.012,4,deep-house,high
53434,4S5LBQbKGxsBOx6oONwaEq,Clean Bandit;Sean Paul;Anne-Marie,Cardio Tracks,Rockabye,4,250456,True,0.724,0.759,9,-3.996,0,0.0544,0.411,0.0,0.437,0.765,101.943,4,house,low
82019,03I89EqsberXEAapUd1yWu,Weezer;AJR,Here to Forever - All New Indie,All My Favorite Songs,0,170720,False,0.605,0.7,4,-6.47,1,0.0277,0.00998,0.0,0.116,0.588,84.962,4,power-pop,low
20410,4C6Uex2ILwJi9sZXRdmqXp,Nicki Minaj,Super Freaky Girl,Super Freaky Girl,92,170977,True,0.95,0.891,2,-2.653,1,0.241,0.0645,1.77e-05,0.309,0.912,133.01,4,dance,very_high
52288,6uHNZ16oHIImrocRc9oUBv,George Jones;The Smoky Mountain Boys,George Jones & The Smoky Mountain Boys,The Great Speckled Bird,14,192613,False,0.524,0.53,7,-7.287,1,0.0279,0.481,7.26e-06,0.317,0.796,114.11,5,honky-tonk,low
32659,6oEHSjdEkjR9jlHKuK8Pij,Max Fail;MEYSTA;LANNÉ,Squid Game (LANNÉ Edit),Squid Game (LANNÉ Edit),42,137817,False,0.801,0.707,5,-7.678,0,0.0601,0.32,0.914,0.145,0.206,122.028,4,electronic,medium
66982,3xsGjKIeYXfYRknRZpSMAA,Little Apple Band,The Favorite Songs Of Sesame Street,SESAME STREET THEME (REMIX),9,90798,False,0.644,0.632,0,-7.655,1,0.041,0.143,0.0,0.395,0.817,131.145,4,kids,low
50076,5qT9INHPbJzRp3PgfM2I84,Stam1na,Taival,Elämänlanka,34,210758,False,0.44,0.938,11,-4.294,0,0.0447,7.2e-05,0.000114,0.267,0.34,97.746,4,heavy-metal,medium
90085,1RNJP2UR28cOToXUnWB8N9,The Platters,Xmas Classics 2022,All I Want For Christmas Is My Two Front Teeth,0,131973,False,0.693,0.338,0,-6.372,1,0.0345,0.752,0.0,0.355,0.583,79.443,4,rock-n-roll,low
6301,3ffljpjKfPISFjCt4zpYUk,Make Them Suffer,Hollowed Heart,Hollowed Heart,11,231899,False,0.302,0.985,11,-2.869,1,0.164,5.67e-05,0.000497,0.154,0.364,90.814,4,black-metal,low
75168,0WVAsaWnFFqTu5Wc7Bskkt,Stive Morgan,Earth Breath,Spirit of the Earth,46,372121,False,0.573,0.623,0,-10.684,0,0.0283,0.603,0.804,0.175,0.227,99.994,4,new-age,medium
80668,4RzaXbufKNBwaFuzJhGur5,Armaan Malik,Hate Story 3,Wajah Tum Ho,58,357633,False,0.6,0.684,5,-6.179,0,0.0257,0.342,1.53e-05,0.115,0.241,103.951,4,pop-film,high
28319,6yQAwPJmFn0OBTKWOnQFfv,Said The Sky;The Maine,Sentiment,"Go on Then, Love",54,201076,False,0.558,0.852,9,-4.07,1,0.0752,0.0905,2.38e-05,0.123,0.28,110.02,4,dub,high
94751,0OjJ4aQGfYcyH2ANGOn1LN,caleblrt;Hashir,solo,solo,46,115867,False,0.493,0.551,0,-8.73,1,0.04,0.281,7.25e-05,0.121,0.55,86.05,4,sad,medium
92514,241A55np6HAqymEjP5CAiK,BOØWY,BEAT EMOTION,RUNAWAY TRAIN,28,201400,False,0.621,0.958,2,-6.018,1,0.0411,0.00995,0.00161,0.0833,0.797,74.937,4,rockabilly,medium
85975,62LeIJa2w7YeSzfdyosk2k,O Surto,Todo Mundo Doido,Hempadura,35,171026,False,0.49,0.956,0,-2.411,1,0.183,0.0801,0.0,0.308,0.549,93.978,4,punk-rock,medium
101424,36uSFiBEa04hR5pEO6NrQa,Pink Noise,The Best Pink Noise,Pink Noise for Babies,38,300094,False,0.14,0.762,1,-18.283,1,0.166,0.385,0.973,0.112,0.0327,84.1,1,sleep,medium
103797,7cywY7n6Vgv9u9kiHt8nll,The Staple Singers,Weihnachten Playlist,Who Took The Merry Out Of Christmas,0,149333,False,0.609,0.485,8,-11.166,1,0.091,0.112,2.08e-05,0.0967,0.736,101.611,4,soul,low
8882,6EbmmL79iDxHrnduYQDBek,Richard Berry;The Pharaohs,"Have ""Louie"" Will Travel",Have Love Will Travel,33,176826,False,0.807,0.892,9,-6.373,0,0.18,0.703,0.000449,0.143,0.965,132.685,4,blues,medium
89,0qJGlogD7AyMLAJfQ42aI2,Five For Fighting,Bookmarks,Heaven Knows,62,210612,False,0.6,0.845,10,-7.076,1,0.0311,0.048,0.0,0.24,0.392,97.631,4,acoustic,high
67269,0YKl5wq8BbvZBtgabzlc5D,Jhayco;Anuel AA,Reggaeton Mix Perreito,Ley Seca,1,263666,False,0.759,0.843,8,-3.718,1,0.0913,0.127,0.0,0.114,0.56,105.016,4,latin,low
40504,4joufqWt6hm8LUmfMwWCOL,Gabi Sampaio;Nívea Soares,Basta Uma Palavra (Ao Vivo),Teu Toque - Ao Vivo,41,453930,False,0.435,0.612,7,-6.696,0,0.0393,0.601,1.01e-06,0.126,0.226,135.863,4,gospel,medium
13585,1qnyzJV7xgMf5YKf05XigJ,Mr. Fingers,Cerebral Hemispheres,Spy,9,291171,False,0.805,0.412,7,-12.43,1,0.0531,0.00319,0.921,0.0909,0.779,125.018,4,chicago-house,low
20333,73gHGOTyJuwHExzHPh84GN,Shawn Mendes;Camila Cabello,pov: it's 2019,Señorita,0,190960,False,0.759,0.54,9,-6.039,0,0.0287,0.037,0.0,0.0945,0.75,116.947,4,dance,low
78573,5fXba7tIuoZbZNV7gMdn9O,Wolfgang Petry,Frei für Dich,Frei für Dich - Radio Version,28,204773,False,0.649,0.829,3,-7.438,1,0.0418,0.0618,0.0,0.0594,0.682,123.551,4,party,medium
74862,11ITcUcxkIc9GLUWtLsReD,As Baías,Mulher,Uma Canção Pra Você (Jaqueta Amarela),40,316108,False,0.508,0.519,2,-7.159,1,0.0665,0.298,0.0,0.0851,0.387,187.324,3,mpb,medium
17547,2AZng4FjjurxDHGDOx5z6Z,Glee Cast,Glee The 3D Concert Movie (Motion Picture Soundtrack),Sing (Glee Cast Concert Version),18,160626,False,0.539,0.945,7,-4.897,0,0.0686,0.0187,0.0,0.867,0.268,111.012,4,club,low
76701,3atLXGhWeNmJzvIfwMK3nj,Patrizio,"Annalisa, vol. 10",Si malamente,20,272626,False,0.406,0.545,7,-6.962,0,0.0266,0.342,0.0,0.107,0.196,90.049,4,opera,low
84583,15IMzu8xsqAnKUqF0k6PZh,Cem Karaca,"Ölümsüzler, Vol. 3",O Leyli,31,154120,False,0.408,0.221,9,-23.524,0,0.0397,0.755,0.0464,0.119,0.44,82.168,4,psych-rock,medium
113760,5uucjQhsswzAAn4tJpjujn,Bethel Music;Paul McClure;Hannah McClure,Simple,Stand In Awe,49,330422,False,0.3,0.189,7,-11.753,1,0.0303,0.935,0.0,0.114,0.264,96.731,3,world-music,medium
104630,4lkpWbfeIKgN7Y6MYQOa9m,Coti,Coti Sorokin Y Los Brillantes En El Teatro Colón (Live At Teatro Colón / 2018),50 Horas - Live At Teatro Colón / 2018,27,293702,False,0.362,0.922,4,-4.528,1,0.0706,0.0741,4.58e-05,0.91,0.351,130.176,4,spanish,medium
87115,1QJWQRagviM87ff3wQjBkP,O Rappa,Acústico MTV,Pescador de ilusões - Ao vivo acústico,50,306266,False,0.385,0.806,1,-8.967,1,0.0398,0.237,0.00566,0.933,0.693,106.628,4,r-n-b,high
46635,1uA459lVdp7ncv4cIG2ef8,Korsakoff,Stiletto,The torment of triton - Official Masters of Hardore Anthem,18,312864,False,0.446,0.794,11,-7.976,0,0.183,0.0419,0.457,0.344,0.31,172.03,4,happy,low
65327,0XuepwFJUcKN8T5zTqoP0F,Stray Kids,IN LIFE,Back Door,73,189286,False,0.82,0.842,7,-3.853,1,0.272,0.157,0.0,0.112,0.653,107.952,4,k-pop,high
5564,1upmGVmHvx0MEHEVdvnBCK,Hiroyuki Sawano,七つの大罪 オリジナル・サウンドトラック,Perfect Time,53,283760,False,0.595,0.945,4,-6.259,0,0.0859,0.00459,0.00277,0.129,0.542,124.022,4,anime,high
26304,7LSB5m3ZWsobMUq670N5Go,SHIKI THEATRE COMPANY,ディズニー 『アナと雪の女王』 ミュージカル <劇団四季> (オリジナル・サウンドトラック),扉あけて,24,190680,False,0.659,0.604,6,-5.812,0,0.0848,0.373,1.06e-06,0.628,0.596,102.345,4,disney,low
95315,0UiBpkBNew6awpdRBW5ZDQ,Adolescent's Orquesta,Indestructible,Bésame,32,207608,False,0.85,0.811,8,-4.503,1,0.0357,0.458,9.3e-06,0.07,0.955,105.041,4,salsa,medium
18849,3nFwh8bSIFzeVOnKZKzacA,George Lopez,Team Leader,Kids In the Store,21,260838,True,0.435,0.726,10,-14.431,1,0.937,0.847,0.0,0.885,0.362,85.097,5,comedy,low
51875,7u2UKrIjIYCd0EzNfwB8am,Lizzo,Your Perfect Soundtrack,About Damn Time,0,191822,True,0.836,0.743,10,-6.305,0,0.0656,0.0995,0.0,0.335,0.722,108.966,4,hip-hop,low
32384,42ffsPSafzOh9OWlrGBYzY,CRASPORE,Asocial,Flashbacks,52,282000,False,0.564,0.824,6,-4.803,1,0.0294,7.41e-05,0.92,0.122,0.229,80.004,4,electronic,high
12367,34NS3jUxkoFdfGoRYjL1R7,Priscilla Chan,情意結,情意結,37,196373,False,0.469,0.24,4,-15.346,1,0.0405,0.705,0.000462,0.103,0.379,144.32,4,cantopop,medium
64756,4KCGYOHGExcKUlFkNajeVO,Oaty.,Goiaba,Goiaba,57,139805,False,0.757,0.679,10,-9.74,0,0.0864,0.619,0.828,0.109,0.374,103.016,4,jazz,high
102336,5Xpn8seuohodh7p0DFk13V,Tom Petty and the Heartbreakers,Rockin' Around The Christmas Tree 2022,Christmas All Over Again,0,253626,False,0.44,0.838,9,-6.196,1,0.0423,0.0956,0.0,0.473,0.619,138.908,4,songwriter,low
103323,67GweSCjuvwgeApBBUbdtj,The Jackson 5,pov: you bake cookies,I Saw Mommy Kissing Santa Claus,0,181360,False,0.582,0.705,3,-8.169,1,0.0539,0.29,1.38e-06,0.797,0.64,128.89,4,soul,low
12371,2FsrKLHO91CaT8vvY85DD6,Gin Lee,beGin,月球下的人,49,283906,False,0.633,0.372,0,-8.877,1,0.0284,0.838,0.0,0.0975,0.489,105.998,4,cantopop,medium
5758,4Ybnlh6ZJPqK6Os6QbQL5H,Katsu Hoshi,Only Yesterday Original Soundtrack,Main Theme,56,109000,False,0.295,0.0622,0,-24.878,1,0.0393,0.936,0.89,0.0771,0.046,81.17,4,anime,high
38111,6XyjwF7CAwuEaW77noJr6I,Beach Fossils,Clash the Truth,Sleep Apnea,63,146293,False,0.553,0.685,2,-10.624,1,0.0266,0.145,0.859,0.138,0.491,79.998,4,garage,high
20306,7xoUc6faLbCqZO6fQEYprd,Ariana Grande,My Everything (Deluxe),One Last Time,83,197266,False,0.628,0.593,8,-5.036,1,0.0323,0.093,1.65e-06,0.096,0.104,125.026,4,dance,very_high
18405,78LblAd8UBW9GUg9L0Xeld,Tom Papa,Human Mule,Whole Foods vs. Costco,22,201233,False,0.505,0.8,5,-14.198,0,0.95,0.773,0.0,0.688,0.241,86.967,4,comedy,low
112060,1AlG0sHFDQJP2HdXyQb8bL,Anıl Piyancı,İzmir,Beraber Büyüdük,47,227691,False,0.794,0.604,1,-7.433,1,0.304,0.0326,0.0,0.353,0.343,98.048,4,turkish,medium
14919,2XDvgRsUW5X5Kqrk4tWIDv,CoComelon,Halloween Party,Three Black Cats,38,124333,False,0.883,0.395,0,-11.0,1,0.0404,0.486,1.76e-05,0.0979,0.884,135.045,3,children,medium
39800,1Mu0qs9DQ8OfhiPvHxZMMM,Topic;A7S;Lil Baby,Why Do You Lie To Me (feat. Lil Baby),Why Do You Lie To Me (feat. Lil Baby),59,171290,True,0.65,0.738,4,-6.46,0,0.158,0.0539,0.0,0.206,0.336,119.827,4,german,high
5288,0vhujdvWTTu2H6gORUJGW8,Kato,Sleep Anime Lofi Beats,Inferno Lofi (Fire Force),58,77162,False,0.475,0.0733,4,-29.102,1,0.0318,0.898,0.8,0.0908,0.135,94.218,4,anime,high
16300,5IDS56FCiyNOvxpb4Qlnlg,Priya Sisters,Lalitha Pancharatnam,Lalitha Pancharatnam,40,331668,False,0.67,0.378,4,-6.312,1,0.0311,0.835,0.0,0.0999,0.479,102.968,4,classical,medium
60776,1R52MS7eNpXmEJD9tEC3uO,Ryuji Imaichi,CHAOS CITY,INTRO ~CHAOS CITY~,19,44826,False,0.623,0.592,10,-10.844,0,0.0583,0.272,0.894,0.16,0.0752,110.076,4,j-dance,low
111964,3uYHZugj4xhuDFeAMObBzd,Wax Tailor;Rosemary Standley,Misery,Misery,17,195691,False,0.581,0.544,10,-8.802,0,0.085,0.0135,0.00144,0.239,0.457,75.057,4,trip-hop,low
28816,2AZABydMAEODxHCQDEhdWh,Justin Jet Zorbas;Inum,Eternal Flow,Eternal Flow,43,161999,False,0.559,0.675,4,-12.817,1,0.0405,0.89,0.732,0.103,0.323,102.99,4,dub,medium
76374,1COv0Vy5mrUMKrCXQI07qP,Jason Manford,A Different Stage,"This Is The Moment - From ""Jekyll And Hyde""",23,219240,False,0.399,0.223,5,-11.461,1,0.0298,0.594,0.0,0.065,0.117,66.532,4,opera,low
43959,30cMfUI1CVXextXiXRii4X,HBSN,Wanna Know,Wanna Know,53,158133,False,0.654,0.779,8,-9.172,1,0.046,0.116,0.27,0.331,0.444,125.999,4,groove,high
43326,2pZsQqXFgcY03vRyZxSQhU,Gojira,From Mars to Sirius,The Heaviest Matter of the Universe,58,237840,False,0.243,0.97,5,-2.518,0,0.0878,2.6e-06,0.0415,0.284,0.243,102.729,4,groove,high
82470,5zHx5ZKOLaatEm9mdVhobm,Shannon & The Clams,Onion,Tell Me When You Leave,23,142706,False,0.417,0.757,0,-6.786,1,0.0514,0.127,0.892,0.0969,0.912,156.164,4,power-pop,low
49058,3XuCZp3yFGaIxhqGToihix,Zatox,Past. Present.,Wolves,55,270000,True,0.435,0.871,0,-4.953,1,0.109,0.0322,0.0234,0.197,0.0372,159.743,4,hardstyle,high
84190,3m7V717IKZqZLW5qUIOxdD,The Beatles,The Beatles 1967 - 1970 (Remastered),Hey Jude - Remastered 2009,62,431333,False,0.402,0.552,10,-10.158,1,0.0258,0.028,1.36e-05,0.0929,0.668,145.164,4,psych-rock,high
1871,2J151Q4dYeMJ4y4scrmrjE,Los Pirañas,Historia natural,Puerta del sol,16,270090,False,0.573,0.856,9,-7.321,0,0.0392,0.0736,0.79,0.0889,0.929,103.748,4,afrobeat,low
89822,6PDlkWmrq2ZKiUuFt2aQsH,Justin Quiles;Chimbala;Zion & Lennox,Loco,Loco,76,231603,False,0.77,0.899,8,-2.981,1,0.0494,0.222,1.14e-06,0.0894,0.851,128.05,4,reggaeton,very_high
84699,1LDXhlWnWmrQeUp3B7bzDV,Mike Ness,Under The Influences,Ball And Chain (Honky Tonk),29,349066,False,0.503,0.713,3,-5.932,1,0.0331,0.000468,4.75e-05,0.052,0.524,108.873,4,psych-rock,medium
38131,2mDYYGaGd9uXKkK2YhDA3i,The Strokes,The New Abnormal,Brooklyn Bridge To Chorus,64,235946,False,0.628,0.571,0,-3.897,1,0.0628,0.00602,9.21e-05,0.0833,0.467,119.899,4,garage,high
51341,616iXZO76Rq81MEfFBktME,Young Thug,Trap Masters,Best Friend,4,213000,True,0.959,0.598,8,-5.534,1,0.0713,0.0358,0.0,0.358,0.408,127.028,4,hip-hop,low
58747,5KFUEdsfmZ1GoymuU3QAtn,Wednesday 13,Condolences,"You Breathe, I Kill",22,182933,False,0.463,0.974,7,-3.885,1,0.0749,0.00014,0.00137,0.107,0.231,193.96,4,industrial,low
73545,3nrnCflnNBwJCAo0VDPGXv,Mark Dekoda,Between Reality and Darkness,Oxigen,20,413129,False,0.758,0.914,7,-6.098,1,0.0839,0.00208,0.891,0.112,0.195,130.998,4,minimal-techno,low
108234,6vMJcLi4FDGRxe1CMBQiFH,Ricardo Tanturi;Enrique Campos,Presentando a Ricardo Tanturi,La Abandoné Y No Sabía,22,167866,False,0.656,0.252,4,-6.912,0,0.0534,0.979,0.0502,0.0807,0.624,127.084,4,tango,low
73879,5q8OjUGPsht8muvjW9L1W8,Adam Beyer,Stone Flower,That Would Be the Sun,17,428866,False,0.636,0.921,11,-5.537,1,0.0371,0.000132,0.915,0.11,0.264,126.007,4,minimal-techno,low
35247,2eI1OQTaBJFwmQEEYfy9OU,Calcinha Preta,"Calcinha Preta, Vol. 13 (Ao Vivo)",Declaração de Amor (Ao Vivo),46,198426,False,0.546,0.864,0,-1.314,1,0.0293,0.142,0.0,0.825,0.535,149.785,4,forro,medium
106443,1qtDvDOyp6799q3xZPkuo1,Magnus Uggla,Va ska man ta livet av sig för när man ändå inte får höra snacket efteråt,Varning på stan,39,281600,False,0.591,0.575,10,-15.207,1,0.0361,0.019,3.14e-05,0.15,0.964,151.772,4,swedish,medium
32432,18gCfEcwX5MZrSHmzxQQtc,Bahramji;Maneesh de Moor,Call of the Mystic,Crazy Heart,34,430453,False,0.743,0.507,11,-10.448,0,0.0456,0.42,0.273,0.414,0.481,107.992,4,electronic,medium
40707,6j4oYcdhFIX9EdBR51mMCG,Clayton Queiroz,Eu Vejo o Rei,Pai Eu Pequei,38,252880,False,0.528,0.6,7,-4.319,1,0.029,0.601,0.0,0.132,0.319,120.2,4,gospel,medium
3851,1RKUoGiLEbcXN4GY4spQDx,Gorillaz,Gorillaz,Clint Eastwood,76,340920,True,0.663,0.694,10,-8.627,0,0.171,0.0253,0.0,0.0698,0.525,167.953,4,alternative,very_high
85188,1u4GsNYG4PPfV8cvxaxC4t,Last Child,Our Biggest Thing Ever,Sadarkan Aku,45,273476,False,0.625,0.924,2,-4.766,1,0.033,0.00176,1.03e-06,0.0582,0.51,112.053,4,punk-rock,medium
32945,5a4SGzh99N6Ywc6AdRiuZx,Nxtwave,El Diablo Está Bajo Mis Pies,El Diablo Está Bajo Mis Pies,33,219705,False,0.744,0.721,10,-5.663,0,0.0511,0.00608,8.9e-06,0.362,0.347,136.015,4,electronic,medium
93521,50IyeAwb5aFTQlT3Okam32,Vadim Kozin,Легенды русской эстрады. Вадим Козин. Часть первая,"Эту песню, сердцу дорогую",0,105760,False,0.645,0.279,0,-14.508,0,0.173,0.987,0.0,0.146,0.727,112.975,4,romance,low
59798,1o1InHR71Mh492TT1sKlAf,Pointed Mutation,Engineering the Unhuman,Fractal Equivalence,0,211675,True,0.297,0.918,7,-5.923,1,0.178,1.6e-05,0.895,0.528,0.0786,199.123,4,iranian,low
94083,243950cJitqEL1DmAgKi9T,Powfu;Jomie,i hate waking up,watch me miss (feat. Jomie),43,156585,False,0.73,0.555,8,-4.62,1,0.0514,0.534,0.0,0.137,0.502,81.968,4,sad,medium
103110,6U7BCY4VQa2A4ZXjF0VRfb,Stevie Wonder,60s Christmas Party,What Christmas Means To Me,0,147800,False,0.524,0.614,0,-8.05,1,0.0363,0.202,0.0,0.0802,0.751,82.229,4,soul,low
96780,3dGkVWeKPohk1SiCJMtlrC,Nelson Gonçalves,Isto é Brasil,Ai Que Saudade Da Amélia,38,167706,False,0.665,0.662,0,-11.254,1,0.0758,0.395,0.0,0.598,0.782,97.615,4,samba,medium
81827,3WTCHudgy3hoHSuL8MhgWe,Sam Smith,A Merry Modern Christmas,Have Yourself A Merry Little Christmas,0,170964,False,0.438,0.178,5,-9.402,1,0.0414,0.957,1.1e-06,0.316,0.344,75.25,1,pop,low
55896,5u0zwaGbSJ9wChD2g3tydl,Pritam;Mika Singh;Shefali Alvares;Kiran Kamath,Desi Boyz,Subha Hone Na De (Remix),43,299026,False,0.739,0.898,8,-4.835,1,0.0691,0.184,0.0586,0.215,0.365,131.986,4,indian,medium
100175,3Fs59N7XwKmHxni4uukzqx,Souljah,Mestakung,Mars Jangkrik,41,208718,False,0.715,0.775,0,-5.221,1,0.0689,0.14,0.0,0.063,0.966,145.999,4,ska,medium
15903,16OsNuLTc8FYS5954MFkrV,Milky Day,Take It Slow,Take It Slow,52,167961,False,0.544,0.586,10,-9.7,1,0.0577,0.574,0.0,0.173,0.474,78.022,4,chill,high
94224,6JdU7eaEl9fPAq0sEVNzGc,Sarcastic Sounds,say goodbye,say goodbye,63,86749,True,0.71,0.415,8,-9.561,1,0.0908,0.902,0.00236,0.149,0.418,92.016,4,sad,high
604,5mFrdpvoxokKCWp9uHE1ok,Lúc,No Air,No Air,52,199114,False,0.674,0.116,9,-13.448,1,0.0375,0.862,0.0,0.0979,0.21,129.976,4,acoustic,high
111292,6jXhKRsjlpmyoGacLNxsOY,De-Phazz,Naive,Jazz Music,24,230746,False,0.506,0.643,11,-12.547,0,0.0362,0.242,0.583,0.287,0.534,165.115,4,trip-hop,low
38501,1VUcb7Ik5bYw0SzXBH9rLr,Arctic Monkeys,Live at the Royal Albert Hall,Why'd You Only Call Me When You're High? - Live,53,183680,False,0.371,0.811,4,-7.591,0,0.0577,0.175,0.00012,0.722,0.533,91.691,4,garage,high
33039,7MVrLce4MZMiGrm6ehdGSt,Paramore,All Out Alternative,Misery Business,0,211520,False,0.513,0.906,1,-3.673,1,0.0737,0.00272,8.42e-06,0.113,0.73,173.0,4,emo,low
58183,73bk8wlvLeAJyhoeIxMySi,Promo,Analog Mind in a Digital World,Een en Al Blijheid,31,231586,False,0.404,0.906,11,-4.827,0,0.56,0.166,0.0,0.055,0.435,194.844,4,industrial,medium
92968,49h88o4NI0i0WTkU2HN1JS,João Gordo,Brutal Brega,Eu Vou Rifar Meu Coração,22,141106,False,0.648,0.883,4,-7.021,1,0.037,0.00479,6.09e-06,0.396,0.949,130.027,4,rockabilly,low
102308,0B7FbDb0GQxMX5KSXGv3sg,Abhilasha Sinha,Tum Ho Yahaan,Tum Ho Yahaan,41,196932,False,0.504,0.548,7,-6.559,1,0.0296,0.803,0.0,0.324,0.279,162.997,3,songwriter,medium
12359,7GPqd5gvMkn6Tj3dHBzZox,Janice Vidal,我的視角,我的視角,44,222855,False,0.518,0.401,6,-7.908,1,0.0665,0.862,0.0,0.112,0.401,129.652,4,cantopop,medium
34802,4bYlDGT5GfILDaQOV558n0,Salim–Sulaiman,Ishq Hua - Flute Version (Instrumental),Ishq Hua - Flute Version (Instrumental),35,264421,False,0.512,0.856,2,-6.948,0,0.0394,0.55,0.924,0.0735,0.687,180.036,4,folk,medium
64459,4HURIP867U6Bllu0fa4ypq,Etta James,Desayuno en calma,At Last,0,182533,False,0.169,0.347,10,-8.785,1,0.0309,0.692,0.000432,0.337,0.256,176.118,3,jazz,low
104659,7lwXrOskUl8qQN8WKuaRYe,IZAL,Copacabana,Copacabana,55,190626,False,0.615,0.93,9,-4.89,0,0.04,0.0205,7.79e-06,0.0641,0.428,144.935,4,spanish,high
25879,7s0LZ16wKs8MoWYd3SR6Q6,Mirage,To Proste Tak…,Mówiłaś Tylko Ty i Ja,30,257160,False,0.603,0.928,5,-5.894,1,0.0298,0.000716,0.000915,0.116,0.876,140.0,4,disco,medium
72696,4CSkyVndCtMY0SQ3c6TA4y,Heaven Shall Burn,Invictus (Bonus Track Version),Given in Death,25,311786,False,0.46,0.861,0,-3.876,0,0.0595,0.00074,0.893,0.258,0.0975,90.127,4,metalcore,medium
24954,2KOqMeTVSWQcMpAZ5j4Czl,Robert Hood,Superman / Range,Superman,5,444453,False,0.732,0.979,11,-9.394,1,0.0567,0.00153,0.875,0.0969,0.557,138.789,4,detroit-techno,low
101992,0FcX6DgzjNCWAIKMoEqqSC,Ocean Waves For Sleep;Sea Waves Sounds;Ocean Currents;Sounds Of The Ocean;Ocean Sounds Plus;Sounds of the Ocean Waves,"Gentle Waves and Angry Rapids, Vol 1",Foamy Fiji Beach Waves,32,93210,False,0.18,0.923,1,-20.95,1,0.0745,0.781,0.769,0.455,1e-05,125.579,3,sleep,medium
48082,7LS9Fhrr9TdKZW9ow444uS,Das EFX,The Hip Hop Collection,Real Hip-Hop,0,247613,False,0.858,0.76,4,-7.895,0,0.254,0.0217,0.0,0.322,0.951,93.083,4,hardcore,low
9660,1kJ6btG5HwSI1S2sBUvUvI,Leoni,Leoni - Ao Vivo,Os Outros - Ao Vivo,45,209773,False,0.418,0.394,11,-8.341,1,0.0332,0.85,0.0,0.917,0.447,119.466,4,brazil,medium
5371,6tP2bYIUMcDFn9Zfs9ZAE4,伊藤美来,青100色 (TVアニメ「古見さんは、コミュ症です。」オープニング・テーマ),青100色,51,236000,False,0.713,0.875,7,-1.098,1,0.0286,0.36,0.703,0.183,0.645,119.962,4,anime,high
76659,3xF6OYQ4Da4JhPGsmubG9M,Andrea Bocelli,Vivere - Live In Tuscany,Mille Lune Mille Onde - Live,20,243493,False,0.51,0.602,10,-8.027,1,0.039,0.556,2.73e-05,0.699,0.334,109.933,4,opera,low
84890,1DFdbWXLe4D2MHvBfIPQKQ,Steely Dan,A Decade Of Steely Dan,Rikki Don't Lose That Number,27,272133,False,0.65,0.46,2,-14.041,1,0.0376,0.552,0.000132,0.0957,0.635,116.124,4,psych-rock,medium
113917,4r0ETFFJMBSQ0Z3ntuMDP2,Hillsong Worship;Mi-kaisha Rose,Never Walk Alone (Live),Never Walk Alone - Live,41,348619,False,0.42,0.553,5,-8.049,1,0.0332,0.141,0.0,0.103,0.214,143.804,4,world-music,medium
56476,2xlV2CuWgpPyE9e0GquKDN,Vancouver Sleep Clinic,Revival,Someone To Stay,72,254013,False,0.436,0.473,1,-7.24,1,0.0307,0.588,4.35e-05,0.103,0.242,108.906,4,indie-pop,high
32871,44L6rnxwrEvb5BbJjtCOo2,Hrag Mikkel;Hobta,Tab Leh,Tab Leh - Hobta Remix,48,351583,False,0.784,0.596,10,-10.853,0,0.0461,0.426,0.811,0.0971,0.189,113.974,4,electronic,medium
70825,5NANgzJI7jatDJUaYxlVCn,黃仲崑,記得我,記得我,22,229600,False,0.643,0.58,4,-9.577,0,0.03,0.0351,1.12e-05,0.338,0.207,126.089,4,mandopop,low
33279,7vb1HJXTK7hR3ug25xtiuY,My Chemical Romance,May Death Never Stop You,Na Na Na (Na Na Na Na Na Na Na Na Na),46,206226,True,0.385,0.98,8,-2.764,0,0.0683,0.00021,0.0034,0.369,0.61,165.932,4,emo,medium
71229,5pIXg8cywRwdTyFeVsWtht,Hoobastank,OO's Music Grandi Successi,The Reason,1,232800,False,0.474,0.671,4,-4.649,1,0.0289,0.0129,0.0,0.159,0.0682,82.94,4,metal,low
62454,7BkQoM9YxE7RvfRsWXhcGP,OKAMOTO'S,KNO WHERE,Welcome My Friend,49,232413,False,0.712,0.613,4,-5.67,0,0.0305,0.0297,0.0,0.0513,0.613,109.052,4,j-pop,medium
5811,4Kw21nj46vjq6tWWmDMz4d,Beau.,Akatsuki,Akatsuki,43,128104,True,0.823,0.663,7,-8.267,1,0.254,0.557,0.0,0.182,0.49,120.215,4,anime,medium
65657,1R6qeTvAvaxB7hydIYVIY8,MINO;ZICO,Show Me the Money 4 Episode 6,Okay Dokey,63,248202,False,0.828,0.61,1,-4.23,1,0.0528,0.00544,0.0,0.158,0.311,126.011,4,k-pop,high
81659,3h4T9Bg8OVSUYa6danHeH5,Maroon 5,V (Asia Tour Edition),Animals,70,231013,False,0.279,0.742,4,-6.46,0,0.0898,0.000185,0.0,0.593,0.328,189.868,4,pop,high
46098,3fTAzpANJB10OyIC523sF4,PartyfrieX,Partyfreak,Partyfreak,29,163320,False,0.732,0.919,8,-6.043,0,0.0586,0.218,1.22e-05,0.382,0.889,151.995,4,happy,medium
16049,3hyLdoIjuv5JV0MyE4GQkg,Johann Sebastian Bach;Boston Pops Orchestra;Arthur Fiedler,Weihnachten Klassik 2022,"Herz und Mund und Tat und Leben, Cantata BWV 147 - Arr. Robert Bockholt: Jesu Joy of Men's Desiring",0,204666,False,0.138,0.173,7,-17.603,1,0.0371,0.955,0.928,0.161,0.159,100.657,4,classical,low
33682,15tXksgOQI7Tv6LtlqPvvr,Coheed and Cambria,The Afterman: Ascension,Key Entity Extraction IV: Evagria the Faithful,35,382706,False,0.661,0.911,1,-5.808,0,0.0729,0.0299,6.58e-06,0.0944,0.67,113.001,4,emo,medium
98058,5VIfacsWytkcgr7aTt8Tql,Lea Salonga;Brad Kane;Disney,Aladdin (Original Motion Picture Soundtrack),A Whole New World,55,160800,False,0.341,0.229,0,-15.795,1,0.0344,0.846,2.81e-06,0.101,0.131,126.852,4,show-tunes,high
8626,1Ta6e4rjUBexrZ6SQkCNPF,Jesper Munk,Head In The Clouds,Head In The Clouds,36,228905,False,0.594,0.384,5,-11.796,1,0.0418,0.861,0.575,0.126,0.462,77.823,4,blues,medium
36245,2eAhVprzLy0aTURlyKmhGJ,Jean Ferrat,1963 - 1964 : Nuit et Brouillard - La Montagne,La montagne,38,189666,False,0.494,0.433,7,-12.15,1,0.0365,0.673,0.000424,0.0987,0.452,115.298,4,french,medium
75445,357tJIrwP4qdIoIPG2sp6h,Dan Gibson's Solitudes,Dolphin Dreams,By the Grace of the Sea,23,259551,False,0.124,0.126,0,-23.587,1,0.0356,0.974,0.93,0.745,0.156,72.642,3,new-age,low
71529,3UygY7qW2cvG9Llkay6i1i,Evanescence,Fallen,Going Under,73,214946,False,0.37,0.858,11,-4.885,0,0.0545,0.00815,2.12e-05,0.229,0.464,175.077,4,metal,high
70337,1Saksni0PtBv329gWAnU1F,告五人,運氣來得若有似無,溫蒂公主的侍衛 (三立/台視戲劇《天巡者》插曲),48,257851,False,0.569,0.507,8,-5.694,1,0.0329,0.0156,7.37e-05,0.0905,0.133,110.009,4,mandopop,medium
20929,1uvBOCykry1KtIC3Rh7kMe,Alesso;TINI,Queda poco para la PAES,Sad Song,0,154024,False,0.735,0.691,0,-6.475,1,0.0362,0.0876,0.0,0.34,0.548,110.018,4,dance,low
36868,6zLLSPSFHSH7OQ26Qi6xZh,Captaine Roshi,Larosh,Voile troué,33,190906,True,0.721,0.575,9,-8.11,0,0.194,0.266,0.0,0.107,0.405,74.086,4,french,medium
106342,2y4xigAglMGjn9WW8eRA7b,Magnus Uggla,Den tatuerade generationen,Värsta grymma tjejen,41,186200,False,0.55,0.887,9,-2.984,1,0.0533,0.0283,0.0,0.0921,0.792,133.986,4,swedish,medium
112440,5K2ZLj7bSY1PxpOgRgQpFj,Can Bonomo,Ruhum Bela,Bardak Taşıyor,40,176059,False,0.72,0.8,6,-7.299,1,0.137,0.123,7.69e-06,0.0849,0.879,104.011,4,turkish,medium
20718,1VQIWTMzZUeJM5HmLwaKEp,Ty Dolla $ign;Kehlani,2Step - Pop R'n'B,Universe,3,220138,False,0.596,0.473,9,-9.381,0,0.218,0.0273,0.0,0.203,0.365,157.0,4,dance,low
88030,1a4UteUQkqUIOr3YQQ20fD,Feid,Feliz Cumpleaños con Perreo,Si Te La Encuentras Por Ahí,2,191506,False,0.736,0.569,8,-3.559,0,0.0779,0.144,5.27e-05,0.112,0.433,171.973,4,reggae,low
55741,7GJ1d5TkybTVDxLNP5VqhL,Pritam;Shreya Ghoshal;Arijit Singh,Bhool Bhulaiyaa 2,Ami Je Tomar (Kiara's Scare),46,98184,False,0.361,0.274,1,-13.334,1,0.0395,0.397,5.83e-06,0.185,0.337,116.781,4,indian,medium
50670,4ZE89b1c6LGDuyxxuPMawk,Stam1na,Uudet kymmenen käskyä,Vapaa maa,22,282968,False,0.418,0.919,2,-6.564,1,0.079,0.000476,0.0129,0.197,0.469,152.062,4,heavy-metal,low
110772,2AOmTB8IJm0decOoE21PxI,Synthatic;Tijah,Take A Ride,Trust Me,35,366760,False,0.68,0.712,0,-7.365,1,0.0577,0.000707,0.841,0.14,0.571,141.989,4,trance,medium
24281,14vUvvgWazr1vucy8qJO6W,Rhythim Is Rhythim,30 Years Of Rage,Emanon - Original Mix,10,211092,False,0.762,0.97,7,-13.74,1,0.0757,0.0238,0.903,0.0523,0.923,127.674,4,detroit-techno,low
98271,5Sb9wYzagd53deNvA9zYlU,Kelsey Grammer,Finding Neverland (Original Broadway Cast Recording),Live By The Hook - Original Broadway Cast Recording,28,227200,False,0.533,0.486,2,-8.503,1,0.291,0.519,7.85e-05,0.102,0.247,127.397,4,show-tunes,medium
31388,03FrsymZUDrFC3aBVrvKA1,MEDUZA;James Carter;Elley Duhé;FAST BOY,Ballermann Hits Party 2023,Bad Memories,0,148629,False,0.607,0.767,5,-6.069,0,0.0474,0.118,0.0,0.122,0.662,123.998,3,electro,low
15787,5FMeLrcoOH6iwTS5QD7aLR,Tenno,3 Am. Study Session,Luna,48,154615,False,0.395,0.379,9,-13.785,0,0.192,0.936,0.977,0.344,0.0379,207.841,3,chill,medium
53118,4tcm76DyNJiOhj7x7u10va,Alesso;Marshmello;James Bay,pov: it's 2021,Chasing Stars,0,170457,False,0.594,0.64,10,-6.865,1,0.033,0.0169,0.0,0.135,0.492,92.871,4,house,low
84801,2VDkE9sdVpQAgEqH5fvTMV,Jim Morrison;The Doors,An American Prayer,An American Prayer,45,184400,True,0.704,0.427,7,-15.091,1,0.0606,0.411,0.0247,0.233,0.774,110.389,4,psych-rock,medium
60466,5ndbMvDctcrhIRv6zRF1dx,Jah Vinci,Nima Duss Riddim,Duss Dem,22,175516,False,0.64,0.933,0,-0.593,0,0.356,0.061,0.0,0.0789,0.961,99.395,4,j-dance,low
86914,6p2FWxVjl6PukdBMVk929o,No Recomendable,Empates,Tacos de Princesa,37,187720,False,0.311,0.446,6,-10.033,1,0.0409,0.763,0.0,0.0606,0.546,62.62,3,punk,medium
107393,7taoYAfDTtuI5dxSBeijUO,Indochine,Singles Collection (2001 - 2021),Alice & June - Mix 2020,31,208986,False,0.456,0.888,2,-6.36,0,0.0756,0.00253,0.0214,0.322,0.315,136.114,4,synth-pop,medium
104272,2GJyBJWPmnM7pK961cB6iV,Melendi,Un alumno más,La promesa,67,233040,False,0.584,0.73,8,-5.095,1,0.0355,0.0674,0.00849,0.288,0.414,153.929,4,spanish,high
64638,3ZlJymoYg8vq3y9Czi9SRs,Peggy Lee,christmas but not christmas songs,This Is A Very Special Day - Single Version,0,154160,False,0.719,0.194,7,-13.088,0,0.043,0.749,1.07e-06,0.0794,0.758,114.786,4,jazz,low
101445,3VWTHtM356FfG5avl8ahKF,Meeresrauschen;Naturgeräusche für Entspannung und Erholung;Naturgeräusche,Wellenrauschen,Einfach mal Durchatmen,37,190000,False,0.171,0.662,10,-26.983,1,0.0643,0.761,0.919,0.302,0.00365,61.436,3,sleep,medium
46338,10jipxPU1LTilnjPdA7Px6,Neophyte,The Three Amiga's,Komen Wij Uit Rotterdam,21,247293,False,0.441,0.99,4,-2.857,1,0.207,0.251,0.698,0.63,0.21,186.82,4,happy,low
9731,1hMZDDqL6ThRyJQ5rsLiB5,Tim Maia,Tim Maia 1971,Não Vou Ficar,43,172996,False,0.563,0.783,4,-9.052,1,0.0695,0.0925,0.0,0.0887,0.688,77.723,4,brazil,medium
20913,1Vb4HQnN2kZ5Y2KgYF5TDV,Sean Paul;Dua Lipa,No Lie,No Lie,61,221176,False,0.742,0.882,7,-2.862,1,0.117,0.0466,0.0,0.206,0.463,102.04,4,dance,high
47201,225xvV8r1yKMHErSWivnow,Aerosmith,Armageddon - The Album,"I Don't Want to Miss a Thing - From ""Armageddon"" Soundtrack",74,298760,False,0.383,0.662,2,-5.162,1,0.0333,0.165,0.0,0.248,0.138,121.154,4,hard-rock,high
53163,4M0ezYulsUFJDrKk9d58y6,MEDUZA;Goodboys,Larga Vida al Electro,Piece Of Your Heart,0,152913,False,0.677,0.744,10,-6.806,0,0.0296,0.0405,0.000153,0.074,0.631,124.077,4,house,low
89376,6XWeO4YfQxSC48NoGkbPay,Don Omar;Zion & Lennox,Perreo Tenebroso Vol. 3,Te Quiero Pa´Mi,0,212026,False,0.765,0.816,1,-3.99,1,0.0595,0.124,8.19e-05,0.197,0.624,89.005,4,reggaeton,low
53573,1zyHKxNEqwM1wI3t3c4WZZ,Nathan Dawe;T. Matthias,Dance Dance Dance,Goodbye,0,174649,False,0.719,0.831,0,-2.66,0,0.0299,0.0431,0.000273,0.0666,0.576,126.03,4,house,low
86623,26gNaGqxzjmIrHsk4ugIc8,Patricio Rey y sus Redonditos de Ricota,Cordero Atado,¡Lobo ¿Estás?!,41,181613,False,0.606,0.73,2,-9.933,1,0.0542,0.185,0.000276,0.362,0.786,93.791,4,punk,medium
14389,7kH5ccq52KBe7E5SEYChlT,The Kiboomers,The Ultimate Children's Halloween Songs Playlist,Five Black Shiny Crows - 2015 Version,36,131226,False,0.765,0.387,7,-6.799,1,0.147,0.908,0.0,0.185,0.839,159.966,4,children,medium
18998,3ZLp1i7FSPn05tuvnuXaAp,Ron White,Truckstop Comedy,Gay Rights,20,827146,True,0.595,0.576,4,-14.405,1,0.908,0.926,0.0,0.68,0.417,110.17,4,comedy,low
38167,2f4AQJ0A6IRWxSxudtzS5k,High Sunn,Hopeless Romantic,Ramen Waitress,62,150244,False,0.544,0.81,7,-5.135,1,0.0373,0.00016,0.637,0.246,0.668,94.996,4,garage,high
70332,5IcTrw1JntFyNFpWLJgQrH,Eason Chan,Stranger Under My Skin,苦瓜,49,278160,False,0.379,0.427,2,-9.284,1,0.048,0.646,0.0,0.109,0.459,185.952,4,mandopop,medium
95140,3QkVO1x0C5LPZgsw3vk18J,ZAPEROKO La Resistencia Salsera del Callao,"Del Callao Mi Barrio, para el Mundo",Quiéreme,37,275210,False,0.756,0.845,8,-3.57,1,0.0389,0.504,1.4e-06,0.0348,0.873,93.012,4,salsa,medium
53637,0HPJzNc6AlaOVbiNHdK7iS,Mabel,Halloween 2022,Bad Behaviour,0,205880,False,0.797,0.812,0,-4.334,1,0.0414,0.00451,2.19e-06,0.0787,0.421,106.998,4,house,low
3076,4SmpAA1iwwFw9hQ5FmYLuq,Avenged Sevenfold,Metal,Hail to the King,0,305906,False,0.58,0.916,3,-4.357,0,0.0387,0.000295,0.0255,0.126,0.68,118.002,4,alternative,low
69933,5s3IbIsHzyC81y7yfIO9N4,Najim Arshad,Kattappanayile Ritwik Roshan,Azhake Azhake - Version 1,18,198900,False,0.709,0.612,5,-6.183,0,0.0279,0.00325,0.000424,0.14,0.934,125.037,4,malay,low
68654,6JjPBQfI2Y8nIjnm65X6Pw,Nicky Jam;J Balvin;Maluma;Ozuna,X (feat. Maluma & Ozuna) [Remix],X (feat. Maluma & Ozuna) - Remix,68,235746,False,0.663,0.696,9,-4.957,0,0.103,0.0561,3.77e-05,0.0778,0.738,180.113,4,latino,high
14146,1zPyupELPxSQcWidwJR9nm,The Laurie Berkner Band,Diversión para los peques,Down Down Baby,0,61240,False,0.712,0.496,0,-11.418,1,0.879,0.828,0.0,0.0739,0.656,139.533,4,children,low
101112,0of9VbkEiB4pE1M1Ff7U8S,Traditional;Cappella Musicale di Santa Maria in Campitelli di Roma;Vincenzo Di Betta,Giovannini: Messa a Quattro Breve Concertata,"Vangelo: Luca 10, 1-9",0,153480,False,0.374,0.0204,5,-27.03,1,0.0585,0.994,0.0,0.152,0.0396,110.009,5,sleep,low
76998,5119q7EHJi4C9fxZLkr4i2,Tomaso Albinoni;Claudio Scimone;I Solisti Veneti,Albinoni's Adagios,"Albinoni: Concerto a cinque in G Minor, Op. 10 No. 2: II. Andante",20,128026,False,0.222,0.229,10,-17.328,1,0.0391,0.966,0.844,0.287,0.276,105.289,4,opera,low
93432,2xRdvPX2IrKELYj9WvshTp,Vadim Kozin,Velikie ispolniteli Rossii XX veka: Vadim Kozin (Deluxe Version),"No ja znaju, ty ljubish' drugogo",0,164000,False,0.488,0.156,0,-11.457,0,0.0922,0.981,0.00855,0.116,0.402,130.864,5,romance,low
51579,3n2lUfmtaYuqMSR8tDo8F0,Wiz Khalifa,Contemporary Hip Hop,Memory Lane,0,166773,True,0.789,0.71,4,-4.574,0,0.353,0.37,0.0,0.155,0.826,95.178,4,hip-hop,low
19104,6nDPNWeMK5UxWwcMGGkVA4,Dan + Shay;Justin Bieber,Laidback Country,"10,000 Hours",0,167693,False,0.654,0.63,10,-4.644,1,0.0259,0.149,0.0,0.111,0.43,89.991,4,country,low
77335,1PcN0gHacCg5uuvQC7lZva,Dilsinho;Sorriso Maroto,Juntos (Ao Vivo),Te Esquecer Te Amando - Ao Vivo,46,204200,False,0.587,0.799,2,-5.795,1,0.0388,0.388,0.0,0.885,0.803,144.323,4,pagode,medium
55287,0EiZCuVOP3E9MobSidssSC,Mohan Kannan,Cocktail (Original Motion Picture Soundtrack),Yaariyaan - Male Vocals,55,374173,False,0.497,0.519,2,-8.324,1,0.0297,0.0754,3.07e-05,0.0391,0.415,74.967,4,indian,high
101001,0CMYUXTTTmI6Lwc0opH2XG,Sohn Aelia,Herinneringen,Herinneringen,74,172357,False,0.0685,0.00342,0,-37.156,1,0.0418,0.99,0.91,0.106,0.0581,73.644,1,sleep,high
20220,1EDWLJOjihSAnYfCn4Z6d0,Katy Perry,World's Best Christmas Playlist,Cozy Little Christmas,0,182520,False,0.775,0.608,7,-6.264,1,0.128,0.128,0.0,0.0895,0.56,137.494,4,dance,low
11009,563SfWAHJs4FBZMkRN0IFN,Adele,25,Send My Love (To Your New Lover),72,223078,False,0.688,0.533,6,-8.363,0,0.0865,0.0355,3.48e-06,0.172,0.567,164.069,4,british,high
1837,2AsbwhBYcjeA6gkeyOrFMR,The Budos Band,The Budos Band EP,Smoke Gets In...,18,222906,False,0.513,0.347,9,-13.798,1,0.0293,0.000155,0.894,0.0895,0.279,107.468,4,afrobeat,low
97221,18T2cbYvvq5pNPRgzpO0eN,Gian & Giovani,Gian e Giovani Cantam João Mineiro e Marciano (Ao Vivo),Caminhão É Assim - Ao Vivo,49,224697,False,0.649,0.647,9,-6.222,1,0.036,0.601,0.0,0.713,0.668,106.024,4,sertanejo,medium
96740,4OB2F01FVAftaBZr5dKQkI,Art Popular,Ao Vivo Sem Abuso,Gandaia - Ao Vivo,37,157240,False,0.581,0.936,6,-7.7,0,0.0965,0.161,0.0,0.861,0.836,135.779,4,samba,medium
43806,5FMHF4EOze9ubqy0CGqhIV,DJ S.K.T,Poison,Poison,25,228725,False,0.802,0.876,7,-7.952,1,0.0464,1.76e-05,0.837,0.0283,0.575,123.015,4,groove,medium
86226,1QCvMF4Hq88nA36Rek7y05,PXNDX,Bonanza,La reina de Uxmal,46,219733,False,0.529,0.616,1,-4.439,1,0.0263,0.415,0.0,0.0922,0.294,113.181,4,punk,medium
47266,4feXJ5IC3avXsVW9WNFSag,AC/DC,Black Ice,Rock N Roll Train,71,261506,False,0.547,0.931,2,-2.356,1,0.0615,0.000998,0.0118,0.278,0.697,118.4,4,hard-rock,high
63272,1sIIlVrnPhrvmTrHtzM7tV,Mrs. GREEN APPLE;Sonoko Inoue,青と夏,点描の唄,72,307066,False,0.502,0.632,0,-4.612,1,0.0273,0.447,0.0,0.103,0.308,152.014,4,j-rock,high
54578,4VJBvbJO0hb8rbksWMwVyC,Plaid;Benet Walsh,Double Figure,Eyen,37,260133,False,0.534,0.632,9,-10.645,1,0.0322,0.0153,0.962,0.189,0.353,121.065,4,idm,medium
71311,6ZOBP3NvffbU4SZcrnt1k6,3 Doors Down,The Better Life,Kryptonite,80,233933,False,0.545,0.865,11,-5.708,0,0.0286,0.00664,1.1e-05,0.168,0.543,99.009,4,metal,very_high
55881,7udmtuYHCGp0ImJAncUj1q,Bombay Bandook,Saawan,Saawan,42,231165,False,0.488,0.703,11,-8.243,1,0.0359,0.148,0.00909,0.506,0.589,81.511,4,indian,medium
24852,3ciP7FzLutkNiXz4acnS4M,The Other People Place,Sunday Night Live at the Laptop Cafe,Sorrow & A Cup of Joe,26,312120,False,0.768,0.479,5,-11.731,1,0.0658,0.000667,0.828,0.098,0.328,116.757,4,detroit-techno,medium
95845,5WIJRCvVkrN8qItyknjPot,Checo Acosta,El Rey del Carnaval,El Rey del Carnaval: El Garabato / Negros Macheteros / Prende la Vela,29,209693,False,0.705,0.837,4,-5.282,0,0.229,0.182,2.03e-06,0.195,0.831,166.534,4,salsa,medium
11993,4Rh2UIuK3A0Mu9buL4GfRd,John Tavener;Voces8,Lux,"Mother Of God, Here I Stand",27,171960,False,0.128,0.0392,7,-27.737,1,0.0539,0.993,0.935,0.124,0.0381,73.166,1,british,medium
61286,2kAhqjQ6Tjsj9qUbJDs8Ih,≠ME,超特急 ≠ME行き Special Edition,空白の花,26,265760,False,0.535,0.685,1,-4.9,0,0.03,0.553,0.0,0.199,0.212,80.008,4,j-idol,medium
89317,35bUCSCnEQRek7xXNG0XIM,Sebastian Yatra;Alvaro Diaz,Dulce Balada,A Dónde Van,0,176266,False,0.656,0.69,3,-4.792,0,0.186,0.0523,0.0,0.138,0.817,167.063,4,reggaeton,low
92660,2tofXDrli8EbbsM7bZflXq,BOØWY,PSYCHOPATH,PSYCHOPATH,26,285093,False,0.792,0.818,5,-5.783,1,0.0406,0.00787,0.014,0.0716,0.742,128.543,4,rockabilly,medium
82440,6dkvErYa3YQiAKaQROakdb,Sahara Hotnights,Jennie Bomb,Alright Alright (Here's My Fist Where's the Fight ?),23,127066,False,0.395,0.969,11,-4.041,0,0.0636,2.91e-05,0.262,0.169,0.707,168.687,4,power-pop,low
42352,6gQrHa6j63na73DWLpXSwq,Sex Prisoner,Tannhauser Gate,Midnight,15,84965,False,0.339,0.92,8,-4.822,1,0.0991,5.3e-06,0.118,0.465,0.38,123.992,4,grindcore,low
67791,6VppCXLthp6U3noHF3GUwO,Greeicy;Nacho,Bájale como 7500,Destino,0,180480,False,0.708,0.76,0,-3.02,1,0.0934,0.0104,8.35e-06,0.0462,0.706,188.124,4,latin,low
56809,0X5mtNbqxbiTYkwj0CQc2f,COIN,Dreamland,Crash My Car,69,188306,False,0.244,0.645,5,-5.863,1,0.0456,0.00178,0.00574,0.301,0.529,183.577,5,indie-pop,high
108151,1cPPwCbNpGhsMI6GWmG47M,Astor Piazzolla,Adios Nonino 1969-1984,Adios Nonino,23,482397,False,0.267,0.186,4,-18.682,1,0.0375,0.889,0.0508,0.11,0.0669,76.726,3,tango,low
107551,3zK3kzz1U8KEa8v9Kj8hu8,Tove Lo,Queen Of The Clouds,Not On Drugs,47,182346,False,0.7,0.635,1,-6.019,0,0.0374,0.00629,0.0,0.135,0.594,124.953,4,synth-pop,medium
49217,7kUBocchlTtTZVNplR9ZJI,Sub Zero Project,Trip To Mars (Astronauts),Trip To Mars (Astronauts),60,182168,False,0.418,0.865,2,-6.068,1,0.148,0.000647,0.000125,0.441,0.253,150.027,4,hardstyle,high
94300,2y1NlQ3jhmmvtybRBLQGXm,Timmies;Shiloh Dynasty,Passion & Confusion,Soft Skin,62,117747,False,0.901,0.108,0,-19.516,0,0.129,0.844,0.00473,0.108,0.716,106.044,4,sad,high
15540,0zL5fdl4CvAAYUG3dJVMqS,lullaboy,Shortcut To Heaven,Shortcut To Heaven,63,184343,False,0.657,0.505,1,-7.333,1,0.0451,0.255,0.0,0.263,0.565,91.99,4,chill,high
33981,3ypog0PLdnOEZ4j3NdvFj2,Sensey;Hugo Toxxx,BRATAN,TANK,33,181500,True,0.902,0.485,7,-6.095,1,0.404,0.731,0.000623,0.129,0.284,144.032,4,emo,medium
44168,4UJmPSJsBsIR1U0N79BU1g,Nirvana,MTV Unplugged In New York,Lake Of Fire,68,175973,False,0.541,0.618,1,-9.652,0,0.179,0.277,4.02e-05,0.413,0.68,145.464,4,grunge,high
47386,532WuZy5kwDhU8iNUbLKQK,Charlie Brown Jr.,Imunidade Musical,Pra Não Dizer Que Não Falei Das Flores,43,327506,False,0.571,0.769,1,-4.676,1,0.0281,0.0528,0.00387,0.073,0.919,156.045,4,hard-rock,medium
70558,4rzTxZaFsTXQN54WimO4QU,David Tao,I'm O.K.,天天,49,255200,False,0.522,0.551,2,-6.908,0,0.0339,0.275,0.0,0.123,0.158,120.976,4,mandopop,medium
38383,5GKVcvTgnFYtfh25qKQtRg,The Strokes,Comedown Machine,One Way Trigger,59,242293,False,0.516,0.942,2,-4.113,1,0.036,0.000182,0.464,0.116,0.964,95.996,4,garage,high
35770,1QfuiIRJ24hVDmtFXKromY,Kiko Chicabana,Carnaval de Salvador (Mistura de Sons),O Amor da Sua Vida,39,239253,False,0.586,0.894,5,-5.578,1,0.0789,0.684,1.08e-05,0.154,0.7,190.007,4,forro,medium
105092,72wDz8RDKFvffQJhHucHDy,Dusty Decks,Slipping Mats,Slipping Mats,47,149866,False,0.746,0.477,11,-7.486,1,0.0463,0.124,0.881,0.133,0.714,91.999,4,study,medium
35002,78rJR1WX6TD1TkoXJ2CQGz,Aldair Playboy,Pra Ouvir no Paredão,Ô Neguinha,54,180796,False,0.788,0.775,4,-1.776,1,0.0331,0.577,0.0194,0.0506,0.942,130.012,4,forro,high
67552,2BEcap3xJtmiPaHKyfQi4e,Rvssian;Rauw Alejandro;Chris Brown,Nostálgico,Nostálgico,80,209883,True,0.734,0.846,9,-3.425,0,0.0489,0.166,1.74e-06,0.235,0.604,98.026,4,latin,very_high
74345,5XKEOyjux8e6IM0lpKB0ee,Zé Ramalho,Zé Ramalho Ao Vivo 2005,Eternas Ondas (Ao Vivo),43,261773,False,0.471,0.715,1,-5.131,0,0.0314,0.0792,0.000993,0.787,0.359,135.55,4,mpb,medium
52700,20aorkzugOSwPcXGZf9eCv,Hank Williams;Drifting Cowboys,Honky Tonkin (Expanded Undubbed Edition),Honky Tonkin',43,166200,False,0.538,0.423,4,-9.986,1,0.031,0.827,0.0,0.107,0.88,164.754,4,honky-tonk,medium
47410,5YjKdeES9QRJ8NmF4Xc8pV,Heart,Brigade,All I Wanna Do Is Make Love To You,67,310893,False,0.626,0.746,7,-8.832,1,0.0282,0.16,0.0,0.0618,0.8,102.896,4,hard-rock,high
38459,4pXyK9GW7fuT645U0DLYYF,The Strokes,Is This It,"Alone, Together",52,188800,False,0.511,0.855,7,-5.752,1,0.0307,0.00782,0.89,0.0694,0.962,142.985,4,garage,high
96945,2yDH45niPQKtREt0JnZHDl,Caju Pra Baixo,"Open Bar do Caju, Vol. 2 (Ao Vivo)",Se Permita - Ao Vivo,36,189192,False,0.624,0.868,7,-7.035,1,0.036,0.36,0.0,0.636,0.931,94.947,4,samba,medium
4556,0qD7FNvGrdwtH3EaUnK2RY,Simon Wester,Among Us,Among Us,38,194676,False,0.113,0.146,4,-19.294,1,0.033,0.925,0.958,0.0998,0.08,75.822,4,ambient,medium
50729,3bhnMiySrl287YfmhbrNHy,Ricardo Iorio,Ayer Deseo Hoy Realidad,Rock de la Madre Selva,21,226720,False,0.399,0.505,4,-5.191,1,0.0301,0.192,6.58e-06,0.104,0.278,118.408,4,heavy-metal,low
26306,0MzR4cY289XW6VwKpIdhrb,Ewa Konstancja Bułhak,Bambukalambu,Kaczki,24,223986,False,0.706,0.478,0,-8.628,1,0.118,0.806,0.0,0.171,0.9,85.293,4,disney,low
59586,1cOQgoRQ2ESo6gtZ31VgTU,Sabke Morde,PeeranSal,Hame Yeksoo,0,969250,False,0.337,0.658,7,-5.929,0,0.0447,0.202,4.08e-05,0.556,0.0847,112.504,3,iranian,low
102392,4N2LGoEJi3aGDgEAnsjtBz,Anson Seabra,Feeling For My Life,Walked Through Hell,66,216864,False,0.508,0.404,10,-11.092,1,0.0788,0.664,0.0,0.104,0.129,81.713,4,songwriter,high
71723,2vBiZ7nBe0OqTZKWGP0s4K,Nickelback,Here and Now (Audio Only Version),Lullaby,64,228106,False,0.508,0.832,11,-4.395,1,0.032,0.000372,0.0,0.0859,0.404,136.004,4,metal,high
22539,2EswXZ6UU0T6KZ4LGRgXWQ,Black Pantera,Ascensão,Mosha,25,163540,True,0.445,0.976,4,-5.854,1,0.131,0.00457,3.78e-05,0.139,0.116,107.153,4,death-metal,medium
100820,0q7LR23IYycIYTUJuTrQiF,Los Pericos,1000 Vivos,Waitin' - Live,35,170434,False,0.655,0.664,3,-7.657,1,0.0263,0.283,1.04e-06,0.908,0.922,98.752,4,ska,medium
72309,18HnaB5tysZbLSf6AxNIic,Dead by April,Let The World Know,Replace You,39,205213,False,0.318,0.639,4,-5.384,0,0.035,0.413,0.0,0.203,0.292,184.946,4,metalcore,medium
47465,5TNhjanmvwvmjCz2WYwSAv,Ghost,Meliora (Deluxe Edition),Square Hammer,66,239293,False,0.53,0.903,2,-4.396,0,0.0483,3.31e-05,0.182,0.259,0.747,129.983,4,hard-rock,high
51043,6eYsOcDdB5b6rTO5ubMxeV,Anirudh Ravichander;Jonita Gandhi,"Private Party (From ""Don"")","Private Party (From ""Don"")",71,216774,False,0.862,0.886,10,-5.423,0,0.123,0.184,1.33e-06,0.0565,0.896,124.031,4,hip-hop,high
20878,5bi1cIE70zeiRhAcTm3Ejg,Becky Hill,Best Road Trip Pop Tunes,I Got You,0,190266,True,0.568,0.728,9,-4.418,1,0.182,0.0746,4.2e-06,0.349,0.62,195.984,4,dance,low
10662,16zwNbhZcwf0zO9QOfBcwC,Bassnectar,Cozza Frenzy Remix Pack v.1,Teleport Massive - 2010 Remaster,12,272000,False,0.767,0.678,11,-8.621,0,0.295,0.00546,0.000486,0.193,0.702,90.037,4,breakbeat,low
61754,5Dw0nWC8b8rRj987lIbBk4,Momoiro Clover Z,桃も十、番茶も出花,GOUNN,19,343719,False,0.452,0.954,1,-2.731,1,0.16,0.0205,0.000166,0.346,0.456,146.005,4,j-idol,low
32302,4989oYzF1MRcOdGpfsBmCy,6091,Thillana,Thillana,29,165477,False,0.746,0.768,8,-9.463,1,0.17,0.0548,0.0643,0.292,0.52,157.045,4,electronic,medium
69532,6uvnDyADTv5cH2VsqFRwse,Havoc Mathan;Havoc Naven,Best of Havoc Brothers,Outro,27,61066,False,0.752,0.944,5,-5.518,1,0.0601,0.274,0.0,0.139,0.681,96.007,4,malay,medium
28358,6O4dKR2qDrowPXV7lwUNA8,Krewella;Asim Azhar,zer0,Paradise,33,214992,False,0.651,0.803,8,-4.749,0,0.0704,0.12,0.0,0.118,0.275,103.025,4,dub,medium
4899,7rqHDLh1wDJEVIqdwqhJ55,Alexis Ffrench,Truth - The Solo Piano Collection,Guiding Light - Solo Piano Version,24,196857,False,0.314,0.0324,5,-24.132,1,0.053,0.986,0.921,0.115,0.233,68.246,5,ambient,low
56208,0pdKRp2sUthTPe7RLWpPqQ,flora cash,You're Somebody Else,You're Somebody Else,75,218883,False,0.713,0.452,1,-9.638,1,0.0295,0.841,0.0038,0.105,0.235,102.963,4,indie-pop,very_high
72469,5bnH51lYXOGVVjW7ABkKTW,I Prevail,TRUE POWER,Closure,58,189596,False,0.482,0.748,1,-7.351,0,0.0438,0.00472,0.0134,0.13,0.271,145.948,4,metalcore,high
113597,0ViUZDRHUXYPfrloKITuMK,Reiki Armonía,"Musica Reiki - Musica Relajante para Reiki, Yoga, Meditación, Tai Chi y Armonia",Centro Budista (Musica Relajantes),25,403113,False,0.135,0.0271,9,-29.209,1,0.0373,0.993,0.983,0.0907,0.0376,70.888,4,world-music,medium
317,2Sg5gtKvSiRf7TBjI0ObF2,Jonah Baker;Sara Phillips,Covers,We Don't Talk Anymore / Cold (feat. Sara Phillips),26,222911,False,0.524,0.328,11,-10.001,1,0.0403,0.817,0.0,0.118,0.599,99.941,4,acoustic,medium
30694,2Xy1UIVfOlukyye6Fd0wrI,Sam Feldt;Rita Ora,Follow Me,Follow Me,74,169672,False,0.673,0.729,6,-4.879,1,0.0496,0.083,0.0,0.1,0.675,122.023,4,edm,high
81885,6kekHWEQ4SyMe5EjYAlveP,Yuvan Shankar Raja;Sid Sriram,"High On Love (From ""Pyaar Prema Kaadhal"" Original Motion Picture Soundtrack)",High On Love,65,240169,False,0.627,0.779,4,-4.944,0,0.0392,0.214,9.34e-06,0.112,0.619,149.929,4,pop,high
110589,3acDFtOzGJXpXbYNUHxuog,Deny,Aire,Aire,32,225581,False,0.473,0.946,11,-3.434,0,0.0779,0.00181,0.0,0.112,0.653,110.057,4,trance,medium
38909,1nWplg2wIdoaajVFRaHzlf,Pity Party (Girls Club),Hard Times / Bad Trips,Stuck on u,47,80065,False,0.401,0.339,11,-11.247,1,0.0422,0.908,0.00028,0.211,0.219,97.273,4,garage,medium
94296,7yF19wC6msoj2cGUEtlm1S,Khantrast,She Bad,She Bad,63,105536,True,0.598,0.877,2,-5.401,1,0.112,0.105,0.0,0.0988,0.615,170.169,4,sad,high
86435,5DO6h6YjA9531IA8B0ahBa,Endank Soekamti;Ndarboy Genk,Wayahe Hiling,Wayahe Hiling,43,274923,False,0.673,0.876,11,-3.947,0,0.133,0.0146,0.000417,0.112,0.777,180.152,4,punk,medium
81310,65mavBQC23K0lwptINTQSc,Justin Bieber,Spooky Scary Season,Ghost,6,153190,False,0.604,0.741,2,-5.571,1,0.0475,0.178,3.49e-05,0.409,0.473,153.947,4,pop,low
39015,1SacjiJXVYiv3ydALqEchb,Robin Schulz;David Guetta,"#Multiverse, If the Multiverse Is Real",On Repeat,0,190217,False,0.609,0.801,1,-8.483,0,0.0694,0.0246,0.00255,0.37,0.202,122.958,4,german,low
79936,2JAUBPBVkimRLc5BGhAkfJ,Regina Spektor,Begin to Hope,Samson,56,189506,False,0.49,0.193,11,-9.544,1,0.0421,0.862,9.74e-06,0.113,0.184,89.154,4,piano,high
7035,2yNGARwYc253fKGIy0CoyO,The Wailin' Jennys,40 Days,Old Man,44,191360,False,0.699,0.138,10,-13.479,1,0.0318,0.864,8.79e-06,0.116,0.287,80.505,4,bluegrass,medium
17040,0PxE0HRS9Iddrc2ZZVmL2B,dj Shawny,Back It Up (Blick Cypher),Back It Up (Blick Cypher),27,65567,False,0.77,0.398,11,-12.815,1,0.165,0.0257,0.577,0.0753,0.287,175.175,4,club,medium
27889,6M7f18OXbZGuA7oUi7ZXtN,Adam F;Fresh;Origin Unknown,Junglesound - The Bassline Strikes Back LP,When The Sun Goes Down - Origin Unknown Mix,16,369466,False,0.397,0.966,4,-5.837,0,0.0483,0.00102,0.108,0.638,0.642,174.008,4,drum-and-bass,low
74133,0sjIyVoVtk4wGyn32tXx09,Renato Teixeira,Canção Pra Pedir Perdão,Canção Pra Pedir Perdão,46,225517,False,0.486,0.399,5,-7.754,1,0.0369,0.792,6.46e-05,0.132,0.459,115.028,3,mpb,medium
112957,4lSBfTETDE7vSAzVcMpSLz,5 Adım,Sevgiye Hasret,Gözleri Kara Dilber,37,212750,False,0.476,0.469,11,-11.371,0,0.0504,0.887,2.6e-06,0.242,0.525,110.884,4,turkish,medium
90210,6Q2pkSKuM08SDOuAS5amQD,The Platters,The Magic Touch: An Anthology,The Great Pretender,48,159066,False,0.652,0.303,7,-8.573,1,0.0297,0.851,0.0,0.324,0.706,114.665,3,rock-n-roll,medium
57853,01Q3OyB05mLgH01fpdAMPP,M83,"Hurry up, We're Dreaming",Wait,72,343253,False,0.426,0.228,2,-10.552,1,0.0322,0.198,0.13,0.0832,0.0822,147.994,4,indie,high
82157,5sf1wqBZsHkpy7dPnDb7aD,The Outfield,Play Deep,All the Love in the World,67,212240,False,0.624,0.531,4,-13.23,1,0.0408,0.0403,1.21e-06,0.0914,0.743,128.08,4,power-pop,high
85895,4QVDdKdW05TPMIxKYCV2kM,Velhas Virgens,Garçons do Inferno,Minha Vida É o Rocknroll,35,228426,True,0.32,0.962,11,-2.534,0,0.132,0.0156,0.0,0.558,0.567,138.01,4,punk-rock,medium
51155,0Z2SFlnXH9yMN36djUeqyE,Sidhu Moose Wala;Sunny Malton,Fuck Em All,Fuck Em All,64,234130,True,0.818,0.726,7,-6.694,0,0.216,0.0916,1.01e-06,0.106,0.345,92.013,4,hip-hop,high
46051,4OqkZC8lvPnVayma2QvRBW,S3RL;Iceman,Berserk,Berserk,51,162461,False,0.53,0.993,9,-1.926,1,0.419,0.000142,0.222,0.0712,0.201,97.53,3,happy,high
93233,2VncmhVohf0gU3ItvOy2Ao,Pyotr Leshchenko,Russian Popular Music in 78 Rpm Recordings / Pyotr Leshchenko,Katja katja - Foxtrot (1937),5,155386,False,0.696,0.545,0,-6.597,0,0.0448,0.983,0.0547,0.0739,0.909,128.634,4,romance,low
64405,06SpETcUGUMrgLgAaBQXsE,Dean Martin,JULMUSIK,"Let It Snow, Let It Snow, Let It Snow - Remastered",0,121026,False,0.446,0.214,1,-15.215,1,0.0326,0.885,1.46e-06,0.052,0.741,133.436,4,jazz,low
27579,6r1VRlk954efeVvlSdyivk,Chase & Status;BackRoad Gee,What Came Before,When It Rains (feat. BackRoad Gee),45,268826,True,0.658,0.978,1,-2.749,0,0.279,0.168,0.000183,0.14,0.501,87.494,4,drum-and-bass,medium
106459,6mLyZFAAWBJrNeEn8cXxyF,Tjuvjakt;SödraSidan,Musik är ju kul,Fuck Tjuvjakt,38,141230,False,0.594,0.794,1,-5.698,1,0.234,0.155,0.0,0.788,0.416,129.764,4,swedish,medium
68114,5Tj1ohvoTgMyk5KyatzI88,J Balvin;Bad Bunny,Feliz Cumpleaños con Perreo,QUE PRETENDES,2,222346,False,0.639,0.791,10,-4.443,0,0.254,0.0275,0.0,0.362,0.933,92.603,4,latino,low
102538,6g1UvHUkvQU264U6G1N98U,Sara Kays;Cavetown,rainy day indie,Struck by Lightning,0,154330,False,0.701,0.611,2,-9.743,1,0.033,0.396,0.0,0.553,0.748,128.07,4,songwriter,low
39458,2CewvqbfMOcnvYE3yayAJV,KAMRAD,I Believe,I Believe,76,147007,False,0.711,0.681,10,-7.459,1,0.0263,0.124,0.0,0.262,0.775,118.021,4,german,very_high
86970,2or5pBpnPtcjthlNt06w1P,De Nalgas,Vulgar Dulce Hogar,"Pare de Sufrir, Pare de Mamar",37,179257,True,0.674,0.973,0,-2.758,1,0.0618,0.0124,0.0,0.36,0.802,105.029,4,punk,medium
56605,42OUnOczRtCTyPTqvBsHzW,Bipul Chettri,Sketches of Darjeeling,Asaar,45,229108,False,0.38,0.371,8,-14.221,1,0.0358,0.889,0.0256,0.118,0.378,108.718,4,indie-pop,medium
49623,5Dydjv5Pb2ZwAhN5Piek9z,Frontliner,The Summer of Frontliner,Beam Me Into Space,21,231967,False,0.543,0.915,0,-4.658,0,0.0414,0.00242,4.29e-06,0.0571,0.55,150.007,4,hardstyle,low
81741,3UeFCt66ntAJoabXfp0Bo4,Bruno Mars;Anderson .Paak;Silk Sonic,Pop Hits Now,Love's Train,0,307014,False,0.71,0.625,6,-9.008,0,0.0295,0.029,1.1e-05,0.108,0.784,140.994,4,pop,low
68160,6qMj7ctUqGyqWaSh62I4I4,Daddy Yankee;Sech,Halloween 2022 Perreo Vol. 5,Definitivamente,3,217773,False,0.812,0.764,8,-3.39,0,0.101,0.59,0.0,0.253,0.431,100.082,4,latino,low
64411,0B1HBdtLt2ebn2iHPPn65L,Dean Martin,Jingle Bell Rock 2022,"Baby, It's Cold Outside",0,143733,False,0.439,0.196,0,-16.093,1,0.0601,0.88,0.0,0.0513,0.525,129.581,4,jazz,low
76872,7GuZED83VYeWCoXJPysg7e,Avantasia;Ralf Scheepers,The Wicked Rule The Night,The Wicked Rule The Night,51,264946,False,0.29,0.909,10,-4.449,0,0.0511,2.17e-05,0.0024,0.114,0.28,170.011,4,opera,high
92849,05y5s9yU709Nt5uTXs3T7z,John Lindberg Trio,Hell Of A Ride (Bonus Track Version),Don't Bug Me,22,175989,False,0.563,0.89,4,-7.623,1,0.0507,0.0399,1.51e-05,0.355,0.654,128.03,4,rockabilly,low
92584,6HVtjbLoKFaqhuyqXyv7cU,The Roaring Cadillacs,Fest hos Errol (med Eddie Meduzas kompband),Kom ner från taket,26,153440,False,0.526,0.901,0,-5.882,1,0.181,0.0409,0.0,0.284,0.786,92.465,4,rockabilly,medium
63478,42FsvUF4iYyXVx9jc54ziM,BOØWY,PSYCHOPATH,RENDEZ-VOUS - LIVE IN HAMBURG JULY 1987,34,222093,False,0.505,0.945,7,-4.83,1,0.0439,0.00598,0.000151,0.971,0.557,151.784,4,j-rock,medium
84514,5xUz3xvyPPrNfnBrh9IOZa,Pink Floyd,A Saucerful of Secrets,Let There Be More Light,46,336727,False,0.158,0.615,0,-8.897,1,0.0367,0.689,0.861,0.153,0.303,77.238,4,psych-rock,medium
43036,1NaHqvYJ48wdyQZMkNnUUr,Pantera,Metal,Walk,0,315120,True,0.428,0.704,6,-8.018,0,0.0808,0.000156,0.00223,0.0933,0.703,116.898,4,groove,low
35780,0t8RTpPR03rxOgdunbDWVz,Trio Virgulino,Coração Feliz,Preciso do Teu Sorriso,38,245533,False,0.528,0.617,4,-7.592,1,0.0387,0.833,0.0,0.388,0.856,160.228,4,forro,medium
110755,0uif0Lvh62KQ8GIFY594M7,Tiësto;SWACQ,Party Time,Party Time,46,166560,False,0.635,0.878,0,-4.753,1,0.07,0.0103,0.538,0.338,0.414,125.002,4,trance,medium
62877,3KVI0WQZpi7J91dY2Zk8Im,サザンオールスターズ,世に万葉の花が咲くなり,CHRISTMAS TIME FOREVER,36,259680,False,0.361,0.69,7,-5.451,1,0.0797,0.485,0.000297,0.117,0.328,202.086,4,j-pop,medium
13725,3Mhkr408AHdnuQKw1sIZLQ,Pal Joey,Pal Joey Presents Hot Music,Tomorrow,5,357637,False,0.804,0.954,4,-6.321,0,0.0553,0.0585,0.348,0.111,0.385,119.989,4,chicago-house,low
20076,5oLrJ9cTOkFWy9KMBUVfUW,David Guetta;Bebe Rexha;Ty Dolla $ign;A Boogie Wit da Hoodie,Trending Pop,Family,0,158994,False,0.687,0.717,11,-6.61,1,0.0755,0.0744,0.0,0.134,0.685,88.063,4,dance,low
34804,2Y1NSvbEb6a5lAS09Ge32Q,Hurricane,Favorito,Favorito,47,175441,False,0.74,0.865,1,-2.641,0,0.0633,0.185,1.19e-06,0.156,0.243,91.946,4,folk,medium
25347,70QbtFV095ac2eQXJAgr8e,Jürgen Drews;Matthias Reim,Karneval 2022 100%,Ich bau dir ein Schloss,0,186946,False,0.678,0.995,3,-4.599,1,0.0681,0.076,0.0,0.379,0.742,130.013,4,disco,low
14729,46vIdPSbun5utQIiKVR2v5,The Wiggles,Party Time!,Mrs Macaroni,30,117060,False,0.778,0.715,9,-7.122,1,0.0371,0.355,0.0,0.264,0.97,107.184,4,children,medium
9601,4Ds4bq6aqOSAp1T7DikOi4,Criolo,Ainda Há Tempo,Ainda Há Tempo,44,318360,False,0.58,0.8,6,-7.528,1,0.345,0.281,0.0,0.0708,0.483,81.303,4,brazil,medium
3161,22tX97U8EfPWu1cFoqKowu,GAYLE,Coffee Moment,god has a sense of humor,0,170771,False,0.494,0.45,2,-8.072,1,0.0687,0.622,0.0,0.242,0.368,65.252,4,alternative,low
10444,5RXH5yGp6PPMdNw6P65g8e,Krafty Kuts;Dynamite MC,Masterplan EP,Masterplan (feat. Dynamite MC),14,159272,False,0.825,0.89,8,-1.508,1,0.226,0.094,0.0,0.0712,0.966,110.048,4,breakbeat,low
79412,0J2lmSTQQWhTiglHDbhLWm,Hikaru Shirosu,Op. 1: Multiverse,"Waltz No. 1, Collapse",51,156038,False,0.505,0.0239,9,-27.412,0,0.0445,0.994,0.956,0.123,0.193,155.588,3,piano,high
43835,4Xu5EU9Yus9QzHowlmVzA4,Sync 3;Ericka Nascimento,I Smile (Live at Dissenso Studio),I Smile (Live at Dissenso Studio),23,262873,False,0.538,0.427,6,-6.191,1,0.202,0.745,2.64e-06,0.104,0.727,73.738,4,groove,low
54638,6RrrUelaYY1py4TV9CrygA,Ceephax Acid Crew,Box Steady,Waltzacid,10,465721,False,0.724,0.904,8,-6.742,0,0.0487,0.209,0.87,0.585,0.766,122.002,4,idm,low
2554,2t0wwvR15fc3K1ey8OiOaN,The Strokes,The New Abnormal,Selfless,71,222093,False,0.538,0.679,4,-4.297,1,0.0333,0.191,0.00175,0.0889,0.0888,121.99,4,alt-rock,high
20218,3Nptm4N4EQynJ0iVO2jdPE,Katy Perry,Christmas Dinner 2022,Cozy Little Christmas,0,182520,False,0.775,0.608,7,-6.264,1,0.128,0.128,0.0,0.0895,0.56,137.494,4,dance,low
101120,1g14GGnGInp7IZvEqNhWqL,Traditional;Cappella Musicale di Santa Maria in Campitelli di Roma;Vincenzo Di Betta,Giovannini: Messa a Quattro Breve Concertata,Introito: In sermonibus Domini,0,166000,False,0.219,0.082,10,-26.406,0,0.0627,0.984,3.61e-05,0.606,0.0634,132.393,4,sleep,low
10043,7H0MOWplwc6gf2AD1vTSYi,The Prodigy,Music for the Jilted Generation,Voodoo People,56,387066,False,0.664,0.998,6,-5.86,0,0.0642,0.00128,0.466,0.287,0.37,149.002,4,breakbeat,high
96514,40eeLpIvzz1wRgmVHLy407,Nelson Sargento,Versátil,Falso Amor Sincero,38,140946,False,0.701,0.507,0,-9.295,1,0.0703,0.542,0.0,0.131,0.916,96.882,4,samba,medium
111976,6WDAtzaXY7d31CkuoxYFcb,Little Dragon,Machine Dreams,Feather,53,293786,False,0.663,0.831,2,-6.542,1,0.0326,0.00687,0.733,0.0271,0.743,96.666,4,trip-hop,high
33814,5dkZ2DrcPJrqwlRQe6Q35e,XXXTENTACION;Rico Nasty,#PROUDCATOWNERREMIX,#PROUDCATOWNERREMIX,55,157293,True,0.783,0.522,1,-6.229,1,0.39,0.0287,4.13e-05,0.127,0.235,145.127,4,emo,high
8729,4QIjnRz7NIkadIPXQyB3UY,Tinariwen,Africa Rising Vol.5,Cler Achel,0,267533,False,0.685,0.797,2,-5.372,1,0.0558,0.506,0.00935,0.069,0.926,98.612,4,blues,low
12881,5ql4tlxS3GtADNsSRi2GnW,Hins Cheung,Senses Inherited,百年樹木,46,306826,False,0.467,0.349,0,-7.96,1,0.0339,0.572,0.0,0.204,0.343,140.212,4,cantopop,medium
76711,03IB9CaPPpnfS0X43X2Guz,Javier Camarena;Humberto Terán;Armando Garmendi;Red Studio,Serenata,Bonita,20,217333,False,0.342,0.145,7,-17.581,1,0.0397,0.983,0.00421,0.719,0.0751,83.764,1,opera,low
54596,3PsYKvrsVB5w6YV3jxJuKP,Lusine,The Waiting Room,Stratus,11,332681,False,0.278,0.863,4,-10.739,0,0.0389,0.0134,0.764,0.126,0.344,140.048,3,idm,low
8388,0wP19iM8ULJyV0r0LFDsDv,Taj Mahal,Supa Chill,Paradise,0,251426,False,0.65,0.406,7,-13.492,1,0.0761,0.568,0.0,0.484,0.862,79.642,4,blues,low
24004,3RdTRLulAJKR5An8vgfUig,Jay Daniel,Broken Knowz,Paradise Valley,39,282266,False,0.788,0.887,10,-8.287,0,0.0548,0.449,0.896,0.11,0.405,117.813,4,detroit-techno,medium
113433,7bEqhiJ4Umi4s4QaqjLB68,Planetshakers,This Is Our Time (Live),Joy - Live,45,243200,False,0.595,0.928,0,-3.539,1,0.0679,0.000354,0.0,0.955,0.569,124.018,4,world-music,medium
7658,3sQ4frj4EV20sLuDjPHscg,Newfound Road,Somewhere Between,I Need You Lord,21,215786,False,0.623,0.378,3,-10.72,1,0.0301,0.809,0.0,0.116,0.697,117.021,4,bluegrass,low
107129,1OZpUOQumWhZ8Gr1bUsmrz,ABC,Mirando las nubes,Poison Arrow,0,203600,False,0.725,0.861,11,-6.901,0,0.0751,0.204,0.00127,0.245,0.819,125.659,4,synth-pop,low
16671,1Rnc5yUosXzrVkKSW3pa9Y,Wolfgang Amadeus Mozart;Bernhard Paumgartner;Camerata Salzburg,Mozart: A Night of Classics,"Symphony No. 30 in D Major, K. 202: IV. Presto",17,60226,False,0.494,0.252,2,-12.272,1,0.0505,0.983,0.939,0.114,0.347,99.222,4,classical,low
106984,1rUoab7MTboFPwDwr3WrPZ,Jill Johnson,JULMYS,Christmas Island,0,183600,False,0.677,0.432,0,-8.805,1,0.033,0.285,0.0,0.12,0.553,116.012,4,swedish,low
108616,4IusK4dI8G8Jow785Up1my,Carlos Gardel,Tango - Exitos De Oro De Carlos Gardel,Adios Muchachos,19,158119,False,0.615,0.293,9,-12.453,1,0.119,0.771,0.0,0.137,0.633,114.639,4,tango,low
87070,4VP37dqsrYmgYiAF7MO4i1,Chuck Berry,60s Christmas Party,You Never Can Tell - 1964 Single Version,0,163066,False,0.572,0.848,7,-10.054,1,0.125,0.739,4.67e-06,0.245,0.927,157.621,4,r-n-b,low
93564,7vWDTrEfPsNGn9a8QQoFTF,Arkadiy Pogodin,Estrada 30-kh: Luchshie otechestvennye ispolniteli 30-kh godov XX veka,Ja zhdu pis'ma,0,188787,False,0.614,0.355,9,-11.325,0,0.0406,0.965,0.00019,0.685,0.838,115.093,4,romance,low
105750,48db71uT5mlzqtkBG5BOtJ,Azurenity,Number#,Number#,35,135750,False,0.628,0.383,4,-12.266,0,0.0383,0.73,0.864,0.118,0.0677,80.003,4,study,medium
112115,6VDbIjLQx6DnRZ3lpmv9sy,Şebnem Ferah,Od,Kalbim Mezar,44,279103,False,0.414,0.921,0,-3.623,1,0.0785,0.00204,1.08e-05,0.196,0.435,194.994,3,turkish,medium
113483,5ZHd2S3xeMXKoSws9XlwKC,Jadon Lavik,Roots Run Deep,I Surrender All,50,264453,False,0.412,0.362,2,-9.556,1,0.0272,0.412,1.49e-05,0.146,0.365,77.459,4,world-music,high
80302,0fCQRUbk8LIQTdQYGNtGyv,Atif Aslam;Shreya Ghoshal,Prince (Original Motion Picture Soundtrack),Tere Liye,64,279826,False,0.624,0.906,11,-4.436,0,0.0514,0.0978,0.0,0.0963,0.632,129.99,4,pop-film,high
7869,6aViDQHPdw0UUYDGIKV8k1,Laurie Lewis;The Right Hands;Linda Ronstadt,The Hazel and Alice Sessions,Pretty Bird (feat. Linda Ronstadt),20,158973,False,0.448,0.0185,6,-13.467,1,0.061,0.945,0.0,0.165,0.272,132.063,5,bluegrass,low
13218,3adPeWTrDVIRlfKeVjQikd,Ron Trent,Jazz Funk Freedom,Sweet Chocolate,13,579546,False,0.669,0.811,1,-6.486,0,0.0545,0.0116,0.673,0.0541,0.944,123.011,4,chicago-house,low
19039,7m0ZqFw6SHoAvtEccpMOs3,Creedence Clearwater Revival,Best 70s Rock Tunes,Hello Mary Lou,2,134440,False,0.633,0.674,9,-8.638,1,0.0348,0.0572,0.00154,0.0504,0.965,103.426,4,country,low
44889,6cSbb20D4BSajDoXuu6QtF,Blue October,The Answers,Italian Radio,27,232693,False,0.35,0.831,0,-8.932,1,0.0714,0.00378,1.47e-05,0.111,0.821,198.275,4,grunge,medium
26999,48bLCSUwsZ1GKrahExEyk4,Alan Menken;Disney,La Belle et La Bête,"Transformation - From ""Beauty and the Beast""/Soundtrack Version",19,347906,False,0.21,0.196,9,-16.557,1,0.0381,0.854,0.619,0.0721,0.0687,114.714,4,disney,low
9968,7iHW8rBKb2Bt910LxiXejc,Cássia Eller;Renato Russo,Cássia Eller Em Casa,Vento No Litoral,43,356213,False,0.411,0.537,0,-6.894,1,0.0287,0.402,0.000403,0.177,0.0758,117.732,4,brazil,medium
74908,38daLrxOufsQ5yxSSG8WWt,O Teatro Mágico,Recombinando Atos (Ao Vivo),É Ela (Ao Vivo),38,225800,False,0.714,0.724,7,-8.252,1,0.0432,0.645,9.57e-05,0.884,0.621,118.06,4,mpb,medium
32843,4eN0kDhBWAE5OXePHxbgoK,Bahramji;Maneesh de Moor,Call of the Mystic,Return of the Nightingale,32,662453,False,0.687,0.4,8,-13.56,1,0.0354,0.512,0.861,0.138,0.273,150.047,4,electronic,medium
41163,3i3wh6QtIToUVT2cnIyhGU,Roffe Ruff,Och han älskade dom alla,Anna,29,199000,False,0.769,0.501,1,-7.695,1,0.0646,0.588,0.000305,0.128,0.531,88.99,4,goth,medium
54785,2d3FKikY1SYEUK89ZcPDzC,Bogdan Raczynski,Samurai Math Beats,Nihon De Homuresu,10,284400,False,0.647,0.654,7,-9.123,1,0.178,0.0336,0.913,0.112,0.353,93.084,4,idm,low
110535,6HdmuUpOb8dBBwwPCPktCW,Kathryn Gallagher,I'll Get the Coffee,I'll Get the Coffee,50,199537,False,0.805,0.533,9,-5.658,1,0.0362,0.0276,0.0578,0.203,0.547,132.979,4,trance,high
38084,4fPBB44eDH71YohayI4eKV,The Strokes,First Impressions Of Earth,You Only Live Once,72,189226,False,0.63,0.908,11,-2.42,1,0.0326,0.0238,0.592,0.116,0.968,120.522,4,garage,high
73972,6WuIENp9NXarZCn5RyRfi8,Pig&Dan;Gregor Tresher,Soulcatcher,Metalife,36,253217,False,0.749,0.875,11,-10.262,1,0.0435,0.0534,0.89,0.101,0.222,119.994,4,minimal-techno,medium
25258,5MoDQWMDMaAGDEiWsJfeCi,The Bangles,The Essential Bangles,Eternal Flame,68,238026,False,0.526,0.358,4,-7.239,0,0.0243,0.525,0.0,0.0942,0.399,78.989,3,disco,high
53325,7vXR7bMvuo6uShUFo4q6sv,Joel Corry;Mabel,Dance Dance Dance,I Wish,0,181728,False,0.686,0.856,9,-2.717,0,0.0426,0.0896,0.0,0.0648,0.733,123.997,4,house,low
100471,7hd2art8K0LIuzsUCxNaip,Bersuit Vergarabat,La Revuelta,No Te Olvides,37,228600,False,0.428,0.452,6,-10.411,0,0.0316,0.471,4.26e-05,0.237,0.488,91.812,4,ska,medium
35666,24YYtGJq4A8h5ABbXzO7EY,Washington Brasileiro,Novo Show 2021,Tô Solteiro Tô Largado,39,127481,False,0.709,0.979,1,-3.506,0,0.042,0.0512,1e-05,0.303,0.769,112.049,4,forro,medium
70672,6kZfjIUmJqQAosGKyOcOIk,Jacky Cheung;Anita Mui,他在那裡,"相愛很難 - 電影""男人四十""歌曲",52,223253,False,0.495,0.559,0,-8.888,1,0.047,0.613,0.0,0.141,0.322,134.508,4,mandopop,high
56484,73W5aXorr5vxrySFcoZqIN,Big Red Machine;Taylor Swift,How Long Do You Think It's Gonna Last?,Renegade (feat. Taylor Swift),69,254466,False,0.53,0.712,0,-8.135,1,0.0461,0.44,0.0233,0.0931,0.577,167.964,4,indie-pop,high
96277,0QIVmJRwl3nb3lPVKpC6h1,Grupo Fundo De Quintal;Zeca Pagodinho;Arlindo Cruz;Sombrinha;Almir Guineto,Ao vivo convida,Eu não quero mais - Ao vivo,41,370160,False,0.481,0.828,5,-6.444,1,0.169,0.778,0.0,0.692,0.879,116.385,4,samba,medium
58518,52uFgnp0L3nPcNWAVqX75H,Pigface,The Best Of Pigface,Nutopia,22,290573,False,0.615,0.673,2,-12.366,1,0.254,0.0013,0.029,0.17,0.382,84.933,4,industrial,low
92926,5YO6FmBuCpd5HJvT1GCYnc,Big Daddy & Rockin' Combo,Runaway,Runaway,23,166920,False,0.615,0.799,7,-8.019,1,0.0375,0.0251,0.00292,0.125,0.715,75.003,4,rockabilly,low
11706,7vvRkLPIvfjjmCIqNxBuEZ,Soul II Soul;Caron Wheeler,Keep On Movin',Back To Life,66,228266,False,0.817,0.484,7,-11.659,1,0.143,0.0515,0.000213,0.0391,0.671,100.978,4,british,high
105769,54GT5QOMYtOQUhHVkrDtOX,hope mona,castle in the sky,moats n toes!,7,172259,False,0.76,0.199,10,-16.719,1,0.0706,0.817,0.926,0.108,0.287,90.02,4,study,low
4756,4ygSSIuPuM0EYu22s8YF4t,Grandbrothers,Open,Bloodflow,52,358560,False,0.483,0.623,3,-12.925,0,0.0376,0.651,0.883,0.134,0.376,97.033,4,ambient,high
36099,31weWETfEZxvFORVi9o25F,Georges Bizet;Francesco Verzillo;Danilo Dellepiane,"Chrétien, Cohen, Rousseau, Berlioz, Barthe, Thomas, Demersseman, Verzillo, Bizer: Le trombone romantique dans la France du XIXe siècle","Carmen: ""Danse des gitans""",0,187520,False,0.594,0.0852,7,-20.606,1,0.0533,0.994,0.937,0.101,0.626,127.091,4,french,low
75576,4JyPpDem70RM8cGsRn0UqB,George Skaroulis,Passions,Don't Forget Me,21,104346,False,0.353,0.0923,7,-18.85,0,0.0688,0.993,0.935,0.14,0.0759,72.789,4,new-age,low
44745,5xiAcvS8jPpJaaSv1BWAGa,Shinedown,Somewhere in the Stratosphere,Devour - Live from Washington State,27,236213,False,0.4,0.998,0,-2.319,0,0.0997,0.000107,0.0501,0.983,0.0384,88.458,4,grunge,medium
66287,6NXUeAyVzmHayjED9mXUvk,KD Da Kid;Lani Love,Thinking Bout You,Thinking Bout You,13,234743,False,0.725,0.478,0,-8.375,1,0.147,0.0681,0.0,0.117,0.465,155.141,4,kids,low
62563,2k7lStJS8TJvMNxbdClLMD,Aqua Timez,うたい去りし花,Velonica,56,278400,False,0.495,0.925,7,-3.193,1,0.0417,0.000129,0.0,0.139,0.587,136.977,4,j-pop,high
41834,4D9zE5whi3SlYA3oCi6G9M,Roffe Ruff;Hofmästarn,Panterparken,Aldrig Mer,22,216840,False,0.634,0.588,2,-10.363,1,0.106,0.00991,0.0,0.0724,0.342,87.94,4,goth,low
5617,0l0wAGTSfjmUNoZ63WVxRZ,TrackGonEat,Ultra Instinct,Ultra Instinct,44,195000,False,0.688,0.677,1,-10.1,1,0.0291,0.000853,0.823,0.474,0.133,103.993,4,anime,medium
21354,4204hwPYuToiuSunPFUoML,Wizkid;Tay Iwar;Projexx,Made In Lagos,True Love (feat. Tay Iwar & Projexx),62,247333,True,0.85,0.542,4,-3.602,0,0.167,0.229,4.9e-05,0.079,0.622,119.747,5,dancehall,high
60887,6jR9Dj1h04dJxNu8lkmtGC,Vybz Kartel,Riddim Driven: Chrome,Little Lady,20,169000,False,0.653,0.731,4,-6.173,0,0.336,0.294,1.2e-06,0.466,0.681,117.64,4,j-dance,low
43241,5yLfP36vNfaOBH3KwiifLA,Sarah Oliveira;Eli Soares,Esperança,Esperança,34,338305,False,0.447,0.381,9,-11.352,1,0.0281,0.0758,0.0,0.083,0.196,147.873,4,groove,medium
43650,4QVUWECCW3WPs4jZOYOYTQ,Gorgon City;Katy Menditta,Sirens (Deluxe),Imagination,51,217960,False,0.682,0.701,0,-7.517,0,0.0327,0.0291,0.000643,0.298,0.402,121.989,4,groove,high
91382,6HUOCgFiY7Zl58vyDQODa0,Bryan Adams,Weihnachten Playlist,Christmas Time,0,243057,False,0.503,0.582,0,-4.324,1,0.0253,0.472,0.0,0.103,0.326,77.321,4,rock,low
103358,5hFoRO70pJ2BrgtXAAzsAr,The Jackson 5,Happy Haunted Halloween Tunes,The Boogie Man,1,178440,False,0.693,0.893,8,-3.359,1,0.0336,0.289,0.000787,0.0619,0.908,116.6,4,soul,low
21709,69GzHJZKbGZnYaEpHYaC4n,Skeng,London,London,55,151456,True,0.886,0.643,4,-8.788,0,0.157,0.529,0.0,0.0888,0.352,103.004,4,dancehall,high
57015,7EYEswNmA0XjzwUitONgzK,Deepak Rathore Project,Tuta Pull Wahan,Tuta Pull Wahan,62,313170,False,0.588,0.283,8,-12.663,1,0.0364,0.863,0.0,0.121,0.284,82.044,4,indie,high
54032,7gLVKmFdPHGTrrK5QknUnw,Rival Consoles,Now Is,World Turns,42,323919,False,0.594,0.418,8,-12.837,1,0.0285,0.107,0.917,0.112,0.0375,105.999,4,idm,medium
13445,1f7OUSPZ4rcw1yjxPxkK2N,Mike Dunn;Luke Solomon,Glitterbox - Where Love Lives,If I Can't Get Down - Luke Solomon's Extended Clubland Remix,9,340665,False,0.788,0.841,7,-7.559,1,0.0697,0.0126,0.509,0.0537,0.618,124.008,4,chicago-house,low
36919,73J45LsWHlyLrOpeWwVNE9,Vald,Gizeh,Gizeh,32,195070,True,0.567,0.665,3,-6.613,0,0.426,0.159,0.0,0.156,0.393,68.257,4,french,medium
34541,73cHWSrFWSog8yImY7PgvL,Pretenders,Perfect Christmas Hits,2000 Miles - 2007 Remaster,0,220426,False,0.292,0.709,7,-9.052,1,0.0303,0.00292,0.0267,0.102,0.452,99.303,3,folk,low
12041,0tssNyArMwsSummweNlqLn,Kelly Chen,秋日思念絮語,體會,0,265240,False,0.597,0.362,0,-9.809,1,0.0322,0.703,1.36e-05,0.0962,0.233,128.439,4,cantopop,low
72851,1wp1aHirvZihTdrtdFuFv0,Our Last Night,1-800-273-8255,1-800-273-8255,51,235250,False,0.593,0.799,4,-6.098,0,0.0317,0.00335,0.0157,0.125,0.355,99.975,4,metalcore,high
87396,2RWApboy1wKHMeLD6KlFI9,Manoella Torres,La Gran Colección del 60 Aniversario CBS - Manoella Torres,Que Me Perdone Tu Señora,46,150640,False,0.608,0.447,6,-12.151,0,0.0663,0.335,3.51e-05,0.169,0.673,90.777,4,r-n-b,medium
20010,2P91MQbaiQOfbiz9VqhqKQ,Lauv,I met you when I was 18. (the playlist),I Like Me Better,83,197436,False,0.752,0.505,9,-7.621,1,0.253,0.535,2.55e-06,0.104,0.419,91.97,4,dance,very_high
72787,44e3ja7bYx2BlxyECYVqun,Walls of Jericho,With Devils Amongst Us All,Try.Fail.Repeat,24,193493,False,0.284,0.969,7,-2.793,1,0.111,0.000178,0.0,0.0679,0.277,183.766,4,metalcore,low
26860,1UZnrzYlaJvM4MPPV19iQQ,Alan Menken;Howard Ashman;Lee Wilkof,Little Shop Of Horrors,Grow For Me - 1982 Original Cast,20,139493,False,0.656,0.391,3,-13.432,1,0.134,0.755,0.0,0.515,0.625,135.856,3,disney,low
29717,4ChBLndekjzQveHPsn3r6W,Blackmill;Veela,Miracle,Let It Be (feat. Veela),52,363433,False,0.518,0.584,3,-7.951,0,0.032,0.0134,0.0215,0.0964,0.182,139.936,4,dubstep,high
62861,3GIhgMadHu26VHLEeXviGD,DISH//,No.1 -Special Edition-,No.1,53,232906,False,0.498,0.879,1,-4.3,1,0.057,0.0216,0.0,0.112,0.64,90.495,4,j-pop,high
24993,0epPTi5SvGRX8CiWSml1kj,Inner City,Good Life - The Best Of Inner City,Fire,5,232973,False,0.726,0.655,10,-11.639,0,0.0354,0.000651,0.219,0.105,0.496,124.921,4,detroit-techno,low
83176,55y30bh2ZUtzOXjWLxn7XT,Martin Garrix;Bebe Rexha;DallasK,In The Name Of Love Remixes,In the Name of Love - DallasK Remix,57,200597,False,0.522,0.816,4,-3.156,0,0.0643,0.0126,4.19e-06,0.348,0.102,134.103,4,progressive-house,high
3018,23PvWFdi76vER4p1e2Xroj,The Killers,Workout Hits 2023,Mr. Brightside,2,223973,False,0.344,0.931,1,-3.759,1,0.0783,0.00104,0.0,0.0903,0.251,148.104,4,alternative,low
105940,7rHkXsc6Tl2Qu0IdQyx0oj,Justnormal,As We Pass By,We Talked Today,5,195000,False,0.505,0.382,4,-9.908,0,0.0449,0.827,0.103,0.0963,0.0652,79.973,4,study,low
22985,6pPZ2i39Eaptz9yBWxH8Nd,Scar Symmetry,The Unseen Empire,Astronomicon,22,243782,False,0.469,0.991,9,-3.702,1,0.155,0.0136,0.00283,0.0732,0.0628,110.022,4,death-metal,low
10480,7Em0GU0uX7BzhIzy7V5D9I,Bassnectar,Timestretch,Bass Head,45,396882,False,0.732,0.678,6,-6.631,1,0.182,0.000997,0.0505,0.108,0.0611,84.98,4,breakbeat,medium
12208,57jgqH9etSfTvIJ7qYN1o5,Shiga Lin,到此為止,到此為止,54,261571,False,0.566,0.292,8,-11.589,1,0.0312,0.621,4.05e-06,0.152,0.396,135.818,4,cantopop,high
87340,1ZcvdGsORCJlk0H1hwgAFt,Legião Urbana,A Tempestade,Dezesseis / Música Incidental: ''Strawberry Fields Forever'',46,323840,False,0.454,0.87,10,-5.358,1,0.0387,0.000226,0.000232,0.0885,0.4,146.878,4,r-n-b,medium
40623,2LUxOHDMLlfkhupqcg8eJn,Stella Laura,Deus Vai Te Honrar,Deus Vai Te Honrar,40,262250,False,0.555,0.641,4,-3.68,1,0.0288,0.257,0.0,0.117,0.344,119.87,4,gospel,medium
65322,4ghGrdxwqLA6ZoCiu0u4IR,BLACKPINK,Kill This Love,Don't Know What To Do,66,201081,False,0.628,0.64,6,-4.164,0,0.0491,0.0992,0.0,0.138,0.409,129.815,4,k-pop,high
102967,78vv48Ic6syaE6kWqDGY47,Catie Turner,i luv him.,i luv him.,59,225823,False,0.647,0.176,0,-9.501,1,0.0751,0.854,0.0,0.199,0.441,122.795,4,songwriter,high
25545,4GQlf3SQHXypilLs7WThUU,Nockis,Nockalm Gold,"Jenny, Jenny",34,211360,False,0.633,0.817,4,-8.255,1,0.0427,0.277,3.69e-05,0.256,0.963,150.678,4,disco,medium
38768,1F5RxLHyE60WQGmxnNajeR,Good Doogs,Tried My Best,Tried My Best,25,168698,True,0.347,0.871,9,-10.133,1,0.0405,1.38e-05,0.569,0.324,0.452,162.789,4,garage,medium
103773,7fJCh476dJ84H0WzUeOjXE,Solomon Burke,Perfect Christmas Hits,Presents for Christmas,0,193493,False,0.594,0.815,10,-9.223,0,0.216,0.668,0.0,0.324,0.54,114.316,4,soul,low
69219,1GHFHyDdpIdU3uIP3cFurO,Job Kurian;Neha Nair,22 Female Kottayam (Original Motion Picture Soundtrack),Melle Kollum,35,276520,False,0.634,0.555,8,-8.264,0,0.0244,0.433,0.349,0.148,0.516,104.988,4,malay,medium
98101,7qqnbgkCwchM2CZnATg4nX,Lin-Manuel Miranda;Opetaia Foa'i,Moana (Original Motion Picture Soundtrack/Deluxe Edition),We Know The Way - Finale,36,69120,False,0.495,0.839,9,-8.744,1,0.0529,0.551,7.08e-06,0.0862,0.122,101.08,4,show-tunes,medium
58391,1PHKSxXvoHniClE3aUzx34,Amduscia,Existe,Impulso Biomecanico,25,332626,True,0.566,1.0,3,-7.472,0,0.0701,0.131,0.0295,0.0782,0.224,138.016,4,industrial,medium
104917,4aWuoE57P5KteX0L57OrJs,Abraham Mateo,Ahora Te Puedes Marchar,Ahora Te Puedes Marchar,60,150257,False,0.791,0.722,8,-3.031,1,0.0456,0.068,0.0,0.0524,0.961,133.076,4,spanish,high
59769,4NRZLLzG8Uluf3qC3xRJUg,Ixuol,Girih: Iranian Sound Artists,InTec_06,1,332000,False,0.341,0.29,9,-15.523,0,0.0346,0.889,0.949,0.0785,0.0547,79.419,4,iranian,low
104992,7H0PDJwUMTdwQEBb3gXMeI,Café Quijano,La taberna del Buda,Desde Brasil,56,232640,False,0.631,0.879,6,-5.476,0,0.0324,0.329,0.000378,0.0805,0.847,156.12,4,spanish,high
41761,19HbAQq7QgHrvpX8JLrCmN,Sirenia,"Riddles, Ruins & Revelations",We Come to Ruins,21,312966,False,0.432,0.928,9,-5.329,0,0.0582,0.000418,0.00716,0.693,0.16,92.009,4,goth,low
15506,3GP7l2bmXT6T2FNAzERwBr,Christian Kuria,Borderline,Too Good,67,277500,False,0.69,0.406,5,-9.41,0,0.106,0.232,1.88e-06,0.145,0.507,160.14,4,chill,high
58146,6aRacSekUdEdxTRhByXuCk,Murderdolls,Metal,Blood Stained Valentine,0,257825,False,0.563,0.942,5,-2.802,0,0.0505,0.000336,7.06e-05,0.115,0.732,75.005,4,industrial,low
45578,4D4iN6ISkDuDAnILbHskAF,Kuana Torres Kahele,Kahele,Waipi'o Paeaea,23,297093,False,0.353,0.383,2,-8.027,1,0.0283,0.715,0.0,0.131,0.408,173.794,4,guitar,low
73282,3PpMfZDmJRjsiUCUwYPFqT,Worakls;Boris Brejcha,"Hungry Music Remix, Vol. 1",Toi - Boris Brejcha Remix,39,468480,False,0.822,0.429,2,-11.657,1,0.0835,0.00331,0.601,0.0874,0.165,124.992,4,minimal-techno,medium
113060,0Yb8wF1HLvel0RYqHHeAUi,Passion;Melodie Malone,Whole Heart (Live),Reckless Love - Live,45,343320,False,0.522,0.689,0,-4.575,1,0.0286,0.129,2.41e-06,0.16,0.0763,111.606,4,world-music,medium
89438,1DGt4mkDsqguGSLYFerzKO,Brray;Chencho Corleone,Noche de Halloween Latino,El Querendón,1,168466,True,0.803,0.866,3,-4.503,0,0.0627,0.122,0.0153,0.193,0.772,95.008,4,reggaeton,low
57856,3Q5JcxqKmSE9hKGk3WmspW,Sajjan Raj Vaidya;Yabesh Thapa,Katha: Episode V - Alapatra,Katha: Episode V - Alapatra,45,333000,False,0.47,0.2,11,-11.224,1,0.0387,0.784,2.07e-05,0.104,0.308,132.365,3,indie,medium
40518,3RWAeIE2pfAeIvvsSn6D5G,Trazendo a Arca,"Ao Vivo no Maracanãzinho, Vol. 2 (Ao Vivo)",Marca da Promessa - Ao Vivo,40,487173,False,0.327,0.786,7,-6.205,1,0.0595,0.00566,0.0,0.738,0.266,78.036,4,gospel,medium
75538,6RywyLbrxhY5Ds7Ba2OT9Y,Paul Cardall,Hymns,He Is Risen,22,155333,False,0.428,0.202,5,-13.459,1,0.048,0.958,0.894,0.0881,0.277,144.103,4,new-age,low
10015,62gxgaPO9glD56Kt17KXFX,Bassnectar,Vava Voom,Empathy,42,260571,False,0.382,0.976,11,-2.909,1,0.0729,1.28e-05,0.556,0.109,0.337,140.014,4,breakbeat,medium
6657,45znDER6ghdltzbU6EyvPR,Unanimated,Ancient God Of Evil,Eye Of The Greyhound,18,271413,False,0.253,0.956,7,-6.385,1,0.157,2.54e-05,0.00612,0.44,0.126,129.066,4,black-metal,low
60866,5s0EfEeKJcmqfE4nalOvcG,Vybz Kartel,She Say,She Say,19,158567,True,0.845,0.841,1,-4.983,1,0.208,0.261,0.0,0.0375,0.584,105.99,4,j-dance,low
72698,4GjHhBFWiB7uozqC9ErzZm,Project46,Tr3s,Terra de Ninguém,28,264228,False,0.342,0.993,1,-3.618,1,0.237,0.000365,0.000435,0.648,0.039,110.039,4,metalcore,medium
95509,7JRxhVAJDCye7fHjFufJ41,Marc Anthony,The Cali Sessions,#NAME?,30,283167,False,0.588,0.471,7,-14.093,1,0.0371,0.609,0.0441,0.277,0.761,97.371,4,salsa,medium
106607,3WtsQAngIkmcNeqVeK3fXQ,Opeth,Damnation,In My Time of Need,52,346733,False,0.471,0.604,4,-6.014,0,0.0286,0.00161,0.154,0.166,0.187,137.388,4,swedish,high
59966,4bRNKY1PqPtK6KcmOwLYCM,Rojin Sharafi,Urns Waiting To Be Fed,The Last Urn Broke,0,472500,False,0.439,0.79,10,-10.91,0,0.258,0.498,0.812,0.354,0.263,169.516,4,iranian,low
84853,3Smida2eCUsLzDcmZqXEZ3,The Beatles,1 (Remastered),Help! - Remastered 2015,56,139240,False,0.602,0.736,11,-6.51,0,0.0332,0.149,0.0,0.0776,0.819,94.931,4,psych-rock,high
63987,5NootbNcFG4J7v38c2dUFj,GLAY,REVIEWⅡ 〜BEST OF GLAY〜,彼女の“Modern…” (Anthology Remix),32,271120,False,0.508,0.96,11,-2.391,0,0.0477,0.000817,4.91e-06,0.236,0.653,150.251,4,j-rock,medium
95749,51QsdN4xBmkLhtqNi0J40l,Willy Chirino,Sergio George Presents Salsa Giants (Live),Medias Negras - Live Version,29,352480,False,0.705,0.826,10,-5.341,0,0.0382,0.372,0.0201,0.953,0.82,91.065,4,salsa,medium
29359,72gzwCIiuhigAGECE7vDoT,ATLiens;Badrapper,IMMA,IMMA,39,199384,True,0.814,0.747,11,-4.092,0,0.104,0.00545,0.412,0.114,0.353,130.076,4,dubstep,medium
39491,15Ms8h8ifZwCdMTQEM3BOI,Mickie Krause,Karneval 2022 100%,Nur noch Schuhe an - Party-Version 2013,0,221440,False,0.506,0.998,11,-1.502,1,0.132,0.0665,0.0,0.468,0.54,144.925,4,german,low
75158,32XaztuLe1sqksZIsMFQ6E,Yanni,In My Time,Enchantment,41,233493,False,0.26,0.139,3,-20.144,1,0.0372,0.97,0.94,0.376,0.0627,121.824,3,new-age,medium
8726,2v4kwDZ6tYZKntfryG4bmX,Big Yayo;Omar Cunningham,The Boots on Song (feat. Omar Cunningham),The Boots on Song (feat. Omar Cunningham),34,239830,False,0.905,0.569,4,-4.481,0,0.0829,0.0349,0.0,0.458,0.704,91.994,4,blues,medium
86011,3IgHYw4c6PJ5ZZscM1158w,blink-182,12 Days of Christmas 2022,I Won't Be Home For Christmas,1,198093,False,0.347,0.942,7,-5.517,1,0.0913,0.00196,0.0,0.338,0.66,200.025,4,punk,low
31237,2W8Y6xiyEnDsz4zABKAxQf,Alec Benjamin,Hit After Hit,Devil Doesn't Bargain,0,163613,False,0.448,0.606,3,-4.565,1,0.0609,0.577,0.0,0.217,0.483,121.15,4,electro,low
1218,0lG2LQ2t8sUXzVef5SYjEj,Thiago França,A Espetacular Charanga do França,Cumbia Cumbia,25,207307,False,0.893,0.728,5,-7.742,0,0.0893,0.327,0.000288,0.041,0.924,94.067,4,afrobeat,medium
57792,5hljqZrl0h7RcIhUnOPuve,Arctic Monkeys,The Car,Sculptures Of Anything Goes,0,239151,False,0.591,0.309,4,-11.087,0,0.0287,0.704,0.0122,0.102,0.257,71.573,4,indie,low
80331,3phw912iJRhtMfsdJ1k3Sr,Atif Aslam;Jam8,"Darasal (From ""Raabta"")","Darasal (From ""Raabta"")",63,274354,False,0.705,0.422,0,-7.375,1,0.0299,0.793,0.0,0.0895,0.482,117.948,4,pop-film,high
4647,3t0taPa9HNOXF1kCB00G3P,Little Symphony,Serenity,Kalambo,27,45714,False,0.18,0.0968,0,-22.729,1,0.0478,0.863,0.938,0.12,0.388,80.867,1,ambient,medium
2121,1aL952bo0KZTPevSl3207C,3 Doors Down,Rock Workout 2023,Kryptonite,1,234626,False,0.544,0.848,11,-6.804,0,0.0288,0.00395,5.22e-05,0.134,0.489,99.039,4,alt-rock,low
70842,3UDb3MiDrkUPLMvKBWy0Sn,Stefanie Sun;JJ Lin;Aisyah Aziz;The Sam Willows;Taufik Batisah;Shabir;Kit Chan;Dick Lee;Brian Richmond;Pan Xiu Qiong;Tracy Huang;Rahimah Rahim;Louis Soliano;Jacintha Abisheganaden;Ramli Sarip;Sheikh Haikel;The Lion City Boy;ShiGGa Shay;Yung Raja;Fariz Jabba;Wheelsmith;Syah Riszuan;Nurjannah Qurratul’ Farhaien;Caitlin Tan;Heema Izzati Zainudin;Jordin Tan,Our Singapore 2019,Our Singapore - NDP 2019 Theme Song,39,240419,False,0.43,0.264,2,-15.309,1,0.063,0.797,5.68e-06,0.326,0.286,104.083,4,mandopop,medium
57082,4pt5fDVTg5GhEvEtlz9dKk,Måneskin,Teatro d'ira - Vol. I,I WANNA BE YOUR SLAVE,83,173346,True,0.75,0.608,1,-4.008,1,0.0387,0.00165,0.0,0.178,0.958,132.507,4,indie,very_high
113883,0mhKPUIHNEz4tuWNxNEqCS,Bethel Music;Paul McClure;Hannah McClure,Homecoming (Live),I Belong To Jesus - Live,50,519770,False,0.462,0.613,9,-8.559,1,0.0328,0.254,7.74e-05,0.124,0.259,133.851,4,world-music,high
83387,4SRdEjyr9KFDlCpodtOHV2,KSHMR,Anywhere's Home (Chill Mix),Anywhere's Home - Chill Mix,52,194516,False,0.693,0.777,9,-7.752,0,0.133,0.12,1.32e-05,0.097,0.138,124.001,4,progressive-house,high
77253,4JdTgsFlqD5k40sI3seZCX,"Bala, Bombom e Chocolate",Festa Boa,Caixa Postal,47,230204,False,0.679,0.62,0,-8.267,0,0.0297,0.691,0.0,0.112,0.792,88.625,4,pagode,medium
66196,5hyDNeeNfADT8UzihOjpw4,Choo Choo Soul,Choo Choo Soul,Fly Birdy Fly - Original Version,17,128373,False,0.912,0.874,10,-4.923,0,0.147,0.0328,1.19e-05,0.0446,0.828,94.98,4,kids,low
76273,47FXz8qV9B45S1OYPjJ3ag,Giacomo Puccini;Kiri Te Kanawa;National Philharmonic Orchestra;Sir Georg Solti,The Essential Kiri,"Tosca / Act 2: ""Vissi d'arte, vissi d'amore""",25,206266,False,0.248,0.107,3,-20.641,1,0.0464,0.988,0.00201,0.209,0.0385,97.887,3,opera,medium
74386,2JANMglHHsAFlwNELzTCyv,Liniker;Milton Nascimento,Indigo Borboleta Anil,Lalange,43,257514,False,0.538,0.399,5,-10.215,1,0.0373,0.748,0.0,0.111,0.275,113.92,3,mpb,medium
86749,7pjj6hVH1uh9Mf6rQ6QO0O,Hjalle & Heavy,På Rymmen,En Kungens Man,38,134493,False,0.547,0.898,7,-6.213,1,0.0589,0.049,0.0,0.0681,0.647,95.612,4,punk,medium
88986,2HXP76Wr3Cj2MlUQVa80Zi,Maneva,8 Anos (Ao Vivo),Vem Ver (Ao Vivo),44,244837,False,0.624,0.366,4,-12.763,0,0.037,0.643,5.38e-05,0.684,0.677,135.842,4,reggae,medium
97303,1X31OKPeVnHC8X1F7YwOPT,Henrique & Juliano,Novas Histórias (Ao Vivo / Deluxe),Nada Nada - Ao Vivo,50,156721,False,0.607,0.948,9,-3.282,1,0.0509,0.295,0.0,0.368,0.883,169.863,4,sertanejo,high
72910,1Uo51u6JqpIroI98zyhCvE,Spiritbox,Rule Of Nines,Rule Of Nines,55,211154,False,0.268,0.949,1,-5.859,1,0.134,1.42e-05,0.0759,0.314,0.261,116.375,4,metalcore,high
9257,1TH76WANjOJrmHKDQP9n4u,Murica;BEATDOMK,Fome,Fome,48,131643,True,0.637,0.394,0,-11.175,1,0.317,0.399,0.000884,0.107,0.225,88.145,4,brazil,medium
25743,1izYsPYojfTT5YGETBlyIw,Scotch,Evolution (Deluxe Edition),Disco Band,30,243866,False,0.816,0.71,0,-7.779,0,0.0343,0.158,0.00012,0.306,0.928,112.779,4,disco,medium
220,5pEmeoMUW38w1oU3kPelvR,Andrew Belle,Nightshade,Spectrum,54,265506,False,0.539,0.717,3,-7.385,1,0.031,0.000298,0.111,0.125,0.212,117.973,4,acoustic,high
73625,7kyiQ2oxgT0XX8yhzBWE6t,Worakls,Orchestra,Cloches,46,419047,False,0.788,0.516,9,-9.594,0,0.0379,0.064,0.907,0.0499,0.0998,125.993,4,minimal-techno,medium
85249,5xLS6LJOlPm7m0AMTctkYD,The Pogues;Kirsty MacColl,Christmas Music - Holiday Hits,Fairytale of New York (Edit) - Radio Edit,0,275896,False,0.38,0.346,2,-14.313,1,0.0417,0.648,0.000139,0.0511,0.358,117.916,3,punk-rock,low
97898,6lXEkb1afJDm7eQ1W8pXHI,Matogrosso & Mathias,Gigantes,Na hora do adeus,44,238640,False,0.489,0.684,9,-7.933,0,0.0287,0.243,0.0,0.261,0.553,92.088,4,sertanejo,medium
110013,6NJOOWpT5g3Y46G2qtRejH,Tiësto;Stevie Appleton,pov: it's 2020,BLUE,2,167858,False,0.744,0.725,11,-6.056,1,0.0303,0.0179,1e-05,0.212,0.902,118.035,4,trance,low
16887,1HxcdVSe2UUdU4RBVOXM9h,Wolfgang Amadeus Mozart;Wiener Mozart Ensemble;Willi Boskovsky,Mozart - Inspiring Classics,"Contredanse in C, - ""La Bataille"", K.535",1,92000,False,0.622,0.369,0,-11.734,1,0.048,0.906,0.305,0.044,0.584,125.855,4,classical,low
84138,5Yi7LVz0rVo2aYN34Hyv1U,Cream,(60's) Sixties Collected Volume 2,I Feel Free - Remastered,0,172760,False,0.371,0.601,9,-8.431,1,0.0277,0.137,5.53e-05,0.15,0.596,87.975,4,psych-rock,low
56667,5SfZiWzTMrIXHBrVhpa4IY,OAFF;Savera,Gehraiyaan (Original Background Score),Attraction - Background Score,42,71336,False,0.426,0.414,9,-13.719,0,0.0541,0.695,0.884,0.103,0.0423,114.888,4,indie-pop,medium
81230,2fqW8A7qmNqILZe4roj2Dx,Ed Sheeran;Elton John,Christmas Music - Holiday Hits,Merry Christmas,5,208546,False,0.594,0.935,0,-2.018,1,0.0357,0.243,2.36e-06,0.102,0.602,113.99,4,pop,low
57503,6RK3IsiUW6YaSMEodbO4tk,M83;Felsmann + Tiley,Solitude (Felsmann + Tiley Reinterpretation),Solitude - Felsmann + Tiley Reinterpretation,72,222354,False,0.367,0.202,0,-11.342,1,0.0313,0.668,0.145,0.109,0.0362,121.865,4,indie,high
112606,0wXPE7CGCd8KKPPi9G4EA7,Saian;NORA,KUZ,KUZ,39,201000,False,0.771,0.432,7,-13.271,1,0.0816,0.155,0.427,0.107,0.0788,119.97,4,turkish,medium
55071,7ut6ZuyNo2OYnGDwlheIch,Pritam;Shashwat Singh;Antara Mitra;Arijit Singh,"Kesariya (Dance Mix) [From ""Brahmastra""]","Kesariya (From ""Brahmastra"") - Dance Mix",64,197400,False,0.7,0.699,10,-4.193,0,0.0531,0.45,0.0,0.103,0.567,100.037,4,indian,high
43850,7IM73yy9leN8ftZsOVmVTO,Chris Lake,I Want You,I Want You,49,248006,False,0.776,0.883,11,-5.845,0,0.0712,0.00426,0.351,0.0571,0.676,125.008,4,groove,medium
93571,1VtzsBQdKDXoI2wgV83vwh,Vadim Kozin,Праздничный концерт к 1 Мая,Выйду на улицу,0,131279,False,0.379,0.549,2,-7.789,0,0.0594,0.807,0.076,0.176,0.602,150.257,3,romance,low
92913,5EXFyvILBXij8ypL2GIBvU,BOØWY,PSYCHOPATH,CELLULOID DOLL,24,153133,False,0.703,0.977,4,-5.144,1,0.0474,0.0218,0.000277,0.193,0.795,106.306,3,rockabilly,low
78076,4bj0Wmx0UAYNoLv8UXYSyD,Mickie Krause,Best Of Karneval,Nur noch Schuhe an - Party-Version 2013,0,221440,False,0.506,0.998,11,-1.502,1,0.132,0.0665,0.0,0.468,0.54,144.925,4,party,low
83012,7fYRg3CEbk6rNCuzNzMT06,Calvin Harris;Dua Lipa;Young Thug,Potion (with Dua Lipa & Young Thug),Potion (with Dua Lipa & Young Thug),79,214459,True,0.824,0.697,11,-4.869,0,0.0473,0.158,4.11e-05,0.077,0.757,99.988,4,progressive-house,very_high
85084,4hPJ1gPE9nex8f8kcPskAb,New Order,Maintain Your Mojo,World in Motion,1,272133,False,0.609,0.93,1,-5.861,1,0.0511,0.0273,0.0327,0.107,0.729,123.908,4,punk-rock,low
13963,7JI08I7S0yqg1hUDwEcrkV,Paul Johnson;Angel Alanis,Get Get Down,Get Get Down - Angel Alanis Mix,7,518559,False,0.734,0.811,1,-5.988,1,0.188,0.0319,0.731,0.0897,0.197,130.013,4,chicago-house,low
27794,5YkqiihRgtTwNq3kMr5TiK,BCee;Charlotte Haining;S.P.Y,Life as We Knew It,Remind Me - S.P.Y Remix,16,276279,False,0.535,0.842,10,-4.281,0,0.0474,0.00405,0.232,0.283,0.106,172.025,4,drum-and-bass,low
73122,1Q4iH1FFNBigEIuMRlCs4H,Joris Voorn;Kid A;Christian Löffler,Nobody Knows Remixes,So Long - Christian Loeffler Remix,53,307423,False,0.496,0.465,6,-10.03,1,0.0421,0.0325,0.706,0.0648,0.0781,117.0,4,minimal-techno,high
82249,0hyHlv8GgTPJIx8vn2QxwC,Marshall Crenshaw,Classic USA Pop,Mary Anne - Remastered,27,175266,False,0.663,0.94,0,-7.174,1,0.0533,0.0821,0.00364,0.125,0.658,120.799,4,power-pop,medium
73311,5PRdzrncmga9ieUFVrlE41,Pional,When Love Hurts,Of My Mind,49,252598,False,0.717,0.486,4,-11.511,0,0.0473,0.284,0.536,0.348,0.423,121.05,4,minimal-techno,medium
1943,3vwdW69EVO94KyexY8gBwA,Jackie Mittoo,Keyboard King at Studio One,Drum Song,18,264133,False,0.694,0.412,6,-12.59,1,0.0371,0.166,0.818,0.0835,0.623,95.805,4,afrobeat,low
49185,5lrgHxABqKMFyZGlEJtb1A,Rejecta,Let My Tape Rock,Let My Tape Rock,29,218322,False,0.516,0.869,6,-4.671,0,0.114,0.0736,4.5e-05,0.737,0.192,155.027,4,hardstyle,medium
91893,7IMnJ5f7mRoGTtf8TPAILw,Volbeat,Halloween Party 2022,The Devil's Bleeding Crown,0,238653,False,0.321,0.909,11,-4.612,1,0.041,1.62e-05,0.139,0.0442,0.209,109.653,3,rock,low
26851,4WQk59pIrRJxd0xAjkFH7E,Alan Menken,Aladdin (Original Motion Picture Soundtrack),Breaking In,36,106643,False,0.203,0.478,2,-13.208,1,0.0423,0.148,0.889,0.101,0.178,142.105,4,disney,medium
29451,6CuZdREmOBQGGfRufhcOIm,NURKO;Brayden Kehler,If It Isn't You,If It Isn't You,40,232615,False,0.514,0.476,7,-7.979,1,0.0359,0.283,0.0,0.107,0.125,129.964,4,dubstep,medium
105153,7DR02Su5fawrNTh03YVRib,4to28,Neblina,Neblina,45,196235,False,0.6,0.682,0,-13.52,1,0.0425,0.268,0.853,0.0906,0.914,170.004,4,study,medium
71608,77tR4iQgyQTAnhhuPik3ZP,Escape the Fate,Ungrateful (Deluxe),One For the Money,65,199950,False,0.525,0.964,5,-3.451,0,0.0571,0.000328,5.5e-06,0.0527,0.385,90.013,4,metal,high
95017,1VI5OuEtgJC9w284xnSL3O,Frankie Ruiz,Carrete familiar,Desnúdate Mujer,0,289373,False,0.661,0.849,7,-4.315,1,0.033,0.355,1.22e-05,0.31,0.931,99.266,4,salsa,low
56609,2qGFXgaIM0EJxrBe5mtnZM,NAALAYAK,Zakir (Acoustic),Zakir - Acoustic,40,210000,False,0.581,0.288,7,-9.831,1,0.0387,0.712,0.0,0.0646,0.438,144.074,4,indie-pop,medium
77383,0TdVVky1bm2HnamYfkk8X7,Xande De Pilares,Gratidão,Gratidão,47,243071,False,0.626,0.749,0,-6.105,1,0.102,0.408,0.0,0.0783,0.921,75.79,4,pagode,medium
75073,6IQBnoeLPehnJaE6sKMhVs,Laura Sullivan,A Thousand Years (Piano Version),A Thousand Years (Piano Version),54,148369,False,0.316,0.0831,10,-25.582,1,0.0427,0.989,0.929,0.161,0.276,148.688,3,new-age,high
3789,1M0RL0QLS6P25NwhPwOKaE,Curren$y,Power Rap,All wit My Hands,0,148440,True,0.451,0.82,9,-4.524,1,0.242,0.0526,1.58e-06,0.148,0.39,85.758,4,alternative,low
97954,3VBvSPELTk4p5fiPZiiik3,Jorge & Mateus,Amor Covarde,Amor Covarde,44,214026,False,0.567,0.474,5,-6.806,1,0.027,0.293,0.0,0.226,0.415,130.036,4,sertanejo,medium
77611,6aI0ILvU32mY1L2u4sFzNU,Péricles;Thiaguinho,No Fundo dos Meus Olhos (Ao Vivo),No Fundo dos Meus Olhos - Ao Vivo,43,211471,False,0.53,0.67,0,-5.788,1,0.0504,0.709,0.0,0.972,0.704,144.177,4,pagode,medium
71730,1Gqpa08T7eBAvPQj9O9L2Q,"Fear, and Loathing in Las Vegas",All That We Have Now,Just Awake,58,218573,False,0.357,0.98,5,-1.286,0,0.153,0.00143,0.0,0.196,0.567,191.147,4,metal,high
48122,7gKgd0P3dAAePiSQQBqrlf,Busta Rhymes,Genesis,Break Ya Neck,69,231240,True,0.82,0.809,4,-6.759,0,0.251,0.443,0.00175,0.0613,0.737,83.011,4,hardcore,high
24556,1P8RI8E5V9J05wkZCEAdjw,Orlando Voorn,I Have You,I Have You,6,415440,False,0.731,0.753,10,-9.894,0,0.0425,0.0971,0.421,0.134,0.582,123.957,4,detroit-techno,low
29766,0nDgqeSFjVBwldhYH8MTGU,Dodge & Fuski;Virtual Riot,Alien,Alien,41,185600,False,0.529,0.995,6,-4.264,1,0.129,0.00866,0.0725,0.116,0.208,74.981,4,dubstep,medium
64802,4Ylqc711Eq763XbTAOABu3,Doris Day;Frank DeVol & His Orchestra,Doris Day - Her Greatest Songs,"Que Sera Sera (Whatever Will Be, Will Be) [From ""The Man Who Knew Too Much""] (with Frank DeVol & His Orchestra)",51,124880,False,0.4,0.422,9,-9.16,1,0.0379,0.855,0.0,0.722,0.743,175.838,4,jazz,high
51313,0WNCYgCd33LnBnw22WFuq8,Mustafa Zahid,Aashiqui 2,Bhula Dena,63,240723,False,0.515,0.508,4,-6.66,0,0.0297,0.633,0.0,0.203,0.235,131.731,4,hip-hop,high
85454,5fZ4BFeBjmntYJgrGJBa6k,Distimia Agorafóbica,Afugias,Cayendo,39,246888,False,0.679,0.494,11,-12.167,0,0.0333,0.000431,0.000206,0.132,0.704,95.512,4,punk-rock,medium
103155,3GZD6HmiNUhxXYf8Gch723,Frank Ocean,channel ORANGE,Lost,85,234093,True,0.913,0.603,8,-4.892,1,0.226,0.0272,0.000503,0.167,0.497,123.061,4,soul,very_high
59836,4obJtkTzN2YqRwcltTu97a,Jaleh Negari,Weaver ~,the harvester,0,329273,False,0.185,0.428,0,-16.046,0,0.0571,0.496,0.771,0.364,0.0353,133.922,3,iranian,low
99199,6X16lGke7rTFXp8nlABGS1,Annie Lennox,Weihnachtslieder 2022,Angels From The Realms of Glory,0,240146,False,0.523,0.322,0,-8.957,1,0.0285,0.535,0.0,0.132,0.3,126.002,4,singer-songwriter,low
93481,0bWAjywvZX6qiyy6R0ocWz,Boris Shtokolov;Оркестр штаба Ленинградского Военного округа,"Люблю тебя, Петра творенье...",Ночь светла (feat. Оркестр штаба Ленинградского военного округа),0,174453,False,0.331,0.29,3,-12.592,0,0.0411,0.98,0.0154,0.0962,0.366,138.567,4,romance,low
25025,2bnZSwkcI8Wd2qSQg4xQsd,Cyndi Lauper,Holly Jolly Christmas,Hard Candy Christmas,0,231981,False,0.549,0.361,0,-8.364,1,0.0235,0.742,0.0,0.0978,0.334,93.777,4,disco,low
70133,1VY48jCBWuapKl0N5MXoJD,Karen Mok,就是莫文蔚,忽然之間,57,199249,False,0.73,0.335,2,-10.13,1,0.0405,0.674,0.0,0.177,0.332,138.075,4,mandopop,high
101153,1IBASwSvLUW0NizZ0lFXnT,Traditional;phil Blech Wien;Anton Mittermayr,Classical Christmas,O du fröhliche,0,186386,False,0.307,0.0646,5,-13.492,1,0.0312,0.994,0.905,0.0636,0.216,104.431,4,sleep,low
33403,4EfcBQEzf6D3h2VrLD4tsX,ilyTOMMY,Us vs the World,Us vs the World,61,122150,False,0.826,0.26,2,-15.202,1,0.168,0.538,0.0,0.0898,0.245,110.079,4,emo,high
53256,2okJwvZaFNtnicAkgB6GFW,Galantis;Ship Wrek;Pink Sweat$,Happy Commute,Only a Fool,0,166687,False,0.729,0.619,5,-6.155,0,0.0346,0.0451,0.0,0.0953,0.623,123.061,4,house,low
64995,1hLRoUONVzeTkWZT7pCuvs,Judy Garland,Rockin' Around The Christmas Tree 2022,Have Yourself A Merry Little Christmas,0,165026,False,0.23,0.163,6,-14.909,1,0.0351,0.97,0.00424,0.262,0.102,102.777,3,jazz,low
32168,6BSPfADBMriOIJmiNnc6mC,GRAVEDGR;City Morgue,6 FEET UNDER,WARDOGZ,55,154616,True,0.619,0.899,4,-3.914,0,0.397,0.0689,0.0,0.106,0.507,150.186,4,electronic,high
15997,0hVvkB1j1SC9FQHShpQoYU,Alex1,Late Night Trips,Late Night Trips,63,97436,True,0.824,0.459,0,-12.061,0,0.42,0.24,1.06e-06,0.139,0.4,137.999,4,chill,high
82209,08nbKZTgrxdObcdVFVX6W2,Shannon & The Clams,Onion,Did You Love Me,28,212080,False,0.219,0.706,9,-6.931,1,0.0384,0.086,0.922,0.685,0.43,149.775,3,power-pop,medium
87625,6BWE6wckWmrq7bJ78s7y0y,Joan Sebastian,En Vivo En La México,Poema - En Vivo,43,45453,False,0.612,0.522,10,-17.336,1,0.924,0.932,0.0,0.723,0.386,123.933,5,r-n-b,medium
66640,1noVFMjvEf8ESzeK3DzJmV,Mini Pop Kids,Mini Pop Kids 17,"Thank U, Next",10,209360,False,0.543,0.44,1,-8.218,1,0.223,0.261,0.0,0.119,0.342,93.907,1,kids,low
4930,66Q6qHI1mPeGiUj85F9ZGu,Fabrizio Paterlini,Historiette No. 5,Historiette No. 5,49,197982,False,0.239,0.237,2,-18.392,0,0.0522,0.989,0.879,0.108,0.231,83.403,1,ambient,medium
26587,5KAYnOSvePNa6zXMbbg9hX,Chorus of Pinocchio,Pinocchio (Deutscher Original Film-Soundtrack),"Wenn Ein Stern In Finst'rer Nacht - aus ""Pinocchio""/Deutscher Film-Soundtrack",21,194893,False,0.159,0.256,2,-13.429,1,0.0344,0.975,0.0159,0.324,0.0519,82.397,3,disney,low
82902,3g2gQMeeQAEPztiQKMlGSl,Weezer,Pinkerton,El Scorcho,56,243466,False,0.479,0.707,1,-4.968,1,0.0659,0.0471,0.0,0.0932,0.661,148.092,4,power-pop,high
48839,5MvjaNe8XPQUIkm6p8nCbe,Los Prisioneros,"Estadio Nacional (En Vivo, Remasterizado 2019)",¿Por Que los Ricos? (En Vivo),31,290573,False,0.659,0.937,10,-6.409,0,0.0624,0.0225,1.33e-05,0.99,0.495,103.298,4,hardcore,medium
38190,7bfocP7GYoLOutUYpTI8tx,The Strokes,Comedown Machine,Welcome To Japan,63,230826,False,0.705,0.666,2,-7.23,0,0.0303,0.00233,0.0149,0.174,0.646,124.032,4,garage,high
77062,7gGCGzNFmW0xjhA8dA3Y5w,LUDMILLA,Numanice (Ao vivo),Mande Um Sinal / Sinais - Ao vivo,56,281421,False,0.435,0.704,4,-6.721,1,0.0391,0.724,1.17e-06,0.0904,0.763,159.196,4,pagode,high
62299,2bGfiXJK08TgjT3wMasCfV,Jamie Cullum,Santa Claus Is Coming To Town,Show Me The Magic,0,150412,False,0.569,0.489,5,-5.594,0,0.04,0.238,0.0,0.29,0.543,123.573,4,j-pop,low
60006,60K1hJKpHcsqzXhVxRAscj,AMARIA BB,What's Done in the Dark,Slow Motion,34,166000,True,0.733,0.479,11,-9.27,0,0.301,0.575,0.00053,0.0831,0.485,88.742,4,j-dance,medium
20241,0BVslzxSY5Z78WboakxrB1,Katy Perry;Skip Marley,Concierto en la ducha,Chained To The Rhythm,0,237733,False,0.562,0.8,0,-5.404,1,0.112,0.0814,0.0,0.199,0.471,95.029,4,dance,low
76410,6TAT4theAiD7lS6iVaauwY,Sarah Brightman,Dreamchaser,Glosoli,22,410386,False,0.331,0.397,7,-10.671,1,0.0291,0.193,0.562,0.0832,0.112,75.091,4,opera,low
36588,2hmCyffvKkkCb98nQazWIM,Ben Mazué,Ben Mazué,Papa,33,225653,False,0.506,0.469,7,-8.695,1,0.255,0.517,0.0,0.117,0.738,73.358,4,french,medium
43748,0dUEZ1STS2mZHIWI4pehkM,Kemuel,Ensaio Kemuel (Acústico),Fome de Amor,26,260892,False,0.644,0.387,4,-10.537,0,0.0279,0.901,2.82e-05,0.128,0.52,100.175,4,groove,medium
63062,0n099xB2P5c2ZLDazd3dgr,I Don't Like Mondays.,PAINT,PAINT,58,208405,False,0.53,0.822,2,-3.299,1,0.0371,0.00823,0.0,0.242,0.513,147.025,4,j-rock,high
38288,5SyFWmUPpCaw09rCZs1eCi,The Beau Brummels,San Francisco Nuggets,Just a Little,34,145506,False,0.591,0.611,9,-9.179,0,0.0394,0.165,3.71e-05,0.114,0.655,128.246,4,garage,medium
38276,78Gzxi27GuNHTfkn2BylG4,The Strokes,Room On Fire,What Ever Happened?,62,169506,False,0.547,0.596,11,-6.044,1,0.0339,8.02e-05,0.739,0.273,0.584,116.17,4,garage,high
68136,2lBN9Qv3viRylBqEXMLip1,J Balvin;Maria Becerra,Homecoming Latin Party,Qué Más Pues?,0,217361,False,0.904,0.817,8,-3.956,1,0.0871,0.0254,0.000141,0.232,0.753,101.988,4,latino,low
99819,3eNSC9m8CukWPWdef8znPg,Stephen Sanchez,Easy On My Eyes,Mountain Peaks,54,208400,False,0.473,0.424,7,-8.144,1,0.0355,0.671,8.13e-06,0.336,0.297,118.073,4,singer-songwriter,high
51263,5zUPoHkgqAr1XwTMNzNtGs,Tegi Pannu;Manni Sandhu,Fully Loaded,Fully Loaded,65,148858,True,0.783,0.607,9,-7.268,0,0.133,0.091,0.0,0.0986,0.862,92.109,4,hip-hop,high
38469,7eX5SypK35V8Y9d9pS6rWy,The Strokes,Room On Fire,I Can't Win,57,162040,False,0.472,0.746,11,-4.816,1,0.0321,0.00581,0.663,0.0999,0.403,97.44,4,garage,high
67018,3ZPrcLz9peBVWyYZHwx0DI,Daddy Yankee,Feliz Cumpleaños con Perreo,Dura,3,200480,False,0.783,0.84,1,-3.416,1,0.051,0.174,0.0,0.412,0.838,95.002,4,latin,low
82573,0wb21I1NV5uVUolRXIqlJF,Badfinger,Magic Christian Music (Remastered 2010 / Deluxe Edition),Come And Get It - Remastered 2010,55,143213,False,0.616,0.629,8,-6.9,1,0.0263,0.0285,1.32e-06,0.208,0.606,94.004,4,power-pop,high
99882,1LWueNjZGJrO3BFgcPZEqU,Catie Turner,Mellow Adult Pop,Home,0,207836,False,0.361,0.177,11,-12.023,0,0.0346,0.927,0.0,0.0911,0.32,113.36,4,singer-songwriter,low
74166,3eUOVnvVw9ntGUqJmHKF1J,Os Paralamas Do Sucesso,Nove Luas,Lourinha Bombril,47,158933,False,0.615,0.907,7,-9.234,1,0.042,0.0194,5.59e-05,0.279,0.8,168.459,4,mpb,medium
85156,3y2kWqVwRjwU49sbz5QGRD,Simple Plan;Julian Emery,Get Your Heart On! (Deluxe Edition),Astronaut,54,220746,False,0.456,0.879,9,-3.457,0,0.0353,0.00197,0.0,0.095,0.536,148.131,4,punk-rock,high
72142,0ds5MDAFjVNd5E2HDKLjAb,Bad Omens,THE DEATH OF PEACE OF MIND,Nowhere To Go,63,246774,True,0.417,0.958,7,-3.418,1,0.139,0.000738,0.0,0.173,0.458,174.089,4,metalcore,high
21632,0nW2wq9wJr4ZYoG0RXxanT,Chronic Law;Java,Me Alone,Me Alone,29,188387,True,0.633,0.532,1,-8.257,1,0.493,0.446,0.0,0.183,0.417,125.752,5,dancehall,medium
41066,2K6ZdFYngMVzTFiNQhBzM4,Håkan Hellström,Du gamla du fria,Jag utan dig,38,244995,False,0.29,0.465,6,-10.729,1,0.0322,0.581,0.184,0.258,0.412,103.765,4,goth,medium
38221,5ncofiedz9Ej6YkvvXMKVn,The Strokes,The New Abnormal,Not The Same Anymore,59,337333,False,0.353,0.613,9,-5.9,1,0.031,0.384,0.0123,0.103,0.282,177.375,4,garage,high
14210,2k2FxrUiLsriOUcScZCcbv,CoComelon,"CoComelon Kids Hits, Vol. 4",The Laughing Song,53,126493,False,0.966,0.433,4,-11.423,1,0.0688,0.789,0.0,0.116,0.952,104.997,4,children,high
89064,4S3KDmiZJQsd6uLPyvHxSO,J Balvin,Perreo Tenebroso Vol. 1,Cuando Tú Quieras,0,205120,False,0.696,0.668,6,-5.063,1,0.199,0.361,0.0038,0.311,0.761,184.332,4,reggaeton,low
106517,0lZws1KrRWOvpJ7H7Uhjti,Bo Kaspers Orkester,Så mycket Bo Kaspers Orkester,Jag är vacker ikväll,37,182773,False,0.665,0.726,9,-8.146,0,0.0299,0.257,0.000767,0.0614,0.68,124.925,4,swedish,medium
16580,4BMHp3DkI8VLsuB9Kr0pzu,Ludovico Einaudi;Robert Ziegler;Royal Philharmonic Orchestra,Divenire (Deluxe Edition),Primavera,62,442400,False,0.231,0.206,0,-13.593,0,0.0332,0.965,0.856,0.17,0.136,141.628,3,classical,high
46692,6OQBLmfuKMpXZ7nGrQW7n1,Endymion;Art Of Fighters;Lilly Julian;ANDY SVGE,Invincible,A New Today - ANDY SVGE Remix,18,223815,False,0.392,0.951,11,-3.941,0,0.064,0.184,0.00128,0.0959,0.394,151.998,4,happy,low
48880,6rS8IW5dx9gkrmRSawYCAT,Magnitude,To Whatever Fateful End,Vital Emergence,28,129409,False,0.238,0.979,10,-3.717,1,0.188,0.000179,0.00541,0.123,0.163,151.245,4,hardcore,medium
89760,7hOfyNuj2dLc0HAEYVDIYS,Nicky Jam;Enrique Iglesias,Fénix,El Perdón - Forgiveness,51,206666,False,0.736,0.719,8,-3.839,1,0.0357,0.256,0.0,0.0909,0.656,90.013,4,reggaeton,high
51716,3XyFQxpSlGowWpZkIn3ISA,Vishal Dadlani;Hamsika Iyer,Chennai Express,One Two Three Four (Get On The Dance Floor),60,228323,False,0.721,0.867,6,-5.429,0,0.225,0.0885,0.000119,0.0372,0.87,170.091,4,hip-hop,high
48473,3LfuhQh0rsja1n2Ds1WSgk,Dance of Days;Fernanda Takai,A Valsa de Águas Vivas,Adeus Sofia,31,238654,False,0.227,0.978,7,-2.314,1,0.149,0.00147,0.00026,0.347,0.638,196.426,4,hardcore,medium
7653,4KcgeB3zlr1VadVyyRUkGq,Mile Twelve,Bottom Dollar,Bottom Dollar,23,166000,False,0.543,0.468,7,-8.643,1,0.0294,0.51,0.0297,0.311,0.443,135.071,4,bluegrass,low
19766,72RD8jifCUa7JtwQNSzadN,Morgan Evans,Burn Burn Burn - Hot Country Hits,Country Outta My Girl,0,202613,False,0.448,0.932,7,-4.424,1,0.0976,0.0174,0.0,0.347,0.709,187.813,4,country,low
18439,62fPFa3Oxo9sI48JfBLtfF,Stephen Lynch,3 Balloons,America,24,204040,False,0.397,0.408,9,-9.955,1,0.0732,0.635,0.0,0.103,0.519,73.322,4,comedy,low
92620,5LtcgqtM9HE9faSEOJg4EB,Chubby Checker,Best of Rock 'n' Roll Music: 100 Originals from the 50s & 60s,Let's Twist Again - Radio Version,51,145786,False,0.617,0.732,3,-6.799,1,0.0362,0.0468,2.29e-06,0.0537,0.968,160.185,4,rockabilly,high
45558,7DRiHX3VXNCkhDxtUsy6YX,Emanuel Nord,Light Touch,Light Touch,48,102254,False,0.671,0.0496,2,-20.166,1,0.0759,0.912,0.907,0.115,0.156,103.022,3,guitar,medium
42238,4MV4yg3fOwN1dwSH8WmT9P,Napalm Death,Utopia Banished,Dementia Access,16,147760,False,0.261,0.939,1,-10.52,1,0.0647,9.78e-06,0.0764,0.0325,0.126,99.479,4,grindcore,low
25953,35ME0Y7EEMKJ4nSM4SPhAX,Satin Jackets,Hidden Treasures EP,Levante,57,193397,False,0.55,0.484,5,-11.533,1,0.0277,0.00382,0.946,0.272,0.136,102.001,4,disco,high
26418,0QE2d7G0wXy09a3h6g5E9Y,Lebo M.,Le Roi Lion (Bande Originale Française du Film),He Lives in You,23,305653,False,0.692,0.632,1,-9.365,0,0.0488,0.423,2.7e-05,0.0971,0.29,114.977,4,disney,low
100863,1hpz94E0e1Clov5ijeJStv,Kapanga,Todo Es Poco,Rock,35,215504,False,0.465,0.94,0,-2.771,1,0.0612,0.0194,0.0,0.0246,0.86,166.137,4,ska,medium
65922,1y6dEjheBdnopNo0xDXJ9P,"Car, the garden","Alchemy of Souls, Pt. 1 (Original Television Soundtrack)",Scars leave beautiful trace,59,213946,False,0.479,0.535,11,-6.676,0,0.03,0.49,0.0,0.0923,0.21,82.024,4,k-pop,high
354,5Z8O4RFAmjA13jrOYIgyXA,Kina Grannis,Oh What A Love,Oh What A Love,46,235135,False,0.457,0.064,6,-19.928,1,0.0339,0.941,0.108,0.107,0.0647,147.824,3,acoustic,medium
22821,2R1n2QizkN1QygvkqyHhM5,Old Man's Child,In Defiance of Existence,The Soul Receiver,23,271493,False,0.414,0.922,2,-5.348,1,0.0377,4.17e-06,0.802,0.125,0.277,139.93,4,death-metal,low
43151,7DDIVNWlbGJpQjVDDg8rXR,Tchami;Habstrakt;Lena Leon,Eternity (feat. Lena Leon),Eternity (feat. Lena Leon),59,217258,False,0.715,0.862,4,-8.182,0,0.0632,0.0108,0.788,0.128,0.152,124.0,4,groove,high
83663,4QOb9hRufjPp9TDdph7Wzh,Audien,Blue,Blue,52,213600,False,0.593,0.753,5,-4.582,1,0.0365,0.331,0.0,0.169,0.415,99.974,4,progressive-house,high
20411,6kex4EBAj0WHXDKZMEJaaF,Jason Derulo;Nicki Minaj;Ty Dolla $ign,Swalla (feat. Nicki Minaj & Ty Dolla $ign),Swalla (feat. Nicki Minaj & Ty Dolla $ign),76,216408,True,0.696,0.817,1,-3.862,1,0.109,0.075,0.0,0.187,0.782,98.064,4,dance,very_high
48171,3FWTGnS0F6wm2HhIkI8rVW,Big L;2Pac,The Big Picture,Deadly Combination (feat. 2Pac),28,152373,True,0.902,0.513,1,-10.029,1,0.305,0.0924,0.0,0.267,0.628,91.477,4,hardcore,medium
51534,1gTD1rUFgz05rRyMvPPRtX,Sidhu Moose Wala,Snitches Get Stitches,Goat,59,80062,False,0.756,0.855,1,-3.352,0,0.208,0.222,0.0,0.188,0.525,92.905,4,hip-hop,high
99106,3Qvp6nDPHp70nejdyYR4Nw,Arijit Anand,Shor,Shor,48,226980,False,0.623,0.195,11,-11.463,1,0.0287,0.868,1.71e-06,0.087,0.16,70.005,4,singer-songwriter,medium
100690,6EhMjQAhbwvLp1itqS4ynh,Augustus Pablo,Calling 1000 Dreadlocks,Marcus the Prophet,0,171000,False,0.596,0.374,7,-12.583,1,0.0375,0.125,0.897,0.0748,0.702,137.66,4,ska,low
69284,2FHfIzgK8WnvI7XD2InXFZ,Mathan;Naven,Intha Vechiko,Outro,35,198113,False,0.723,0.69,4,-8.052,1,0.0918,0.376,4.25e-05,0.299,0.64,106.008,4,malay,medium
34351,7nz5qUO3ZtyfpMV4SuRWku,Indian Ocean,Black Friday,Bandheh,39,468793,False,0.612,0.425,0,-8.706,0,0.0499,0.36,7.85e-06,0.0776,0.17,135.009,4,folk,medium
106134,1DNnAgbxHSFro55uxpb9yS,Veronica Maggio,LUGNA HITS,På en buss,0,167080,False,0.695,0.361,4,-7.14,1,0.0268,0.905,0.0735,0.115,0.148,102.001,4,swedish,low
46572,6Dtl4TnL9buWnPr3om1tPV,Korsakoff,Korsakoff Pres. Pink Noise,About You,19,286875,False,0.55,0.956,1,-5.166,0,0.0869,0.427,0.163,0.0707,0.266,150.031,4,happy,low
32375,5RLMXp4oKQGyeovfoqP7kI,Alison Wonderland,Loner,Something Real,57,229213,False,0.519,0.61,8,-10.808,1,0.0608,0.458,0.151,0.191,0.184,119.919,3,electronic,high
96501,5muA8QmdHtKeAWEcT4RjNn,Mantu Chhuria,Mantu Chhuria Hits,Bhija Sakala Ra,27,239165,False,0.774,0.761,6,-4.323,0,0.0314,0.45,0.0,0.0881,0.796,115.033,1,samba,medium
47987,0ehtFnPWJIYVwZhca6GBu5,Charlie Brown Jr.,Nadando Com Os Tubarões,Talvez A Metade Do Caminho,34,182973,False,0.56,0.972,8,-4.457,1,0.0666,0.00408,0.0,0.245,0.587,92.125,4,hard-rock,medium
90562,5ALgEAPt5pQrtF4GtEykLc,Las Moskas,"Serie de Colección 18 Auténticos Éxitos Hit´s de Grupos, Vol. 2",Venus,31,185013,False,0.722,0.569,2,-9.64,1,0.0346,0.356,0.0351,0.317,0.953,137.028,4,rock-n-roll,medium
112433,0JJQnEfqLwr6dEEBLgr8st,Ceg,DMT,Dedemin Anadol'u,41,175243,True,0.752,0.412,8,-8.445,1,0.127,0.494,0.000422,0.113,0.342,153.99,4,turkish,medium
81667,5ACacHdqtOjENeTgh4qfmy,Vicky,Top Notch Gabru,Top Notch Gabru,67,158294,False,0.716,0.77,3,-4.071,0,0.158,0.144,0.0,0.0211,0.924,170.045,4,pop,high
91424,1cbCEtcGU25HvwMrZDPqJy,Juanes,Pop x siempre,Nada Valgo Sin Tu Amor,1,195093,False,0.595,0.655,0,-4.277,1,0.026,0.155,0.0,0.265,0.364,153.866,4,rock,low
77933,7gY5Vc5FHoZ1GlzMejDbsI,Só Pra Contrariar,SPC 25 Anos (Ao Vivo),Minha Metade (Take Me Now) - Ao Vivo,42,235106,False,0.484,0.611,0,-7.336,1,0.0322,0.437,0.000315,0.639,0.353,139.012,4,pagode,medium
42281,7ssT26Q5ESbKwmp8xPZola,Couple Skate,Gore Orphanage,Chronic Fibrosis of the Penile Gland,15,80953,False,0.202,0.974,11,-1.981,0,0.0871,0.123,0.844,0.382,0.0335,59.543,4,grindcore,low
91180,7EsuEeyUWYAryo789YrxR6,blink-182,Halloween Kids Party 2022,Adam's Song,0,249626,False,0.52,0.775,0,-5.803,1,0.0348,0.034,0.0,0.364,0.383,136.02,4,rock,low
25439,5u8ALOrKzJF4izyyPo4OnN,Piękni I Młodzi,Wirują światła (Original Mix),Wirują światła - Original Mix,34,252352,False,0.638,0.959,1,-3.907,0,0.0313,0.0326,0.101,0.0485,0.907,136.039,4,disco,medium
100807,4qJCv8RIeYvFzXlfw7d8hR,Tipe-X,Super Surprise,Dimana Cinta!!!,33,331413,False,0.514,0.717,4,-4.698,0,0.0265,0.031,0.0132,0.105,0.388,80.138,4,ska,medium
37593,2Lv8YAE0aVRaa4oBqPstSN,DJ KS SHEIK,AVENTURA NA IGREJINHA OO2,AVENTURA NA IGREJINHA OO2,47,249461,True,0.67,0.519,7,-5.731,1,0.554,0.459,0.00496,0.107,0.447,79.589,4,funk,medium
26089,3542EqIMlabFPcmcy8V5E2,Paweł Ciołkosz,Kraina lodu 2 (Muzyka z filmu/Edycja Deluxe),Którą wybrać z dróg,34,180813,False,0.504,0.469,8,-6.534,1,0.0289,0.604,0.0,0.124,0.244,75.177,4,disney,medium
56590,0vf2eBw2inhl8y61cYQMv2,Cavetown,Cavetown,Devil Town,78,179955,False,0.576,0.759,3,-8.165,1,0.0599,0.12,0.0,0.121,0.501,99.969,4,indie-pop,very_high
89464,3i2njMyJOynYaC9o7QS0n7,Chris Jedi;Anuel AA;Chencho Corleone;Ñengo Flow,Bájale como 7500,La Llevo Al Cielo,4,254920,True,0.795,0.845,9,-3.809,0,0.135,0.105,1.14e-05,0.172,0.769,170.023,4,reggaeton,low
77734,2VD0kaPt1mIM5EVw3Tittq,Sorriso Maroto,É Diferente (Ao Vivo),Promessas - Ao Vivo,43,217373,False,0.539,0.833,5,-7.899,0,0.086,0.446,0.0,0.803,0.651,151.723,4,pagode,medium
17058,11hQpTbTymxIZzSmabCd9b,Max Brhon,Redemption,Redemption,44,245529,False,0.49,0.741,5,-6.601,0,0.0561,0.000887,0.189,0.0787,0.0793,105.057,4,club,medium
1368,6p7KEJStN2J1EpsT3hZVqH,Mandrill,Composite Truth,Hang Loose,22,288933,False,0.54,0.797,7,-10.777,0,0.0617,0.434,0.165,0.12,0.935,128.291,4,afrobeat,low
101610,4cQ1bv8oR06ojyRYrVxAyU,Silent Knights,Shhhhhhhhhh White Noise,Shhhh With Big Fan,34,180000,False,0.296,0.945,0,-13.889,1,0.0579,0.000581,0.0,0.273,0.00771,127.44,3,sleep,medium
48524,7Gv2jhUmoQdbrRavOhsJnK,World of Pleasure,World of Pleasure,Sweetness of Life,30,115000,False,0.239,0.996,6,-4.793,0,0.158,8.89e-05,0.582,0.354,0.081,107.286,3,hardcore,medium
94567,5ygXl5iJI59xBS22IEvzVY,gavn!,crazy,crazy,56,141818,False,0.328,0.345,11,-11.562,0,0.06,0.245,0.0,0.106,0.296,81.929,3,sad,high
33972,16w3jEiUvbHNYtEajmzh86,Lost Kids,Attacco di Panico,Attacco di Panico,32,145750,False,0.626,0.525,10,-8.97,1,0.0503,0.359,0.0,0.0917,0.315,129.789,4,emo,medium
52133,5HA2TS6vDN7K0YOZvw8EGl,Eddie Noack,Psycho - The K-Ark and Allstar Recordings 1962-1969,Beer Drinkin' Blues,18,167120,False,0.695,0.635,0,-11.121,1,0.0303,0.734,6.13e-05,0.146,0.828,126.206,5,honky-tonk,low
61037,5XXAUO7fitCBi8UHlegUVT,Nogizaka46,ごめんねFingers crossed (Special Edition),さ~ゆ~Ready?,33,332640,False,0.541,0.962,3,-1.892,1,0.0756,0.196,4.82e-05,0.137,0.529,163.984,4,j-idol,medium
105247,5GyvoEkKjaoPnLFpHr1t8Z,Justnormal,Effervescence,Those Melancholy,16,163235,False,0.705,0.229,3,-7.961,1,0.169,0.838,0.625,0.518,0.104,170.043,4,study,low
40501,4N2yjawma1TdAtBcqLvend,Gabriela Rocha,Pra Onde Iremos?,A Voz,41,269053,False,0.321,0.644,9,-5.563,1,0.0352,0.612,2.9e-06,0.0921,0.17,159.814,3,gospel,medium
3953,6SE4JAo7T8C7XkFka5bbga,Los Retros,Someone To Spend Time With,Someone To Spend Time With,73,173953,False,0.816,0.46,9,-13.299,1,0.034,0.0488,0.261,0.106,0.963,89.57,4,alternative,high
103702,07iVScUe08QYNdEvjsEEGc,GASHI,Roses,Roses,49,169573,True,0.497,0.587,5,-6.097,1,0.034,0.475,0.0,0.172,0.391,150.104,4,soul,medium
27806,4fpqhQJmVgq9OILKKp73CX,Bensley,That Feeling,That Feeling,50,228965,False,0.276,0.989,1,-0.812,1,0.0667,0.00086,0.847,0.172,0.249,173.993,4,drum-and-bass,high
10506,0Sb0b4S2suGAhsuYnP4gj1,Datsik;Protohype,Encore,Zero,13,236571,True,0.599,0.96,1,-2.958,1,0.0599,0.000226,0.0997,0.0521,0.193,139.985,4,breakbeat,low
3353,5ruzrDWcT0vuJIOMW7gMnW,The Strokes,The New Abnormal,The Adults Are Talking,79,309053,False,0.593,0.749,5,-5.67,1,0.0475,0.0113,0.106,0.314,0.649,164.959,4,alternative,very_high
34994,69Xh9zLOQRcQaxniL1caJT,Luis Mosqueda y los Roller's,Página de Amigos,Página de Amigos,42,195744,False,0.662,0.72,10,-5.233,1,0.0427,0.246,0.0,0.0719,0.876,160.191,4,folk,medium
29200,5Ce9z7GqSknXccyppRxNLY,Ookay,Thief,Thief,57,239711,False,0.57,0.797,6,-2.954,1,0.0608,0.00476,0.00833,0.11,0.212,149.925,4,dubstep,high
26377,2EPDjGmxLyouIfSRRji5q5,Samuel E. Wright,The Little Mermaid 2,Octopus's Garden,24,169040,False,0.475,0.65,1,-9.15,0,0.0613,0.113,0.0,0.12,0.816,185.601,4,disney,low
33024,1wEeimFLh28tUKhOgWjIpo,Lumber,Chaar Din Ki Chandni,Kangna Tera Ni,47,214333,False,0.846,0.926,6,-3.036,0,0.145,0.0914,0.0,0.0598,0.886,109.157,4,emo,medium
15699,5R5atr84EbHUbeBFMd89A2,Tenno,Mind Temple,Home,60,179000,False,0.617,0.352,10,-15.745,0,0.0348,0.622,0.834,0.186,0.184,120.024,4,chill,high
4362,2JWORFavKKenbRigLBM0Uj,Sophie Hutchings,Love Letter,Love Letter,59,141500,False,0.392,0.018,1,-27.064,1,0.0375,0.995,0.903,0.0954,0.14,66.99,3,ambient,high
4550,0OETMJ8CZV2GQ4m79thkea,Cliff Martinez,Drive (Original Motion Picture Soundtrack),Wrong Floor,47,91160,False,0.172,0.0785,0,-26.07,1,0.046,0.926,0.938,0.109,0.0372,68.967,4,ambient,medium
56090,3bCp61o3h46Yvr0vgMJlaL,Ellie Goulding;Diplo;Swae Lee,pov: it's 2019,Close To Me,0,182626,True,0.572,0.75,1,-5.042,0,0.0604,0.0946,0.0,0.378,0.475,144.081,4,indie-pop,low
15658,4xU4wWPzUNlQgTfaKCcheW,Timmies;Shiloh Dynasty,Passion & Confusion,You Are Loving,57,100812,False,0.814,0.333,6,-11.56,0,0.189,0.874,3.54e-06,0.615,0.387,99.994,4,chill,high
16461,32oNW9BTi1eUD0FgDBHStq,M. S. Subbulakshmi;Radha Viswanathan,"Sri Venkateswara Balaji Pancharatnamala,Vol. 3",Hanuman Chalisa,33,596695,False,0.543,0.311,8,-11.237,1,0.087,0.991,0.109,0.821,0.624,107.767,4,classical,medium
75553,7dsZn4tZIFjt9hpzAcRZOQ,Gandalf,Sanctuary,Alhambra (Prelude),48,98066,False,0.186,0.249,9,-11.758,0,0.0367,0.962,0.94,0.108,0.0393,88.231,3,new-age,medium
42412,6rPLwHen7lKl7SZRrwGHCX,Phobia,22 Random Acts Of Violence,Wasted Time,13,74240,False,0.296,0.995,4,-2.521,0,0.121,2.46e-05,0.929,0.386,0.0707,97.319,4,grindcore,low
48650,6nL0wIy3rcQPqHNAtm61Gh,Fat Joe;DJ Khaled;Amorphous,Sunshine (The Light),Sunshine (The Light),64,149725,False,0.8,0.832,0,-5.497,1,0.266,0.087,0.0,0.322,0.736,106.983,4,hardcore,high
84175,0wJoRiX5K5BxlqZTolB2LD,Jimi Hendrix,Are You Experienced,Purple Haze,71,170813,False,0.533,0.905,2,-5.27,1,0.0754,0.00876,0.578,0.0698,0.486,108.9,4,psych-rock,high
41448,312vgegm9M6Vv33QznmSAg,Honky Tonk Hustlas,South of Nashville,Corporate Man,24,123613,True,0.626,0.838,11,-5.886,0,0.033,0.085,1.64e-06,0.219,0.804,139.066,4,goth,low
108240,3bDkaK29SjZsgGPWhF4ABU,Reijo Taipale,Reijo Taipale,Tähdet meren yllä,24,189933,False,0.551,0.36,5,-9.791,0,0.0316,0.864,0.000259,0.38,0.589,116.279,4,tango,low
74708,32e9v7D8zoRyWkwQFFQ70Z,Cássia Eller,Acústico (Ao Vivo),Queremos Saber - Ao Vivo,40,192666,False,0.556,0.275,7,-12.969,1,0.0619,0.686,0.0,0.696,0.384,78.503,4,mpb,medium
53895,1dt220OBbkTsYz1NLVKIaw,Gabry Ponte;R3HAB;Timmy Trumpet,Call Me (with R3HAB & Timmy Trumpet),Call Me (with R3HAB & Timmy Trumpet),71,178309,False,0.398,0.956,2,-4.429,1,0.329,0.00935,0.0038,0.142,0.269,106.581,4,house,high
71072,30NeE5qu2FrSkXQMra1WED,KISS,Rock Workout 2023,Rock And Roll All Nite,1,175853,False,0.54,0.926,1,-6.205,1,0.162,0.0191,0.0,0.651,0.686,144.8,4,metal,low
36469,3yndKI4zWEyC36BQYrdKBA,Therapie TAXI;Roméo Elvis,Hit Sale,Hit Sale (feat. Roméo Elvis),64,184400,False,0.573,0.784,9,-5.224,1,0.0591,0.141,0.0,0.0844,0.69,82.009,4,french,high
61572,1TyeUyJlGc6jHYFulIYKgw,Dempagumi.Inc,WWDBEST ~電波良好!~,Future Diver,20,273817,False,0.564,0.95,0,-1.663,1,0.118,0.128,0.00671,0.142,0.827,186.057,4,j-idol,low
61919,1qKnTCLdSXjHxSwfld09yv,Keyakizaka46,真っ白なものは汚したくなる (Complete Edition),W-KEYAKIZAKAの詩,18,308293,False,0.633,0.906,4,-4.121,1,0.0365,0.489,0.0,0.332,0.882,122.987,4,j-idol,low
39895,20fM9A6ApsZ8mHU7lumq2T,Die Toten Hosen,Alles aus Liebe: 40 Jahre Die Toten Hosen,Draußen vor der Tür,37,183773,False,0.654,0.41,2,-6.411,1,0.0259,0.513,0.0,0.123,0.483,87.382,4,german,medium
20937,7FgPBngMka3agGDUKqZWmx,Alesso;Katy Perry,Arbeitsmusik Herbst/Winter 2022/2023,When I'm Gone,0,161266,False,0.685,0.886,0,-4.179,1,0.034,0.028,0.0,0.481,0.615,125.034,4,dance,low
103953,07AbRgKmb5KfppwtZbZqDI,LEISURE,Sunsetter,Slipping Away,65,235506,False,0.693,0.547,11,-9.02,0,0.041,0.42,0.141,0.102,0.774,77.968,4,soul,high
88401,116H0KvKr2Zl4RPuVBruDO,Bad Bunny;Drake,MIA (feat. Drake),MIA (feat. Drake),79,210367,False,0.817,0.539,6,-6.349,0,0.0621,0.0141,0.000496,0.099,0.158,97.062,4,reggae,very_high
86460,4KacUpvbA3Mfo05gttTjhN,Sum 41,"All Killer, No Filler",Fat Lip,74,178266,True,0.402,0.914,9,-5.215,1,0.142,0.000579,0.0,0.065,0.626,196.505,4,punk,high
87796,3xBeIzqPtWPK7Bl6kjovfu,Fidel Rueda,Te Voy A Amar,Amor De Table Dance,42,181466,False,0.739,0.627,0,-5.168,1,0.108,0.379,0.0,0.0934,0.852,154.934,3,r-n-b,medium
10467,5Ep48oHY15dVOPwTRlqvoU,Noisia;NickBee,The Resonance II,Motion Blur - NickBee Remix,15,234418,False,0.752,0.76,10,-3.399,0,0.06,0.00703,0.872,0.104,0.128,171.987,4,breakbeat,low
67814,2kwV1oVEb9mLkGbFaQX4zU,Bad Gyal,FELIZ CUMPLEAÑOS,La Prendo,2,181986,False,0.917,0.776,9,-2.248,0,0.154,0.0464,5.54e-05,0.08,0.656,114.941,4,latin,low
14312,11lyphZdXm5yTPERX5lT8h,Super Simple Songs,Twinkle Twinkle Little Star & More Kids Songs,Sweet Dreams,58,174505,False,0.288,0.0938,11,-15.741,1,0.0365,0.742,0.0557,0.127,0.119,119.256,3,children,high
70883,03P0CqP1V51kulWK6WfHiU,Gary Chaw,格格blue,沉默玩具,21,274000,False,0.504,0.351,9,-8.527,1,0.0317,0.7,0.0,0.306,0.147,122.701,4,mandopop,low
82574,4beOdN2knXQ56LvxNruIWi,The Dream Syndicate,Ultraviolet Battle Hymns and True Confessions,Every Time You Come Around,23,225853,False,0.321,0.722,9,-5.732,0,0.0458,0.0506,0.562,0.215,0.619,117.216,4,power-pop,low
107386,6I4snLrVOrJsLdd43isc27,Duran Duran,Decade,A View to a Kill,61,217693,False,0.706,0.814,1,-5.405,1,0.0569,0.0159,0.0,0.262,0.778,125.472,4,synth-pop,high
30182,3Vh4nSqr35BOdINsqosOph,Ellie Goulding;Diplo;Swae Lee,Queda poco para la PAES,Close To Me,0,182626,True,0.572,0.75,1,-5.042,0,0.0604,0.0946,0.0,0.378,0.475,144.081,4,edm,low
91428,0N8d25eR5OMLON40UYIukg,Juanes,tardes tranqui,Dancing In The Dark,1,244680,False,0.629,0.486,8,-8.198,1,0.0305,0.497,0.0,0.117,0.382,122.011,4,rock,low
79152,6hLkeOMrhZ2CMLBp2of576,OneRepublic,Wanted,Wanted,58,136247,False,0.668,0.534,1,-6.586,1,0.0677,0.164,0.0,0.1,0.711,145.816,4,piano,high
52488,3o9H18PKrO0320morPWZGe,George Jones,Hits I Missed And One I Didn't,He Stopped Loving Her Today,13,201266,False,0.493,0.3,7,-9.165,1,0.0251,0.559,1.9e-06,0.128,0.258,72.073,3,honky-tonk,low
44063,40LQiUUUKXVGyNs09lHVjW,Hinder,Extreme Behavior,Lips Of An Angel,73,261853,False,0.476,0.736,2,-5.38,1,0.0343,0.0217,1.08e-06,0.203,0.251,129.084,4,grunge,high
87729,1svDKiz3n0VluHe1kxD0ay,O Rappa;Marcos do Pifano e João do Pife,O Rappa - Acústico Oficina Francisco Brennand (Deluxe) [Ao Vivo],Vida Rasteja / Vassourinha / Voltei Recife / Asa branca / Está bhegando a hora / Frevo no pé da serra (Participação especial João do Pife e Marcos do Pífano) - Ao vivo,42,303455,False,0.509,0.77,10,-7.735,0,0.0878,0.165,0.0296,0.707,0.477,91.41,4,r-n-b,medium
57373,73WInbzcrppphpw0PK55gw,The Walters,Relaxing Pop,I Love You So,1,160239,False,0.575,0.648,10,-4.891,1,0.0358,0.583,0.0,0.115,0.466,75.977,4,indie,low
109684,79cxnmnGiC0qZfxi5ogp4j,Dennis Sheperd;York;Iris,Tritonia 399,The Fall (Tritonia 399),26,297143,False,0.597,0.809,2,-7.128,1,0.0337,0.00173,0.452,0.141,0.244,125.98,4,techno,medium
1658,4BgtIY3mw52U8YqwKImWPl,IFÁ;Okwei V. Odili,IFÁ Afrobeat + Okwei V. Odili,Suffer,18,336053,False,0.718,0.748,9,-9.315,0,0.0367,0.0885,5.72e-05,0.0779,0.963,99.014,4,afrobeat,low
52710,7mUabwWfXUdmmKCPmlHFqP,Stonewall Jackson,The Great Old Songs,Knoxville Girl,11,189893,False,0.631,0.148,2,-16.116,1,0.0296,0.915,0.0,0.0876,0.559,81.931,3,honky-tonk,low
111393,2YxoC2dYOotjqt08dEifsc,Boards of Canada,The Campfire Headphase,Chromakey Dreamcoat,48,347466,False,0.643,0.825,1,-8.543,1,0.0352,0.197,0.961,0.116,0.766,96.728,4,trip-hop,medium
55649,27N6lqXxjDiylUqHa84fA6,IndianRaga;Mahesh Raghvan;Vinod Krishnan;Aditya Rao,Shape of You (Carnatic Mix),Shape of You - Abheri - Shudha Dhanyasi - Adi Tala - Carnatic Mix,47,170034,False,0.735,0.722,1,-8.373,0,0.0352,0.489,0.0,0.383,0.936,95.967,4,indian,medium
28878,3GKa3RctO1YHniUDerjAij,Tritonal,Tritonia 399,"Tritonia (Tritonia 399) - Coming Up, Pt. 1",22,37533,False,0.852,0.684,1,-12.282,1,0.349,0.0124,0.0,0.122,0.48,125.93,3,dub,low
28267,07ImPoPqKNwqucuPEZooBj,SLANDER;Au5;shYbeast;PLYA,"Anywhere (feat. shYbeast, PLYA)","Anywhere (feat. shYbeast, PLYA)",51,287600,False,0.383,0.843,1,-6.438,1,0.0656,0.00672,0.0,0.176,0.314,149.978,4,dub,high
62724,0anw2y6ifCI7QS8Cj5Ph7x,Nogizaka46,生まれてから初めて見た夢 (Complete Edition),君が扇いでくれた,37,244400,False,0.562,0.786,2,-3.854,1,0.0303,0.00974,2.14e-05,0.251,0.684,105.997,4,j-pop,medium
91960,5ruzrDWcT0vuJIOMW7gMnW,The Strokes,The New Abnormal,The Adults Are Talking,79,309053,False,0.593,0.749,5,-5.67,1,0.0475,0.0113,0.106,0.314,0.649,164.959,4,rock,very_high
89727,1vv7h64yOLrdfHuTzfv9gI,Dvice;La Fortaleza Real;Lyan;Jehza,Gelato,Gelato,46,212903,True,0.812,0.573,2,-10.034,1,0.26,0.342,2.6e-06,0.0922,0.591,93.015,4,reggaeton,medium
47817,3Rtv6zRNKpeSygXoaF9kCm,Judas Priest,Stained Class,Beyond the Realms of Death,56,409800,False,0.287,0.716,11,-5.653,0,0.0311,0.0381,3.24e-05,0.164,0.544,172.123,4,hard-rock,high
62690,5BT0sejkliP4fAzR59DW1N,Bo Kaspers Orkester,Redo att gå sönder,Sommaren,38,250866,False,0.528,0.884,5,-7.083,0,0.0298,0.216,0.0097,0.174,0.954,94.094,4,j-pop,medium
98843,4VdNmAeyZiriGYU0jet3SW,SMASH Cast;Bernadette Peters;Sophia Caruso,BOMBSHELL,At Your Feet (SMASH Cast Version) (feat. Bernadette Peters with Sophia Caruso),21,164613,False,0.576,0.487,9,-7.193,1,0.368,0.586,0.0,0.237,0.714,176.802,4,show-tunes,low
80669,6Gx3Ry4ORogdMibbdITOuN,Ajay Gogavale;Shreya Ghoshal,Dhadak,Dhadak Title Track,58,243484,False,0.375,0.312,7,-10.656,0,0.031,0.85,0.00988,0.137,0.22,77.527,4,pop-film,high
63288,5D5fiDX8MhK3lfHJmZZmpt,ONE OK ROCK,Luxury Disease,Save Yourself,58,197995,False,0.503,0.849,5,-2.709,1,0.0615,0.00428,0.0,0.0667,0.762,165.096,4,j-rock,high
46382,3PhN3M2UxUIjKWZOrSPDoG,Dj Promo,Hope,To See,20,117005,False,0.708,0.453,9,-7.894,1,0.0516,0.0386,0.9,0.0946,0.518,155.031,4,happy,low
2341,3NSLr0b5MRGgLM298WQjMZ,Fito Paez,Rock x siempre,11 Y 6,0,175720,False,0.746,0.506,7,-7.945,1,0.0267,0.159,0.0,0.273,0.35,101.361,4,alt-rock,low
106114,3bWubl9oMzs5Z1n5KZXSSz,shy martin,can I call you back?,can I call you back?,57,153058,False,0.647,0.319,9,-9.987,1,0.0367,0.827,0.0,0.133,0.267,126.243,4,swedish,high
36682,0sC2VnAdZsCWd4qVTw7CvB,Luther,IDD,Chrysant3mes,33,136617,True,0.703,0.548,1,-10.643,1,0.65,0.119,0.0,0.0911,0.444,170.056,4,french,medium
17876,2iqRJPNkfUSg5TIHrM3B2m,Celina,Origins,A Hero Born,16,200175,False,0.528,0.781,0,-7.305,1,0.0318,0.00636,0.854,0.12,0.0388,95.999,4,club,low
110161,2w2WGSwcfSoZMpA9NKI2lj,Tiësto;SWACQ,The Business (SWACQ Remix),The Business - SWACQ Remix,42,169440,False,0.899,0.542,7,-7.393,0,0.0806,0.202,0.206,0.371,0.423,125.039,4,trance,medium
37130,7zJ9QW6qw89mJAtzEDzzai,Stevie Wonder,A Very 60s Christmas,What Christmas Means To Me,0,147800,False,0.524,0.614,0,-8.05,1,0.0363,0.202,0.0,0.0802,0.751,82.229,4,funk,low
44468,2NVrALq8HUj3Y0NKC4AjGw,Grey Daze,Amends,B12,48,213680,False,0.475,0.922,11,-5.136,0,0.0452,0.00738,0.0218,0.07,0.535,154.99,4,grunge,medium
52135,7dJoZ51kDGcJyDQRdFGCjw,Hank Williams;Drifting Cowboys,The Complete Hank Williams,Rootie Tootie,19,164706,False,0.535,0.384,4,-11.208,1,0.0374,0.842,0.0,0.115,0.904,165.053,4,honky-tonk,low
20425,42ydLwx4i5V49RXHOozJZq,Alessia Cara,Know-It-All (Deluxe),Scars To Your Beautiful,74,230226,False,0.319,0.739,0,-5.74,1,0.272,0.0285,0.0,0.111,0.449,194.169,4,dance,high
27053,6nq8E2aA2xCwGNE36VMiF7,DJ Fresh;Dizzee Rascal,Nextlevelism,The Power (feat. Dizzee Rascal) - Radio Edit,39,167293,False,0.547,0.943,8,-1.881,1,0.0909,0.0141,0.0,0.357,0.609,122.019,4,drum-and-bass,medium
38103,6IRzBP4gVoV4D2zHmocoWy,The Strokes,The New Abnormal,Eternal Summer,62,375320,False,0.617,0.78,7,-4.466,0,0.0376,0.0141,0.0112,0.0833,0.326,93.951,4,garage,high
38778,5k6l1d5qDciqW45DKkmLxz,Billy Childish;Dan Melchior,Root Damage,Length of Pipe,26,130772,False,0.481,0.953,2,-3.449,0,0.207,0.833,0.647,0.381,0.764,146.351,4,garage,medium
54325,1ySelcGSPG6LJENqs8DQcb,Nobukazu Takemura,Scope,Kepler,13,822266,False,0.512,0.541,9,-16.636,1,0.0374,0.909,0.903,0.111,0.0357,139.001,4,idm,low
93245,788lQuTF4znc74FwkK9nDw,Ivan Rebroff;Balalaika-Ensemble Troika,Ivan Rebroff Sings Folk Songs from Old Russia,Moldarian Suite,6,179466,False,0.39,0.435,10,-11.922,1,0.0385,0.877,8.63e-05,0.0766,0.511,124.938,3,romance,low
8264,738SQjONa0q63yhLxvg3m1,Zayde Wølf,Modern Alchemy,Gladiator,61,188333,False,0.54,0.78,9,-5.872,1,0.0418,0.0263,7.12e-06,0.35,0.514,144.011,4,blues,high
100822,5M7OeX5r7fHhiU5ndnb3xA,Soda Stereo,Comfort y Música Para Volar,Zoom - MTV Unplugged,35,201333,False,0.654,0.899,9,-5.335,1,0.0407,0.0337,0.00157,0.505,0.833,94.174,4,ska,medium
14399,1nwiV8eFYBJy9f2qywoPjd,Sweet Little Band,Beatles For Babies,Martha My Dear,35,159117,False,0.683,0.319,10,-7.821,1,0.0379,0.939,1.68e-05,0.143,0.741,84.987,4,children,medium
49788,6Pe62kAXj5YB60KZqEXeHB,The Prophet,The Hardcore Archive Part 3 (1997),The Sound He Makes (Original Mix) - Extended Mix,0,300305,False,0.691,0.901,4,-6.429,0,0.0546,0.0533,0.684,0.617,0.332,101.362,4,hardstyle,low
73966,3ciDWZzgNmtoDwrH3PkQ9f,T78;Next Generation,"Retro Future, Vol. 2",The Earthquake,36,367727,False,0.74,0.897,1,-5.969,0,0.039,0.00212,0.761,0.132,0.0766,131.995,4,minimal-techno,medium
23390,18UrmI8xBwVWgVsPxYVL7w,GAMPER & DADONI;Joe Jury,Satellites (feat. Joe Jury),Satellites (feat. Joe Jury),50,176078,False,0.535,0.54,7,-7.19,1,0.0377,0.0537,0.0,0.332,0.266,128.048,4,deep-house,high
38266,718purgMpFb2Axhuz0Hbq1,The Strokes,Comedown Machine,Chances,56,216786,False,0.561,0.569,6,-9.682,1,0.0289,0.365,0.611,0.109,0.53,103.705,4,garage,high
49351,5u6MUAawmhnFHVGaAGDj2v,Brennan Heart;Jake Reese,Lose It All,Lose It All,51,208000,False,0.362,0.752,0,-4.449,0,0.0384,0.161,0.0,0.135,0.282,149.548,4,hardstyle,high
25220,3cbV252akVZInSvJk7jAYX,Irene Cara,What a Feelin',Flashdance...What a Feeling - Radio Edit,72,237053,False,0.572,0.654,7,-7.027,0,0.0344,0.0058,3.21e-06,0.09,0.399,122.491,4,disco,high
34635,3AhXZa8sUQht0UEdBJgpGc,Bob Dylan,Highway 61 Revisited,Like a Rolling Stone,70,369600,False,0.482,0.721,0,-6.839,1,0.0321,0.731,0.0,0.189,0.557,95.263,4,folk,high
72581,1j0FpmahaWqEa0t8LLzstQ,Vanna,Curses,We Ate The Horse,26,248426,False,0.282,0.988,4,-1.234,1,0.17,1.69e-05,0.000234,0.231,0.274,115.852,4,metalcore,medium
85561,5lN1EH25gdiqT1SFALMAq1,The Black Keys,El Camino,Gold on the Ceiling,70,224333,False,0.505,0.833,0,-4.632,1,0.0475,0.00772,7.9e-05,0.069,0.565,130.121,4,punk-rock,high
6564,2PENGNC4Du8VO4eihW5EEf,Cadaveria,The Shadows' Madame,Spell,18,314920,False,0.21,0.99,7,-4.503,1,0.24,0.000117,0.0,0.38,0.117,89.588,4,black-metal,low
36932,6qxTCokfGW3kUS1IvcMd3J,Mansfield.TYA,Monument ordinaire,Le parfum des vautours,31,195800,False,0.48,0.197,2,-13.487,0,0.0434,0.968,0.0237,0.0865,0.371,149.84,4,french,medium
43280,68rtpMtVCxLurhiF2yfZuJ,Anton Ishutin,Vocal Deep House Hits,Into The Night,0,335598,False,0.752,0.634,10,-7.135,0,0.0644,0.000166,0.117,0.227,0.718,118.031,4,groove,low
106837,6k951kaRfuHowR3Ww3z1ij,Åsa Jinder;Cajsa Stina Åkerström,En Samling Med Åsa Jinder,Av längtan till dig,35,211426,False,0.541,0.193,0,-11.957,1,0.0433,0.821,0.0,0.0999,0.533,117.47,3,swedish,medium
75116,3hGwUpndi1F8yEISLTJ0oH,Karunesh,Colors of the East,Dervish Dream,49,354773,False,0.625,0.534,0,-13.765,0,0.042,0.751,0.891,0.0934,0.459,159.963,4,new-age,medium
10133,0nfQH9hmgwtQ4EK0945Zdy,Dub Pistols;Red Star Lion;Rodney P,Rum & Coke,Peace of Mind,19,295205,False,0.659,0.726,4,-6.349,0,0.225,0.396,6.94e-06,0.0812,0.883,176.023,4,breakbeat,low
19594,0YFPw3rQR1nSeyd3q0uY5h,Sturgill Simpson,Just Best Covers,In Bloom,0,240640,False,0.433,0.366,2,-8.98,0,0.0311,0.0682,0.248,0.123,0.267,78.366,4,country,low
51769,3Eb4VbsbXMpS5Mk9HWTDia,Badshah;Harrdy Sandhu;Lisa Mishra;Asees Kaur,"Chandigarh Mein (From ""Good Newwz"")",Chandigarh Mein,59,205200,False,0.809,0.873,6,-2.455,0,0.0556,0.00612,9.07e-06,0.0732,0.34,100.013,4,hip-hop,high
64935,4Lqk2GpiFB0ZRL2o62eL5U,Tony Esposito,Tony Esposito,Papa Chico,38,241932,False,0.823,0.256,10,-17.652,1,0.0549,0.261,0.000675,0.06,0.775,97.796,4,jazz,medium
40595,4oyrutD0AbRMNxrwU8IKSJ,Salzband,A Esperança Se Renova,Somos Um,41,268080,False,0.425,0.83,2,-6.317,1,0.0482,0.00277,0.667,0.352,0.447,164.963,4,gospel,medium
102146,77cbT021iJvQpRXZAtw5ek,Bryan Adams,pov: you are walking in a winter wonderland,Merry Christmas,0,151387,False,0.683,0.511,6,-5.598,1,0.0279,0.406,0.000197,0.111,0.598,109.991,3,songwriter,low
11040,4DTjE0HuAiFebTHvt6XOIn,The Rolling Stones,Pumpkin Patch Hits,Sympathy For The Devil,0,377746,False,0.636,0.67,9,-10.958,1,0.257,0.582,0.0,0.0453,0.572,115.577,4,british,low
62247,32YibHelVr8zJgie61Xh0T,Jamie Cullum,World's Best Christmas Playlist,It's Christmas,0,180626,False,0.534,0.533,5,-6.161,0,0.047,0.5,0.0,0.0875,0.478,136.854,4,j-pop,low
3430,5CwV9IOgmKbN7RdUTPBAYY,Smash Mouth,OO's Music Grandi Successi,All Star,0,200373,False,0.731,0.867,11,-5.881,1,0.032,0.0394,0.0,0.0861,0.776,104.02,4,alternative,low
88972,4r1iag8SixyX9KiRxWVswH,Simon la Letra;Dayser 23,Por Ti,Por Ti,43,258782,False,0.799,0.853,7,-5.484,0,0.0293,0.104,0.0,0.0734,0.97,115.052,4,reggae,medium
90613,3OPefQtYkLSsrsjfcHbl7C,Los Fredy´s,Nuestros Primeros 20 Éxitos,Mis Noches Sin Ti,31,127266,False,0.658,0.686,11,-1.038,0,0.034,0.697,0.0,0.13,0.607,116.169,4,rock-n-roll,medium
40539,1wlAJE1E8Dom0LwgAImVg9,Lauriete,João Viu,João Viu,41,288783,False,0.52,0.811,7,-4.437,1,0.0536,0.127,0.0,0.17,0.501,141.874,4,gospel,medium
30682,05Tj9EuuK3me0NBJsgcgd6,Unknown Brain;Marvin Divine,Say Goodbye,Say Goodbye,56,230117,False,0.59,0.807,5,-3.872,1,0.0759,0.0837,0.000101,0.113,0.207,170.072,4,edm,high
35150,0BVRi6cizWdDrLRmKI0qsw,Os Barões Da Pisadinha,Você Não Me Deu Moral,Chupadinha,46,150047,False,0.724,0.844,0,-6.39,0,0.0402,0.646,0.0,0.0744,0.967,172.096,4,forro,medium
39583,6pnKK9iz73QqrglYRza6n9,YBRE,Sinner,Sinner,42,138560,True,0.724,0.802,11,-5.188,0,0.172,0.0269,2.81e-06,0.161,0.88,170.049,4,german,medium
93060,1u73lqyN5sXys0H6aQVRht,Igor Talkov,Лучшие песни часть 2,Чистые пруды,10,341263,False,0.355,0.353,1,-12.428,0,0.0301,0.303,0.000412,0.164,0.165,141.473,4,romance,low
71558,6oO7WMjD6kEvCITLbVj0mu,System Of A Down,Hypnotize,Hypnotize,69,189440,False,0.274,0.92,6,-4.096,1,0.0489,0.0303,0.000412,0.115,0.0397,154.016,4,metal,high
3558,0eNfURq0r0oNSwFyw1VuVT,The 1975,Being Funny In A Foreign Language,Looking For Somebody (To Love),72,178617,True,0.522,0.957,2,-4.924,1,0.0687,0.0515,0.0014,0.144,0.917,170.91,4,alternative,high
23203,6VfKN3j3Cqb7nMWZPIX3bJ,Tchami;Gunna,Praise (feat. Gunna),Praise (feat. Gunna),55,210000,False,0.737,0.681,10,-10.063,0,0.0536,0.0401,0.0011,0.31,0.799,124.023,4,deep-house,high
23172,04oTyEbJ190RfXWSlTP4b7,James Hype;Pia Mia,Good Luck,Good Luck,61,147597,False,0.701,0.836,8,-6.093,1,0.051,0.0721,0.0,0.248,0.712,125.927,4,deep-house,high
36803,5f5DBTOW5Y6wPiKTVcYVkg,doVicente,Superlove,Superlove,58,145737,False,0.753,0.809,6,-8.268,1,0.0637,0.317,0.0076,0.141,0.409,119.991,4,french,high
88659,4fxF8ljwryMZX5c9EKrLFE,Shaggy,Boombastic,Boombastic,70,249933,False,0.867,0.538,2,-16.183,1,0.361,0.242,1.75e-05,0.316,0.781,158.328,4,reggae,high
95162,07lspWYhdJtdn6f6e3DiCD,Maraca,Tremenda Rumba!,Castigala,37,234133,False,0.762,0.886,10,-3.816,0,0.0407,0.402,0.0,0.04,0.967,102.059,4,salsa,medium
4321,1GfdC8GouQqL0RKKzgIhXw,Matooma,Deep Space,Heavenly Harps,59,184714,False,0.207,0.0537,0,-26.829,1,0.043,0.993,0.953,0.0991,0.0325,68.227,4,ambient,high
100281,553HoIBYchT1GkDHdTd8A7,Sekta Core,Ser Fuertes en el Alicia,Menos Yo,38,265106,False,0.458,0.898,7,-6.641,1,0.0612,0.000158,0.000123,0.729,0.376,111.658,4,ska,medium
70568,3mtw9kV3MNizwFtNyvsAnI,Namewee;G.E.M.,漂向北方,漂向北方,51,265325,False,0.398,0.822,5,-6.74,1,0.126,0.0837,0.0,0.252,0.203,174.14,4,mandopop,high
56424,4i3xoVyj8Ws3wJllgOHSTI,salem ilese,Mega Hits Autumn/Fall 2022,Hey Siri,0,140000,False,0.633,0.372,2,-11.809,1,0.0413,0.534,0.0,0.13,0.362,97.951,4,indie-pop,low
107149,5nsLVC5g1r2OqdROh7BlOm,Oingo Boingo,Halloween Party 2022,Dead Man's Party,0,378733,False,0.567,0.92,1,-5.669,1,0.0483,0.468,4.04e-05,0.28,0.9,161.004,4,synth-pop,low
44633,4GiVcDqNQI0fc0yYuRGH9m,Eve 6,Eve 6,Inside Out,69,219466,False,0.483,0.818,11,-7.666,1,0.0444,0.114,0.0,0.367,0.691,175.668,4,grunge,high
38181,2LMloFiV7DHpBhITOaBSam,The Strokes,Is This It,Hard To Explain,63,224426,False,0.406,0.682,7,-6.281,1,0.0584,0.000413,0.849,0.0999,0.623,82.495,4,garage,high
107858,6cC0RaAia6XHnt9Z5yXUvG,Zackey Force Funk,Chrome Steel Tiger,Rnd1,22,117248,False,0.71,0.568,0,-9.124,0,0.225,0.604,0.282,0.0598,0.782,81.074,4,synth-pop,low
106084,2jRISGsO4RTm9CQVb1Jusn,Clara Mae,I'm Not Her,I'm Not Her,59,194204,False,0.477,0.51,2,-8.94,1,0.275,0.228,0.0,0.0755,0.477,111.893,5,swedish,high
78274,2KBGElAlJ5kmUcGj4ACKTU,Stereoact;Giraffenaffen;Lena Marie Engel,Giraffenaffen 7 - Die große Geburtstagsfeier (Party mit Schlagerstars),Der Gorilla mit der Sonnenbrille,35,181226,False,0.826,0.842,7,-5.01,1,0.109,0.034,2.16e-05,0.0475,0.407,119.952,4,party,medium
87068,0HeG8Hl4Upx3zqwK7VNY2l,Chuck Berry,Christmas Songs 2022,Run Rudolph Run,1,162897,False,0.647,0.876,10,-5.662,1,0.185,0.881,3.59e-05,0.26,0.949,151.925,4,r-n-b,low
31125,2DpCdPMg1BADE4HDnxt3Rd,Daya,"Sit Still, Look Pretty","Sit Still, Look Pretty",63,202226,False,0.655,0.787,2,-3.031,1,0.264,0.122,3.11e-06,0.178,0.554,181.799,4,electro,high
110306,216UNs7lSOQNVcH6saiLOD,Sajanka,Time of India,Alejandro,27,348652,False,0.66,0.891,8,-7.813,1,0.104,0.197,0.829,0.108,0.192,148.001,4,trance,medium
34325,02sas1xqIwRm7iWSoHDvKe,Prateek Kuhad,In Tokens & Charms,Oh Love,44,211193,False,0.633,0.743,7,-8.029,1,0.0362,0.29,0.00696,0.0629,0.548,176.021,4,folk,medium
102062,4sO9tnvCH3DJZ3AAXoixjd,Prateek Kuhad,Mismatched (Music from the Netflix Original Series),Kahaan Ho Tum,53,155289,False,0.714,0.393,5,-10.157,1,0.0754,0.733,0.00192,0.123,0.72,67.589,4,songwriter,high
58745,4T073IowTzdJRPBaAtHK0Q,Murderdolls,Beyond The Valley Of The Murderdolls,Dawn of the Dead,23,223226,False,0.277,0.99,11,-4.318,1,0.405,0.000795,0.485,0.282,0.332,172.366,4,industrial,low
11719,4WXFhx6KBccTsCbGU415Sq,Peppa Pig,Bestest Daddy In The World,Bestest Daddy In The World,44,199201,False,0.693,0.625,0,-7.489,1,0.0671,0.418,0.0,0.332,0.78,175.815,4,british,medium
95193,4CDqrKaiI5oimvaThbay93,Maelo Ruiz,"Éxitos Originales, Vol. 2",El Reloj Cucú,34,324306,False,0.783,0.547,5,-10.081,1,0.0415,0.235,0.00112,0.0608,0.937,97.949,4,salsa,medium
113591,5ZXlrEFrZMWHZ0tzR28qxk,Reiki Armonía,"Musica Reiki - Musica Relajante para Reiki, Yoga, Meditación, Tai Chi y Armonia",Toque Terapeutico,25,212079,False,0.123,0.00887,6,-27.479,1,0.0389,0.99,0.925,0.123,0.0439,70.454,4,world-music,medium
77021,7HrTl8AfFjquGEfle9ckX1,Anitta;Swae Lee,Refresh - Pop To Cool Down,Poquito,2,175670,True,0.701,0.851,0,-4.03,1,0.125,0.508,0.0,0.309,0.609,144.832,4,pagode,low
72087,7jrkBLvhjeNs7X86wL3jKf,Lamb of God,Omens,Vanishing,55,288657,False,0.533,0.983,5,-5.175,1,0.107,9.47e-05,0.49,0.136,0.12,122.011,4,metalcore,high
12263,2yDm6S26Nc5LitK7GTz8wp,Miriam Yeung,電光幻影,小城大事,48,208506,False,0.582,0.345,2,-8.372,0,0.0334,0.879,0.0,0.215,0.326,120.067,4,cantopop,medium
68853,6JUMswocQ7Hp46kj9kyljT,Feid;Yandel,FELIZ CUMPLEAÑOS FERXXO TE PIRATEAMOS EL ÁLBUM,XQ Te Pones Así,79,218693,False,0.812,0.697,10,-3.441,1,0.0694,0.134,0.0,0.147,0.477,92.03,4,latino,very_high
80420,4Q3oEhpsDommo2naYhCpAl,Shreya Ghoshal,Rab Ne Bana Di Jodi (Original),Tujh Mein Rab Dikhta Hai - Ii,63,101799,False,0.334,0.3,2,-12.359,0,0.0377,0.863,1.62e-06,0.195,0.158,147.076,4,pop-film,high
95539,0xXdimJqiKkEoriGsih8WH,Alquimia La Sonora Del XXI,Éxitos de la Sonora Matancera: Pa' la Paloma,Cañonazo,30,321544,False,0.716,0.941,8,-2.531,1,0.0941,0.587,0.385,0.0593,0.661,183.841,4,salsa,medium
83824,0HWt1VRBM1b6beVmcjPxIH,Sultan + Shepard;Angela McCluskey,Indigo EP,More Than You Ever Know,49,296803,False,0.629,0.739,9,-7.014,0,0.0357,0.0892,0.557,0.105,0.0674,121.984,4,progressive-house,medium
7996,3J1BQ2acB1OHTQKeI1cWkR,John Berry,Greatest Hits,Standing On The Edge Of Goodbye,21,245533,False,0.653,0.604,10,-8.601,1,0.0268,0.0119,0.0,0.0688,0.298,119.145,4,bluegrass,low
78853,1gk1iCwuu1MXx1H9KXeA6w,DJ Ötzi;The Bellamy Brothers,Simply The Best,I Need More Of You,44,216453,False,0.636,0.881,7,-6.112,1,0.0272,0.0289,0.000169,0.312,0.911,119.986,4,party,medium
68538,2YVn2wkwLYSVkSV6qgKIPg,Kevin Martes 13,Inmortal,Jarabe - Remastered,55,142814,False,0.666,0.828,10,-5.896,0,0.0564,0.0463,0.0,0.354,0.69,97.992,4,latino,high
34788,04JS6OitE9VGsIS3S94Osg,The Civil Wars,Slow Christmas Songs 2022,I Heard The Bells On Christmas Day,0,154440,False,0.492,0.145,2,-14.504,0,0.0422,0.872,9.68e-06,0.107,0.218,90.078,4,folk,low
63283,0lXrKeeEkBTAi7GFF5NZRa,Mr.Children,REFLECTION{Naked},未完,37,290506,False,0.576,0.939,2,-4.004,1,0.043,0.00364,0.0,0.179,0.361,126.926,4,j-rock,medium
98855,0acLFqq9jeMafFeRZWDEil,Mark Seibert,Artus Excalibur - Das Musical,Nur Sie Allein,21,303225,False,0.27,0.292,10,-9.552,1,0.0387,0.789,1.16e-05,0.0783,0.0657,140.684,4,show-tunes,low
9068,5wSagCWflNwJ1xM59ZKw6O,Pato Fu,Gol de Quem?,Sobre o Tempo,52,207533,False,0.633,0.551,11,-12.294,1,0.0427,0.00731,0.123,0.144,0.427,94.946,4,brazil,high
54271,0z9jdh1zfhzHgtevwRcDxX,dreissk,The Finding,Not Enough,13,426533,False,0.321,0.7,6,-9.623,1,0.0394,0.0597,0.851,0.289,0.0349,87.037,4,idm,low
111191,5V6lXbBmhhc6PJMe05XMOV,Coldcut;Lisa Stansfield,People Hold On: The Remix Anthology (Deluxe),People Hold On (feat. Lisa Stansfield) - Full Length Disco Mix,26,564160,False,0.621,0.769,7,-8.694,1,0.0414,0.00246,0.000934,0.304,0.847,122.252,4,trip-hop,medium
79217,2lxBZVbkiCXC1soks2RXwV,Ben Rector,Magic,Love Like This,61,214240,False,0.637,0.14,2,-11.472,1,0.0407,0.903,0.0,0.107,0.392,139.78,4,piano,high
49630,6iKzWzuXS3fAP1y51lvn8b,Outsiders,Molotov,Clint Eastwood,22,185774,False,0.466,0.624,3,-6.527,0,0.0309,0.000307,0.0,0.0997,0.503,80.012,4,hardstyle,low
35523,3HOKRIHC9i80iSEP4PhWOg,Weliton O Gordinho;Thiago Aquino,EP Desbloqueado,Teu Herói,41,201128,False,0.855,0.556,11,-6.799,0,0.0326,0.639,1.5e-06,0.137,0.765,133.004,4,forro,medium
54073,3Wdr0d29YT5YX8PdvxWEaC,Kyson,Lucky Notes,If You Could Love Someone,0,96000,False,0.296,0.137,9,-21.716,1,0.0363,0.977,0.655,0.0731,0.289,144.792,3,idm,low
23451,0YEgVqBmj14YWgv7w32Qm4,CID,Where I Want 2 B,Where I Want 2 B,59,201908,False,0.769,0.885,9,-4.547,0,0.0542,0.00364,0.463,0.0796,0.824,126.017,4,deep-house,high
73447,2CPXVcNu9Qxi6HCn43yjVN,Paul Kalkbrenner,Zeit,Zeit,23,321066,False,0.512,0.642,2,-9.323,1,0.0263,8.94e-06,0.824,0.128,0.145,133.31,4,minimal-techno,low
34793,30cYWLpVdBZVLb1cYdmcTT,The Civil Wars,Acoustic Christmas Campfire,I Heard The Bells On Christmas Day,0,154440,False,0.492,0.145,2,-14.504,0,0.0422,0.872,9.68e-06,0.107,0.218,90.078,4,folk,low
12395,1hkWC7HotEohGDuu56taeb,Ekin Cheng,Friends For Life,仍能情深愛上,23,245226,False,0.443,0.436,10,-7.858,1,0.0245,0.409,1.33e-06,0.186,0.203,150.656,4,cantopop,low
19856,7BD50ATrF3Vab5FQy7vtK8,LeAnn Rimes,Greatest Hits,How Do I Live,69,266973,False,0.577,0.462,2,-7.989,1,0.0279,0.128,0.0,0.0822,0.258,128.303,4,country,high
74922,5enNdx4oAh9GK3sXWzpge4,Maglore,Veroz,Às Vezes um Clichê,41,200444,False,0.659,0.816,6,-4.524,1,0.0274,0.0889,1.05e-05,0.193,0.874,124.932,4,mpb,medium
69849,6KAAhLUEt9AnGstQgIhb37,D’MASIV,Perubahan,Sebelah Mata,31,221093,False,0.56,0.732,0,-4.376,1,0.0363,0.00334,0.0,0.177,0.795,144.922,4,malay,medium
37688,1CYTfHtbkqBoKZoyoHkXtL,DJ Matt D;Menor MC;MC Kevin o Chris;Mc Marcela GC;Helamã MC;Mc negrone;MC Julio D.E.R.;Mc Lele JP;MC Leozinho ZS,Homenagem Aos Relíquias 4.0,Homenagem Aos Relíquias 4.0,44,562000,False,0.786,0.472,8,-9.906,0,0.337,0.191,0.0,0.197,0.648,129.874,4,funk,medium
29029,5ZAUiOlYURVJEJ5ktV03v5,Culture Code;Karra,Make Me Move,Make Me Move,61,197052,False,0.537,0.65,8,-4.665,0,0.0415,0.215,0.000122,0.1,0.358,95.056,4,dubstep,high
35417,6GWaU9mWtYPquwPu87yG2W,Marcynho Sensação,Junho 2K21,Gatinha,42,192600,False,0.641,0.73,9,-6.976,1,0.0862,0.185,2.27e-05,0.0683,0.622,132.079,3,forro,medium
101984,18uUw1Stb2demvWXH7ZwMN,Vacuum Cleaner White Noise;Baby Sweet Dream,Soothing Sleeping Sounds,Clean White Noise - Loopable With No Fade - Baby Sleep,31,86373,False,0.0,0.00224,10,-40.606,1,0.0,0.971,0.717,0.105,0.0,0.0,0,sleep,medium
112608,72EsHQaM41uaUlq2nMHQFy,mor ve ötesi,Gül Kendine,Bazen,38,235266,False,0.538,0.597,0,-8.767,1,0.03,0.00211,0.00255,0.124,0.764,143.035,4,turkish,medium
61157,0LrGGgGSxSfkDFPYDlTb4P,Seiko Matsuda,SEIKO STORY〜80's HITS COLLECTION〜,Eighteen,27,200213,False,0.734,0.691,7,-7.119,1,0.0314,0.645,4.49e-06,0.0897,0.965,129.372,4,j-idol,medium
98993,16c3vj2frWYWMVH3QgOMu6,Company,Xanadu: Original Broadway Cast Recording,All Over the World,19,197013,False,0.637,0.675,5,-4.092,1,0.0436,0.73,0.0,0.131,0.704,130.923,4,show-tunes,low
86245,67HyrTkDWSI00qAhvyQFEW,LCD Soundsystem,All Out Alternative,Daft Punk Is Playing at My House,0,201720,False,0.922,0.839,7,-6.908,1,0.0502,0.0195,0.00049,0.0217,0.977,135.997,4,punk,low
81843,2bygWMs35RbVPihSUVr0lA,Sam Smith,Christmas Best Hits 2022,Have Yourself A Merry Little Christmas,0,170964,False,0.438,0.178,5,-9.402,1,0.0414,0.957,1.1e-06,0.316,0.344,75.25,1,pop,low
29374,2mhD6IAZ7oGdRT8bzFI5tF,FREAKY;Shaquille O'Neal,Backbreaker,Backbreaker,45,188607,True,0.416,0.963,1,0.153,1,0.1,0.0056,0.0011,0.19,0.0361,111.498,4,dubstep,medium
67095,2qlnxV0z8Fg40ZuUghVjOE,Feid,Halloween con perreito,Si Te La Encuentras Por Ahí,0,191506,False,0.736,0.569,8,-3.559,0,0.0779,0.144,5.27e-05,0.112,0.433,171.973,4,latin,low
53892,0IzPHAC15RkbfYhzlSEUK9,Surf Mesa;Emilee,Beginner Ride (Sweat & Burn),ily (i love you baby),0,181071,False,0.667,0.799,11,-7.318,0,0.0812,0.0589,0.0119,0.362,0.288,112.054,4,house,low
28921,0Fnr9uVtG6txfh1TyIyI5s,WE ARE FURY;Brassie;Kyle Reynolds,Crown,Crown,43,171428,True,0.707,0.67,0,-5.506,1,0.0657,0.0135,6.91e-05,0.417,0.312,139.975,4,dub,medium
65356,7eYJ9NjhLPtCjyoJfWpfMr,Jubin Nautiyal;Kunaal-Rangon,"Phir Mulaaqat (From ""Cheat India"")","Phir Mulaaqat (From ""Cheat India"")",53,250017,False,0.5,0.539,9,-8.127,0,0.0593,0.572,0.0,0.323,0.29,140.078,3,k-pop,high
49594,2IzkF2SAaG8QTai5R3WJJY,Rejecta;Rude Convict,Rise of Rejecta,Deserve To Die - Rude Convict Remix,22,210225,False,0.551,0.968,9,-2.038,1,0.232,0.0579,0.0,0.373,0.3,155.025,4,hardstyle,low
90635,5ZiS8LSnCJd3zwMLkmHc2y,Los Tukas,Tesoros De Coleccion - Los Tukas,Albricias,31,172133,False,0.376,0.353,9,-11.551,1,0.0314,0.621,0.0,0.145,0.616,183.75,4,rock-n-roll,medium
109622,1lbUtnuS8AYvKd0lziKpJ4,Adam Beyer;Layton Giordani;Green Velvet;Pleasurekraft,Space Date Remixes,Space Date - Pleasurekraft Remix,48,549051,False,0.723,0.822,10,-9.421,0,0.0452,0.000607,0.788,0.112,0.0629,127.007,4,techno,medium
38217,2WrzwxqDxBWcWYkk9DAJ9j,Summer Salt,So Polite,Candy Wrappers,56,194418,False,0.691,0.546,5,-7.33,1,0.0263,0.696,0.415,0.302,0.483,95.047,4,garage,high
88035,3BK7JmX1P4GSGx5mdG3aiL,Feid,Esto me suena a Farra,Prohibidox,2,166253,False,0.647,0.801,1,-2.946,0,0.249,0.0451,0.0,0.0628,0.517,180.108,4,reggae,low
37883,4WuWnhoSBm2jMZ2kju6hx1,Sam & Dave,Thanksgiving Party,I Thank You,0,172760,False,0.789,0.373,1,-11.937,1,0.0923,0.317,9.67e-05,0.0711,0.711,117.919,4,funk,low
72536,6yXwzAdml0MyRURctW038w,Bring Me The Horizon,There is a Hell Believe Me I've Seen It. There is a Heaven Let's Keep it a Secret,It Never Ends,51,274133,True,0.394,0.949,0,-5.443,0,0.0907,9.87e-05,0.00026,0.38,0.136,105.048,4,metalcore,high
52776,6REc8idTpdDdMlMIcnER2F,George Jones,Walk Through This World With Me,That Heart Belongs To Me,12,184026,False,0.554,0.344,2,-9.304,1,0.0319,0.602,0.0,0.166,0.407,115.212,4,honky-tonk,low
68845,6hufSKKiNAOUdS5JVym6hu,31 Minutos,31 Canciones de Amor y una Canción de Guaripolo,Nunca Me He Sacado un 7 - Michael Astudillo Jr,41,120600,False,0.77,0.686,2,-6.469,1,0.103,0.63,0.0,0.0955,0.938,96.967,4,latino,medium
86048,0afzkvZmb1oSEEC9tgDGez,Rise Against,Alternative Christmas 2022,Making Christmas,0,207213,False,0.515,0.97,1,-4.825,1,0.062,6.21e-05,0.00799,0.149,0.609,163.912,4,punk,low
94241,5PmtPTXrLqgqQfqngsUqZp,sammy rash,summer&cigarettes,summer&cigarettes,64,114427,False,0.834,0.402,5,-10.277,0,0.072,0.76,0.0,0.279,0.684,122.008,4,sad,high
98306,7FogPUYowkozG5P1NbYOEE,Andy Karl;Groundhog Day The Musical Company;Tim Minchin,Groundhog Day The Musical (Original Broadway Cast Recording),Stuck,27,214120,False,0.771,0.503,6,-8.19,1,0.0656,0.691,0.0,0.675,0.875,127.905,4,show-tunes,medium
2704,35YyxFpE0ZTOoqFx5bADW8,Radiohead,In Rainbows,Nude,69,255386,False,0.516,0.342,4,-9.785,1,0.0342,0.832,0.579,0.0857,0.167,128.378,3,alt-rock,high
79956,3AbK2ut769qCyhdAox3QVQ,Biba Dupont,Loopholes,Loopholes,44,170889,False,0.316,0.168,4,-22.999,0,0.0302,0.987,0.902,0.108,0.0387,133.078,4,piano,medium
81587,5QKiLD7zEXvQc8VlFYmqhb,Jaani;Lijo George-Dj Chetas;Ram Miriyala;Geetha Madhuri;Sukh-E Muzical Doctorz,"Coka 2.0 [From ""Liger (Telugu)""]","Coka 2.0 (From ""Liger (Telugu)"")",66,166391,False,0.802,0.929,7,-2.036,1,0.118,0.608,4.81e-06,0.157,0.828,96.969,4,pop,high
32840,5g2zTEnrgZQa9MInAahB3h,Valdes,Una Vez Más,Otra Vez,34,244689,False,0.677,0.537,8,-6.273,1,0.0368,0.297,0.000437,0.0863,0.373,74.001,4,electronic,medium
93083,2EjRmp0yMzHWPZ9Vn69s1L,Vladimir Troshin;Оркестр п/у Бориса Карамышева,"Пусть песни расскажут, какими мы были",Сердце моё,9,185466,False,0.516,0.363,8,-11.595,1,0.0358,0.79,7.83e-05,0.318,0.629,127.347,4,romance,low
50559,3jSIOzzYkIiY2ENRrLELzl,Mastifal,Rock Podrido (Covers),Rock para el negro Atila,22,175066,False,0.496,0.962,11,-4.046,1,0.0974,0.000307,0.0934,0.227,0.537,96.0,4,heavy-metal,low
36514,12QphPukpWDR9w1iimddfP,Polo & Pan,Ani Kuni,Ani Kuni,60,276386,False,0.661,0.623,0,-6.157,1,0.0292,0.198,0.602,0.0753,0.0491,121.002,4,french,high
11174,4R59wt5nnhYo88PIu3cUIt,Blanco White,On the Other Side,Olalla,66,248160,False,0.573,0.406,3,-11.946,1,0.0361,0.653,0.475,0.123,0.376,130.021,4,british,high
36121,3yZuIZOZCBImbR0SKTkj7S,Lvne,Beautiful,Beautiful,61,177611,False,0.731,0.683,7,-10.692,1,0.181,0.206,0.082,0.556,0.156,122.982,4,french,high
55832,7qU4teUQNnqYr2vzTcLVZu,Masala Coffee,Kaantha Reprised,Kaantha Reprised,43,226666,False,0.62,0.85,8,-6.095,1,0.0505,0.0161,0.0813,0.099,0.3,126.016,4,indian,medium
24926,6ka1KXsltZEW5J9o5PDxMW,Delano Smith,The Insomnia EP,Magic - Original Mix,6,314285,False,0.851,0.579,4,-10.708,0,0.159,0.000499,0.856,0.329,0.335,125.998,4,detroit-techno,low
29302,3nbnyZb8F60d9vHLm8RX9N,Seven Lions;Ellie Goulding,Don't Leave,Don’t Leave,50,169106,False,0.523,0.716,11,-5.861,1,0.0355,0.0045,0.000669,0.299,0.386,131.972,4,dubstep,high
108384,6YVT09tAK0fqWqzA61Gr3S,Julio Sosa,Mis Primeros Éxitos,La Última Copa,20,154044,False,0.551,0.246,9,-12.737,0,0.107,0.995,0.797,0.112,0.827,104.767,3,tango,low
83567,0T64SYe5jQTQq57E6d94N3,Hardwell;Carnage,Spaceman,Spaceman - Carnage Festival Trap Remix,53,234160,False,0.712,0.499,11,-8.976,1,0.0768,0.0233,0.77,0.101,0.255,139.987,4,progressive-house,high
102858,1B4KDy5VAXxR8FayLvWlJu,mehro;AWAY,like you're god (AWAY Remix),like you're god (AWAY Remix),47,185142,False,0.663,0.446,11,-8.009,0,0.348,0.288,0.00524,0.324,0.221,139.6,3,songwriter,medium
36020,6tFTvOg7J59fmBmN0NlQge,Polo & Pan,Pop Fun and Christmas Music 2022,Magic,0,408800,False,0.575,0.7,7,-8.444,1,0.0636,0.34,0.0329,0.0998,0.113,110.989,4,french,low
45031,5IfoSbqqCzdEBHjFRhxT0s,Los Tres Caballeros,Los Tres Caballeros,Demasiado Tarde,35,190566,False,0.65,0.414,3,-9.283,1,0.035,0.838,0.00171,0.0807,0.639,95.728,4,guitar,medium
97894,6BJQzHW11F6hv3F8zm07oN,Milionário & José Rico,Decida,Fim de noite,44,240066,False,0.322,0.529,0,-6.159,1,0.0294,0.429,0.0,0.416,0.391,168.765,3,sertanejo,medium
61683,1Te7nc43FVDg9bxbQvnvic,BiS,Hey boy hey girl,Hey boy hey girl,21,223155,False,0.511,0.984,6,-2.154,1,0.0468,0.000625,0.232,0.167,0.781,150.129,4,j-idol,low
3837,1HkRBvClGlCu8s2CCX9QGM,AFI,Halloween Scary Party,Halloween,0,238106,False,0.286,0.929,11,-8.494,0,0.091,0.00231,0.00074,0.0946,0.127,99.762,4,alternative,low
6248,1eUrfmvVOuy7RsS11Kz74Q,Toxic Holocaust,An Overdose of Death...,"Feedback, Blood & Distortion",22,206973,False,0.26,0.994,10,-5.291,0,0.0909,6.47e-06,0.704,0.0958,0.36,145.913,4,black-metal,low
93680,6oQrWJ0m3LeQLSt6dfgS44,Yuri Morfessi,"Смейся, смейся громче всех",Кирпичики,0,157963,False,0.289,0.309,1,-9.379,0,0.0427,0.992,2.15e-06,0.151,0.451,176.318,3,romance,low
11262,75zMKn5euxQdlkZgu4P42J,The Rolling Stones,The Rolling Stones Singles Collection: The London Years,Sympathy For The Devil,64,376800,False,0.728,0.681,9,-10.943,1,0.221,0.61,0.0,0.0559,0.578,115.944,4,british,high
101530,0u8SbFXDKB2rRM6MSo7IIh,Bedtime Baby,Baby Music: Help Your Baby Sleep Through The Night,Good Dreams,37,85212,False,0.538,0.0983,0,-18.189,1,0.0571,0.99,0.936,0.136,0.203,65.769,4,sleep,medium
11449,3WdJ1JlLajVO1yxbgifoZl,Blind Faith,Moonscars The Ultimate Fantasy Playlist,Battle of Evermore,0,247866,False,0.534,0.416,4,-13.251,0,0.0309,0.572,1.87e-05,0.376,0.374,145.092,4,british,low
77778,5I4qGhbTGBIswGhp6K40Dy,Fala Comigo;Tiee,Roda de Samba Tiee e Fala Comigo no Complexo Fora do Eixo (Ao Vivo),Seu Balancê / Moleque Atrevido - Ao Vivo,43,330101,False,0.505,0.721,2,-7.741,1,0.139,0.726,0.0,0.513,0.911,120.067,4,pagode,medium
38173,6mVD1SfTvlFAPVi7txFL5H,The Strokes,Angles,Machu Picchu,64,209626,False,0.695,0.817,1,-5.294,1,0.0659,0.0132,0.097,0.0601,0.874,105.014,4,garage,high
25495,63BG7iW7Tax4WFpuTQ3lf0,Stefan Peters,Engel in Palermo (feat. Matty Valentino),Engel in Palermo (feat. Matty Valentino) - Party-Version,32,218213,False,0.654,0.985,5,-3.924,1,0.0358,0.036,9.1e-05,0.34,0.738,132.001,4,disco,medium
112190,1E5Zumas0loctbiUN2whpi,Sera Savaş,Kiraz,Anlatsam Anlatamam,43,138165,False,0.605,0.402,8,-13.79,1,0.293,0.448,0.0,0.133,0.781,115.321,4,turkish,medium
38067,2t0wwvR15fc3K1ey8OiOaN,The Strokes,The New Abnormal,Selfless,71,222093,False,0.538,0.679,4,-4.297,1,0.0333,0.191,0.00175,0.0889,0.0888,121.99,4,garage,high
90780,1L6029U8dgubxgANpj59SP,Los Baby's,Antología...Los Baby's,Va cayendo una lágrima,29,171000,False,0.481,0.421,4,-9.869,1,0.0987,0.762,0.000228,0.487,0.81,165.455,4,rock-n-roll,medium
69886,3Sls6T3QFvvwxciraaQh0p,K. G. Markose,K. G. Markose Birthday Special Songs 2020,Palnila Punchiri,20,306001,False,0.74,0.669,4,-9.561,0,0.0397,0.42,7.59e-06,0.0953,0.967,169.941,3,malay,low
28907,29Ow3vHlsyZnCVIkDWu9sH,MYRNE;JPB;Yung Fusion,NCS: The Best of 2016,Feels Right,27,199187,False,0.447,0.948,9,-2.503,0,0.307,0.053,8.68e-05,0.882,0.677,89.928,4,dub,medium
105597,7h8QCTJw2hDrOR3ygyVHpN,Nathan Kawanishi,Nostalgia,Hatagaya Greenways,11,103225,False,0.467,0.349,6,-10.731,1,0.044,0.919,0.83,0.11,0.105,148.952,4,study,low
1255,7sJh1Fj7dcuHnHSqL8FHf3,Amplexos;Digitaldubs;Leão Etíope do Méier;Lenine,Segura,Segura,23,238293,False,0.538,0.533,0,-12.113,1,0.0518,0.0184,0.0133,0.109,0.365,74.973,4,afrobeat,low
2107,5Sco7mbJy7p7vdDtJW10fZ,The Score,Pressure,Born For This,65,234013,False,0.631,0.684,5,-6.27,0,0.0405,0.0576,0.0,0.0938,0.528,129.974,4,alt-rock,high
71477,5KnqauuLF6qyZA9RzfeKxG,Red Hot Chili Peppers,Return of the Dream Canteen,The Drummer,68,202888,False,0.536,0.894,9,-5.687,1,0.0479,0.00596,0.0168,0.118,0.784,174.899,4,metal,high
90423,0ygvZpFhwpSoQl8mw5d4jg,Gene Vincent & His Blue Caps,Dance To The Bop,Say Mama,33,131960,False,0.484,0.84,9,-9.832,1,0.0401,0.398,0.0,0.349,0.964,156.167,4,rock-n-roll,medium
72354,4AAcxOYMztCUH7dtNv4JFo,Foxblood,Grief & Mercy Sleep,Mess Like Me,52,223636,False,0.456,0.832,5,-5.411,0,0.0427,0.000125,0.0,0.397,0.365,132.055,3,metalcore,high
101747,5hE15s7v2UUuFYw0xYX3rV,Granular,Unison,"White Noise - Hi Res 541,1 hz",34,116913,False,0.207,0.203,0,-35.357,0,0.0502,0.982,0.971,0.158,0.0391,70.036,3,sleep,medium
70960,5zpEPwbPcf0Kl2dEyw0T0A,David Tao,黑色柳丁,月亮代表誰的心,44,204986,False,0.622,0.421,1,-7.113,1,0.0371,0.179,2.04e-06,0.196,0.513,169.92,4,mandopop,medium
62547,2FU1YUBRONE4XXTiffe2Bv,Sertab Erener;Öykü Karayel,İyiliğe Ninniler,Benim Annem Güzel Annem,41,145008,False,0.671,0.185,0,-10.555,1,0.0302,0.986,0.0,0.106,0.353,77.943,3,j-pop,medium
17507,6FtUUBRsv1YCZNhgLcebDQ,KLOUD,ERROR,ERROR,38,240000,False,0.527,0.749,10,-5.774,0,0.0459,0.0145,0.542,0.129,0.0926,116.028,4,club,medium
70538,6y7k84V92mO8x70SugJi1c,Feng Ze,你不用知道,你不用知道,24,233944,False,0.597,0.461,5,-6.847,1,0.0269,0.605,0.0,0.355,0.496,127.911,4,mandopop,low
47491,5bW5BtZD24h2zAAaFKet2M,Charlie Brown Jr.,Nadando Com Os Tubarões,Pra Mais Tarde Fazermos A Cabeça,40,180960,False,0.617,0.823,1,-4.782,1,0.172,0.407,0.0,0.0955,0.821,80.245,4,hard-rock,medium
34532,71CXzHYYOyNqgtVFpNdeCS,Lobo,Of A Simple Man,I'd Love You to Want Me,67,247640,False,0.431,0.543,10,-9.96,1,0.0394,0.122,0.000123,0.0598,0.44,77.507,4,folk,high
41782,0SQbZHWkzlr5H6GqudaqVL,Roffe Ruff;Hofmästarn,Panterparken,Ljug För Mig,22,258399,False,0.807,0.607,7,-12.034,1,0.108,0.246,0.0,0.109,0.944,94.277,4,goth,low
14243,6GKPOc1LLYP7xggLMpwceW,Tatiana,Diversión para los peques,Susanita Tiene Un Ratón,0,157933,False,0.654,0.956,10,-3.824,1,0.0317,0.0292,0.00118,0.283,0.948,136.041,4,children,low
33090,2E43WFS4rRc09za2r2GmZl,Fall Out Boy,Save Rock And Roll,My Songs Know What You Did In The Dark (Light Em Up),73,186826,False,0.558,0.924,9,-4.341,0,0.064,0.0271,3.32e-06,0.537,0.567,151.99,4,emo,high
103984,4xmq2DFdbkwVqimOKQGZU7,Samm Henshaw,The World Is Mine (Whole World Ahead),The World Is Mine (Whole World Ahead),57,175627,False,0.565,0.905,6,-4.396,1,0.149,0.108,0.0,0.378,0.79,98.038,4,soul,high
16787,7rN1USAZLV2lsOT2e3ExHk,Wolfgang Amadeus Mozart;Arthur Grumiaux;Walter Klien,Mozart: A Night of Classics,"6 Variations in G minor for Piano & Violin on ""Hélas, j'ai perdu mon amant"" K.360: Var. VI",17,61826,False,0.368,0.115,0,-22.659,0,0.0457,0.985,0.163,0.121,0.503,85.384,4,classical,low
76207,6umBxaxgV2q52o3Q8wH2Ma,Susan Boyle,I Dreamed A Dream,I Dreamed a Dream,52,190560,False,0.286,0.378,10,-8.752,1,0.0382,0.803,0.000518,0.107,0.113,69.316,4,opera,high
82814,0W8aG3ZDwyGZHPsf4oGNeU,Blake Babies,Sunburn,I'm Not Your Mother,21,191333,False,0.564,0.753,7,-8.686,1,0.0283,0.0485,0.000116,0.331,0.711,145.087,4,power-pop,low
63230,4GVzBVrDce2kS5TDQBMUJ5,MFÖ,Ele Güne Karşı Yapayalnız,Bu Sabah Yağmur Var İstanbul'da,40,220641,False,0.504,0.245,2,-11.935,1,0.0331,0.706,0.0,0.137,0.266,120.0,4,j-rock,medium
83908,4lgEtC1W3xZSRFoJuPLmkk,Le Youth,Virgo,Virgo,50,324000,False,0.593,0.871,8,-8.068,1,0.0386,0.279,0.894,0.131,0.0719,121.994,4,progressive-house,high
55883,2VTUr7TWzOnBig59RYdCsC,Pritam;Arijit Singh;Antara Mitra,Arijit Singh - Ultimate Love Songs,"Gerua (From ""Dilwale"")",46,345558,False,0.371,0.668,11,-7.269,0,0.0497,0.636,2e-06,0.294,0.403,87.458,4,indian,medium
44122,3HE50TVRquwXe9yv2HFoNL,Three Days Grace,One-X,Never Too Late,70,209333,False,0.433,0.778,2,-4.68,0,0.0371,0.00838,0.0,0.163,0.217,149.864,4,grunge,high
62432,5hVAQTNarrb3lmWqg9Ens4,Lilas Ikuta,Answer,Answer,66,246000,False,0.622,0.475,0,-6.199,1,0.036,0.512,0.0,0.127,0.388,79.954,4,j-pop,high
105122,1HPkUkxIEVAyc4AcEUIqIA,Breakfast For Brunch,One Nap At a Time,One Nap At a Time,44,140000,False,0.617,0.375,10,-12.871,0,0.0426,0.763,0.927,0.176,0.201,136.037,4,study,medium
74490,7vtaQe206vLuZSYDGz6grq,Chico Buarque,Na Carreira (Ao Vivo),Geni e o Zepelim - Ao Vivo,42,337133,False,0.469,0.523,0,-7.54,0,0.0391,0.893,0.0,0.732,0.477,152.013,3,mpb,medium
29037,7uDjywLMNvTwD4WVYo9Yoh,Whales,Gilded Cage,Gilded Cage,32,136000,False,0.698,0.744,6,-3.082,1,0.158,0.0132,0.0261,0.214,0.56,100.667,3,dubstep,medium
75316,3umEiXjMwOxASAGBVbkfS1,David Wahler,Antiquus,Ancient Dawn,24,259680,False,0.0642,0.263,7,-14.83,0,0.0354,0.399,0.939,0.249,0.0617,52.646,4,new-age,low
109887,3u12rwmjySvkukiKszbVpN,Boris Brejcha,Club Vibes Part 02,Jawbreaker,45,445440,False,0.839,0.48,0,-10.239,0,0.0872,8.28e-06,0.877,0.0738,0.414,125.013,4,techno,medium
46525,0zXefV9c7LiXgJQka5uiMe,Tha Playah,Walking The Line,Walking The Line,20,369475,False,0.503,0.93,4,-4.539,1,0.377,0.117,0.000637,0.608,0.309,170.09,4,happy,low
109921,4t1DXTyp454P6uY7FL29rg,Amelie Lens,Contradiction,Drift,42,397500,False,0.793,0.476,11,-15.635,0,0.0682,0.0673,0.941,0.104,0.0599,127.993,4,techno,medium
100230,7kCwnahdTEHBz2MKAsf6P6,Los Caligaris,20 Años: El Show Más Feliz del Mundo (En Vivo),Que Corran - En Vivo,40,358998,False,0.375,0.76,0,-9.733,1,0.0937,0.0367,4.34e-06,0.255,0.462,171.848,4,ska,medium
38442,0pcMryjkcJE7FDLX463c24,Cash Savage and the Last Drinks,One of Us,Rat-a-tat-tat,30,273473,False,0.429,0.771,11,-5.247,0,0.0313,0.00205,0.00312,0.182,0.705,90.977,4,garage,medium
71185,0X2rK2dB3aEGw1KOK0ioAL,Rob Zombie,Pumpkin Patch Hits,Dragula,0,222893,False,0.579,0.978,0,-5.327,0,0.0548,8.55e-05,0.000141,0.0955,0.558,125.073,4,metal,low
21353,6NgjdJrK7Bpyvsm8yDtx4H,Omah Lay,What Have We Done,Godly,55,175215,False,0.64,0.574,5,-8.951,0,0.091,0.138,0.00492,0.342,0.538,198.014,4,dancehall,high
49317,5p0gYMQLBNXX84s2kmw0DY,Faizar,Alive,Alive - Original Edit,24,146458,False,0.524,0.983,11,-2.176,0,0.04,0.0514,0.000449,0.345,0.864,149.973,3,hardstyle,low
109414,6VGNzYErt08Rai78mLkIzI,Oxia,Domino Remixes,Domino,52,435266,False,0.785,0.69,3,-10.225,0,0.0698,0.00291,0.907,0.203,0.215,128.879,4,techno,high
93975,7hDaoAvDL0abhoyOnyEgmb,Vladimir Nechaev,Хочу лететь на пламя!,Снег,0,292733,False,0.448,0.581,4,-6.69,0,0.0277,0.486,0.0,0.322,0.293,140.018,3,romance,low
66759,5n1KwNkJXixrG3HK0tq5Cy,Ray Remesch,"EFlashApps Nursery Rhymes, Vol. 3",Turkey in the Straw,8,71409,False,0.827,0.668,5,-5.479,1,0.048,0.794,0.0,0.12,0.949,102.35,4,kids,low
112777,4aoN6rHl9SkAZJw8BFh4yf,Zülfü Livaneli,Nefesim Nefesine,Nefesim Nefesine,38,338866,False,0.398,0.318,3,-12.283,1,0.0299,0.544,6.02e-06,0.0875,0.137,105.849,4,turkish,medium
2954,70wYA8oYHoMzhRRkARoMhU,The Killers,Sam's Town,When You Were Young,77,220426,False,0.467,0.988,11,-3.313,1,0.112,0.000152,0.0484,0.28,0.321,130.433,4,alt-rock,very_high
331,2fPb58e6f8KxejYDCaARwS,A Great Big World,Is There Anybody Out There?,Say Something,57,233266,False,0.447,0.158,2,-7.571,1,0.036,0.872,1.58e-06,0.0816,0.142,140.942,3,acoustic,high
77289,03kadiWfqWgnmjlDEhfN8k,Thiaguinho,"Infinito 2021, Vol.2",Pot-Pourri: Teu Segredo / Já Tentei,48,382050,False,0.568,0.624,6,-6.612,0,0.0321,0.637,0.0,0.212,0.788,143.792,4,pagode,medium
26721,0VzjMVWobq4OzVNbh3qeQX,Tranquility Piano,Bloody Well Right (From Disney's 'Cruella'),Bloody Well Right (From Disney's 'Cruella'),19,102592,False,0.464,0.0505,3,-25.482,1,0.0406,0.967,0.94,0.0964,0.144,80.928,4,disney,low
48119,3vc1sGOGAVxhx8S1kERqyn,The Prodigy,"Always Outnumbered, Never Outgunned",You'll Be UNDER MY WHEELS,52,236973,False,0.672,0.944,4,-5.214,0,0.0761,0.0102,0.9,0.321,0.382,114.015,4,hardcore,high
69528,0v3C05tIF1WZWFlcj326YZ,Havoc Brothers,Havoc Pullingo,Havoc Pullingo,30,225600,False,0.799,0.786,4,-5.313,0,0.0718,0.0139,0.0,0.108,0.151,99.915,4,malay,medium
87194,4qEJ335QcS2azvUJPgHG7S,The Avett Brothers,Calm Christmas,Winter In My Heart,0,294960,False,0.409,0.198,9,-10.832,1,0.0293,0.751,0.000712,0.082,0.14,132.782,4,r-n-b,low
94050,01Rc6yXYtujAnMaR1NME11,sagun;Shiloh Dynasty,I'll Keep You Safe,I'll Keep You Safe,71,185875,False,0.752,0.0625,7,-24.694,1,0.0557,0.945,0.819,0.178,0.462,114.982,4,sad,high
51843,6TNotbswY14X5euD4KojgL,Lizzo,Upbeat Pop,About Damn Time,0,191822,True,0.836,0.743,10,-6.305,0,0.0656,0.0995,0.0,0.335,0.722,108.966,4,hip-hop,low
69034,7dz92P4LmPOl81fNcHjEUV,Ratty Adhiththan;Sahi Siva;Selojan,Naan Kudikka Poren,Naan Kudikka Poren,55,257736,False,0.785,0.602,2,-9.137,1,0.219,0.23,0.0,0.0708,0.6,89.994,4,malay,high
49936,658QQ0mD9o8EtrlWB5X2wk,Wildstylez,Hard Bass 2011,Delay Distortion,20,339200,False,0.537,0.835,2,-7.053,0,0.0501,0.221,0.875,0.154,0.0487,149.988,4,hardstyle,low
109174,5jNh73wwbT7JimkQNTOaYW,Hozho,Yin Yang,Storyteller,40,565125,False,0.732,0.655,11,-9.06,0,0.0399,0.00824,0.716,0.0903,0.157,127.016,4,techno,medium
82893,4sy8yNumBh9S2LgoFZSQGP,Elvis Costello & The Attractions,Armed Forces (Remastered 2020),Chemistry Class,21,178266,False,0.681,0.557,2,-12.225,1,0.0251,0.227,0.00111,0.0886,0.796,111.38,4,power-pop,low
12842,4bCP4Q6KR0pFccySmto6QM,HANA,忘記我自己,七歲,19,234053,False,0.526,0.609,7,-7.527,1,0.0405,0.288,0.0,0.294,0.169,120.909,4,cantopop,low
72038,3OMd93g8K6Pcj6Je3kEtpe,Lamb of God,Release Your ANGER,Ruin,1,234266,False,0.288,0.955,7,-4.424,1,0.171,4.65e-05,0.139,0.394,0.0916,108.423,3,metalcore,low
10407,7oWTG7pdu2OBmG7MWdU4oo,Datsik;Zack The Lad,Insomniac Records Presents: EDC Las Vegas 2016,Feel Good,15,216006,False,0.518,0.891,1,-4.105,1,0.0608,0.00153,0.735,0.223,0.14,140.011,4,breakbeat,low
86730,1VvZCnaVnrJyJeNPCz0KDT,Die Toten Hosen,All die ganzen Jahre: Ihre besten Lieder,Eisgekühlter Bommerlunder,39,176693,False,0.395,0.585,9,-5.244,1,0.0422,0.483,2.56e-05,0.286,0.325,129.938,4,punk,medium
104087,3ePbicTMQPOTP1cZ0xo5p6,Marta Sánchez,Halloween 2022 Pop Vol. 2,De Mujer A Mujer,0,291973,False,0.62,0.933,0,-5.048,1,0.0497,0.0427,0.00518,0.094,0.968,158.272,4,spanish,low
60035,5d3muKRbXucKhDBFgo4M3R,Charly Black;Luis Fonsi,Perreo Tenebroso Vol. 1,Party Animal,0,195813,False,0.724,0.869,0,-3.922,1,0.046,0.0246,0.0,0.251,0.84,100.999,4,j-dance,low
41881,1N8B733LdAY38W9kTkXTLO,Blutengel,Wir sind das Licht,Wir sind das Licht,22,271057,False,0.532,0.868,8,-4.761,1,0.0351,0.00439,0.0393,0.0931,0.739,116.004,4,goth,low
107158,0HDO6JFfplYPrSWuufUosZ,Videoclub,Euphories,Amour plastique,62,227026,False,0.696,0.354,6,-14.043,0,0.0353,0.767,0.00158,0.128,0.242,119.938,4,synth-pop,high
73561,16LSXbobYBqw92c8DDEfS1,Andrea Roma;Leusin,Still Loving (Martin Roth Interpretation),Still Loving,44,218536,False,0.856,0.672,7,-6.848,0,0.0497,0.407,0.605,0.244,0.0579,123.04,4,minimal-techno,medium
86541,4RMURwDMQR8ppYYnR0Jdiz,Sumo,Divididos Por La Felicidad,Debede,43,172253,False,0.704,0.773,4,-7.454,0,0.119,0.0238,9.82e-05,0.0868,0.791,114.714,4,punk,medium
96360,7Kiw2eWnLpXmnKXKxpCcq0,Luiz Melodia,Maravilhas Contemporâneas,Congênito,41,212600,False,0.683,0.531,6,-11.606,0,0.116,0.592,6.15e-06,0.0589,0.805,82.392,4,samba,medium
50844,0K8zTYusBSqpnJR5LdWBG9,Almafuerte,En Vivo Obras,El Pibe Tigre - En Vivo,21,256092,False,0.377,0.976,9,-4.929,1,0.107,0.0004,0.00386,0.976,0.204,114.94,4,heavy-metal,low
10712,56rENg22G23W6ibqffCGgt,DJ Fixx,20 Four 7 Savage,20 Four 7 Savage - Original Mix,11,274800,False,0.675,0.936,10,-2.604,0,0.039,0.000187,0.105,0.128,0.224,100.017,4,breakbeat,low
60800,1IYMNvqEMDwQyL60eT54uY,Fetty Wap;KDL,With You,With You,35,224840,True,0.657,0.752,9,-3.524,0,0.0764,0.112,0.0,0.134,0.394,140.084,4,j-dance,medium
93472,2abeQBWSIzjO8J1KrPFZHy,Oleg Pogudin,Русский романс. Часть I,Забыли вы…,0,190933,False,0.474,0.0538,7,-21.541,0,0.0488,0.912,0.0,0.0901,0.207,93.964,3,romance,low
77053,2mnFku84mu2NGKaxJUxrbI,Exaltasamba,Ao Vivo Na Ilha Da Magia,"Até O Sol Quis Ver - Ao Vivo Na Ilha Da Magia,Brasil/2008",56,236382,False,0.614,0.437,4,-10.75,1,0.0366,0.656,0.0,0.681,0.773,147.976,4,pagode,high
62129,2DLrgv7HhJanCuD8L9uJLR,RADWIMPS,Your Name.,Zenzenzense - movie ver.,64,285880,False,0.321,0.906,11,-3.967,1,0.141,0.000439,0.0,0.0862,0.641,189.776,4,j-pop,high
73061,701hEuWyG1EZepbD5Qiu3r,Joris Voorn;Colyn,Four (Remixes Deluxe),Never (Colyn Remix),21,217154,False,0.713,0.573,0,-11.053,0,0.0444,0.125,0.938,0.102,0.165,123.976,4,minimal-techno,low
7022,10clXWnF1WxfpWhuiHGZfx,Kitchen Dwellers,Ghost in the Bottle,Mountain,38,297640,False,0.583,0.63,0,-11.301,1,0.0353,0.459,0.115,0.285,0.662,150.064,4,bluegrass,medium
89135,2kAz0WYicCnx9yEuhT0MhL,J Balvin,Queda poco para la PAES 2.0,Sin Compromiso,0,189026,False,0.774,0.914,7,-4.739,1,0.159,0.193,0.0,0.427,0.816,98.031,4,reggaeton,low
77565,0k6PIVrFbazACVsQqYl0tZ,Rodriguinho;Gaab;Mr. Dan,Legado: O Show (Ao Vivo),Xinga Aí / Cuidado - Ao Vivo,43,185674,False,0.567,0.892,11,-5.249,1,0.158,0.711,0.0,0.779,0.785,120.068,4,pagode,medium
24503,3NI1ZOt6CM3hqZQn1RPjK2,Delano Smith,They're Coming / Safe Place,Safe Place,7,437760,False,0.807,0.407,1,-15.248,1,0.0938,0.0175,0.954,0.126,0.272,125.001,4,detroit-techno,low
32710,1Y3yJHrBkkfj3GZKv1MVhF,WhoMadeWho,Abu Simbel,Abu Simbel,58,226652,False,0.443,0.705,0,-8.673,0,0.0335,0.0166,0.797,0.179,0.073,117.991,4,electronic,high
76281,55ab1tP6CWsHCaMWtwddfJ,Filippa Giordano;Jesús Navarro,Friends & Legends Duets,Fantasy,24,241586,False,0.479,0.807,4,-4.82,0,0.0475,0.397,0.0,0.102,0.311,86.014,4,opera,low
3068,1v3rsZZAH13mnXEEz3AEL5,Dominic Fike;Zendaya,Autumn Vibe,"Elliot’s Song - From ""Euphoria"" An HBO Original Series",1,152144,False,0.341,0.266,4,-17.251,1,0.146,0.831,0.0,0.113,0.388,184.14,4,alternative,low
72605,7gDvwGORGBR48kpSXbvK6o,Dead by April,Dead by April,Carry Me,37,228746,False,0.347,0.821,7,-4.925,1,0.0411,0.00344,0.0,0.391,0.257,75.022,4,metalcore,medium
68701,4gzsuuZypVbxs0Af1LSZyB,Tainy;Bad Bunny;Julieta Venegas,Lo Siento BB:/ (with Bad Bunny & Julieta Venegas),Lo Siento BB:/ (with Bad Bunny & Julieta Venegas),87,207301,False,0.639,0.703,4,-6.33,0,0.0794,0.0889,1.78e-06,0.0865,0.138,169.888,4,latino,very_high
58246,5392GpKmAP3UvIAfHC8LAW,Rammstein,Liebe ist für alle da (Special Edition),Haifisch,62,224906,False,0.627,0.842,9,-4.215,1,0.0375,0.000832,0.898,0.115,0.309,134.98,4,industrial,high
10181,57T6aZQ0PnSL0kpHy92xuW,Dub Pistols;Seanie Tee;Chezidek,Return of the Pistoleros,Sticky Situation,18,251361,False,0.588,0.805,7,-4.603,1,0.0697,0.00162,0.000398,0.406,0.615,174.058,4,breakbeat,low
23874,5o459PfDdkvptrq8lAGerD,Michael Calfan;Gabrielle Aplin,Imagining (feat. Gabrielle Aplin),Imagining (feat. Gabrielle Aplin),49,174193,False,0.678,0.668,0,-6.706,0,0.0613,0.0122,5.19e-06,0.53,0.391,124.015,4,deep-house,medium
81043,6tCd8bPvYnceDG7W9M1RMk,BLACKPINK,BORN PINK,Shut Down,87,175889,False,0.813,0.657,0,-6.447,1,0.0372,0.00269,0.0,0.183,0.651,110.053,3,pop,very_high
88303,6WBFQMsGMTw0DPv9srsybQ,De La Ghetto,Perreo Tenebroso Vol. 4,Sensacion Del Bloque,0,182186,True,0.709,0.726,7,-7.129,1,0.0411,0.0977,0.0,0.301,0.405,92.014,4,reggae,low
19064,4rhIB4nVYTvB7wi6SrLp6z,Dan + Shay,Chillin' It - Mellow Day Country,Nothin' Like You,0,186253,False,0.586,0.704,4,-4.772,1,0.0307,0.15,0.0,0.067,0.442,84.982,4,country,low
2162,3U6726RPDdw6JshdT9fGFM,KALEO,Relaxing Pop,Way Down We Go,1,213706,False,0.492,0.506,10,-8.022,0,0.118,0.58,0.00032,0.104,0.338,163.522,4,alt-rock,low
18587,24mNMRM13xHhISdlX8Ihvp,Kevin Bloody Wilson,Rides Again,Happily Ever After,23,307773,True,0.483,0.659,0,-7.288,1,0.166,0.813,0.0,0.274,0.876,186.16,4,comedy,low
6436,2M95nL0Ud35yRuvbNKgxIx,Fleshgod Apocalypse,Labyrinth,Under Black Sails,20,446453,False,0.241,0.986,4,-2.893,1,0.249,0.00876,0.0746,0.265,0.0393,127.431,3,black-metal,low
25251,0Psz3az3RIYfJpnsajBT8N,Polo & Pan,Caravelle,Nanã,65,190826,False,0.685,0.735,4,-6.337,0,0.0334,0.191,0.038,0.188,0.385,94.035,3,disco,high
92039,1GqAFWj0HSbX055zDc94Wj,Chuck Berry,Classic Christmas Greatest Hits,Run Rudolph Run,0,164160,False,0.682,0.776,7,-8.314,0,0.114,0.83,1.1e-05,0.17,0.959,151.799,4,rockabilly,low
97810,3nvWvHRoqCGsfGLApJtS5M,Turma do Pagode;Thiaguinho,Turma do Pagode XV Anos (Ao Vivo),Beija Aqui (feat. Thiaguinho) - Ao Vivo,45,182213,False,0.561,0.852,0,-4.715,1,0.0772,0.587,0.0,0.957,0.676,169.902,4,sertanejo,medium
53609,0ADG9OgdVTL7fgREP75BrZ,Zara Larsson,So Good,Ain't My Fault,69,224030,False,0.576,0.782,6,-4.825,0,0.0296,0.00778,0.0,0.285,0.355,141.153,4,house,high
88253,5FnXpfVnx5bIza2T90Sqg0,Jhayco;Bad Bunny,Halloween 2022 Perreo Vol. 5,CÓMO SE SIENTE - Remix,0,227520,True,0.807,0.606,3,-8.871,0,0.0872,0.0946,0.0,0.119,0.304,92.988,4,reggae,low
54193,2htCnal9SZWs6WTB7O7b9m,LFO,Frequencies,We Are Back,16,284973,False,0.774,0.949,0,-7.981,1,0.146,0.00344,0.004,0.0449,0.496,127.942,4,idm,low
102679,5amAJIEdIVtWYEi4wGp7Fn,Em Beihold,City of Angels,City of Angels,63,194308,False,0.684,0.371,4,-7.248,1,0.0436,0.791,0.0,0.316,0.338,75.018,4,songwriter,high
30357,6osaMSJh9NguagEDQcZaKx,DJ Snake;J Balvin;Tyga,Carte Blanche,Loco Contigo (feat. J. Balvin & Tyga),74,185194,False,0.694,0.758,11,-2.986,1,0.218,0.278,1.34e-06,0.102,0.371,192.091,4,edm,high
5904,0aAzBVTjeTY83SlwoWCEfv,EGOIST,Departures - Anata Ni Okuru Ai No Uta,エウテルペ,44,228853,False,0.385,0.449,5,-9.432,0,0.0379,0.564,0.00101,0.0818,0.172,179.898,3,anime,medium
54712,3dOEfI9Ohejs2CLqGUOybc,B12,Electro-Soma II,Ming,9,130456,False,0.712,0.179,4,-11.649,1,0.153,0.928,0.272,0.107,0.398,135.117,4,idm,low
34602,5AqDdhaNbWDfEW6u4RvYWq,Faridkot,Ek,Laila,36,310906,False,0.574,0.735,0,-7.668,1,0.0346,0.244,0.0229,0.4,0.544,116.06,4,folk,medium
76741,5MlzjVzTnolUIah7beG87r,Georges Bizet;Maria Callas;Jane Berbié;Nadine Sautereau;Orchestre de l'Opéra National de Paris;Georges Prêtre,Pure - Maria Callas,"Bizet: Carmen, Act 2: ""Les tringles des sistres tintaient"" (Carmen, Frasquita, Mercédès)",21,267746,False,0.398,0.237,0,-14.006,1,0.0589,0.845,0.0,0.0751,0.162,133.67,4,opera,low
61420,5wYHlfkMylF2Io4Pnz5Lrm,Flower,秋風のアンサー,Flower Garden,23,216186,False,0.704,0.947,8,-3.151,1,0.0449,0.25,0.0,0.0939,0.88,124.941,4,j-idol,low
2480,6PQLxN9DvI4Abr3hmsX3NQ,Hole,Fiesta temática 90s,Miss World,0,180066,False,0.331,0.722,7,-8.461,1,0.0408,0.00204,5.5e-05,0.256,0.349,125.619,4,alt-rock,low
22872,4YZL9RE3YOsxa4JADOw6v2,Amon Amarth,The Great Heathen Army,The Great Heathen Army,53,244693,False,0.4,0.985,4,-7.286,1,0.0623,0.00269,0.00125,0.188,0.506,200.035,4,death-metal,high
70354,73P8qwIriENctRILdM5f6O,Khalil Fong,The Soulboy Collection,三人遊,25,237426,False,0.478,0.389,0,-10.006,1,0.0493,0.704,0.0,0.232,0.446,128.202,4,mandopop,medium
2709,7kzKAuUzOITUauHAhoMoxA,The Strokes,Is This It,Last Nite,74,193506,False,0.624,0.91,0,-5.703,1,0.0297,0.0285,0.000198,0.0789,0.767,104.042,4,alt-rock,high
642,3ocm1Cf1Dk1ODrdBdybh82,Albert King,Born Under A Bad Sign (Mono),Born Under A Bad Sign - Mono Mix,58,169997,False,0.711,0.483,11,-11.211,1,0.0298,0.434,0.012,0.0284,0.884,91.652,4,acoustic,high
66032,2iuSTOV8u7zpct436D8zyb,Cooltime Kids,Para pedir dulces,The Addams Family,0,139866,False,0.689,0.546,5,-9.254,1,0.0673,0.000464,0.000896,0.239,0.966,120.233,4,kids,low
15148,5ehoXwpw70o6WEEufJm1q7,Zaini,wherever you would call me,wherever you would call me,61,213818,False,0.661,0.396,7,-13.093,0,0.0466,0.457,0.258,0.919,0.0352,109.989,4,chill,high
2806,1BLOVHYYlH4JUHQGcpt75R,The Strokes,The New Abnormal,Ode To The Mets,67,351786,False,0.426,0.617,1,-5.423,0,0.0289,0.341,0.181,0.101,0.201,92.002,4,alt-rock,high
46689,0aVeKK8ga19q70Q1T5RY3r,Nosferatu;Neophyte,Harmony Of Hardcore 2016,Daar zijn we weer!,18,238228,True,0.599,0.976,4,-4.478,0,0.144,0.181,0.00197,0.303,0.259,100.023,4,happy,low
33812,1Bv3h7Vc4AaYA2BcSM3rVd,Paramore,Brand New Eyes,All I Wanted,72,225786,False,0.494,0.723,6,-4.559,0,0.0441,0.0192,0.0322,0.134,0.152,144.036,4,emo,high
6877,16kr19DhH7WAPmHsYw46tI,Theatres Des Vampires,Suicide Vampire,Lilith Mater Inferorum,17,225266,False,0.413,0.723,0,-5.785,1,0.0335,0.000265,0.000631,0.27,0.195,149.799,4,black-metal,low
39204,5qPnpXY97W6LdCoGH7iZJe,Nico Santos,Arbeitsmusik Herbst/Winter 2022/2023,Weekend Lover,0,186080,False,0.598,0.826,11,-4.867,0,0.293,0.0646,0.0,0.108,0.698,104.405,4,german,low
7918,5zsatkx2tAjgZSWAJGaK2T,Clarence White,33 Guitar Instrumentals,Black Mountain Blues (Rag),21,97293,False,0.465,0.474,2,-11.693,1,0.0335,0.926,0.913,0.312,0.963,64.496,4,bluegrass,low
85147,0VaMFkBz3QsRAuaek4jYR5,Raimundos,Acústico - Ao Vivo,Reggae do Manero - Ao Vivo | Acústico,46,325024,False,0.708,0.809,10,-4.129,0,0.0611,0.178,1.62e-06,0.368,0.625,134.053,4,punk-rock,medium
42794,52Kyk61pr4tZo8IEl2nUZV,Terrorizer,Hordes of Zombies,Subterfuge,11,119373,False,0.467,0.99,5,-4.133,0,0.196,3.74e-06,0.955,0.269,0.141,107.894,4,grindcore,low
95895,43O9AGvynKzG98e2iUhxEu,Gilberto Santa Rosa,40... y Contando (En Vivo Desde Puerto Rico),Mentira - En Vivo desde Puerto Rico,27,185720,False,0.359,0.364,1,-12.516,1,0.0775,0.331,0.0,0.162,0.431,76.654,4,salsa,medium
56937,1h1ifeLsjsIsje9aYOaYkE,Holly Humberstone,Fall Aesthetic,Thursday,0,247013,False,0.671,0.399,10,-7.129,1,0.0559,0.803,0.00047,0.117,0.343,86.062,4,indie-pop,low
60560,6SVPCjEXGEqfL1K0Jk9xXD,Alkaline,Spoil You - Single,Spoil You,21,192000,False,0.783,0.689,4,-5.805,0,0.0882,0.212,0.0,0.0915,0.45,120.147,5,j-dance,low
106041,3n1P0uCzvy8r87r5wkGD3w,ABBA,All I Want For Christmas Is You,Happy New Year,0,263693,False,0.51,0.375,9,-9.194,1,0.0288,0.812,0.0,0.145,0.25,132.555,4,swedish,low
101430,01g49e92y9KrPXNtlJfNaG,Thunderstorms HD,Thunderstorms for Sleep,Thunderstorm: Heavy Rain - Loopable,38,175104,False,0.271,0.961,1,-14.121,1,0.116,1.89e-05,0.97,0.525,0.0776,86.095,3,sleep,medium
101908,4hT7wkWgoly2UGgDrUcIQ6,Sophia Rain,Rain Sounds For Sleep and Relaxing Piano Music For Sleeping,Sleeping Music For Deep Sleep With Rain Sounds,32,127817,False,0.106,0.061,7,-26.636,1,0.0434,0.939,0.924,0.107,0.0818,78.607,3,sleep,medium
75025,4vtX1U34XrXZ6T8A3ycGzM,Jim Brickman,Winter Chill,Marble Halls,0,192840,False,0.454,0.0921,10,-18.764,1,0.0488,0.986,0.757,0.0908,0.106,119.035,3,new-age,low
99943,4L2YTRue209DULWTvKZtRh,Foy Vance,rainy day indie,Thank You for Asking - Acoustic,0,151375,False,0.625,0.0717,9,-15.101,1,0.0571,0.932,0.0,0.125,0.406,101.189,4,singer-songwriter,low
74504,4QYGKJExNwTvNhf64Cp2XI,Terno Rei,Gêmeos,Olha Só,42,166000,False,0.42,0.567,1,-7.933,1,0.0351,0.11,0.0,0.123,0.156,112.37,4,mpb,medium
66714,6PSktLqm6MY5u6WVNx2Jlg,Have Fun Teaching,Alphabet Songs,Letter O Song,11,216320,False,0.883,0.928,9,-4.268,0,0.117,0.187,0.000457,0.0576,0.756,128.028,4,kids,low
48840,3eec9aaE98jdsyT1QNViq7,Pense,"Realidade, Vida e Fé",Levanta e Vai,29,179800,False,0.557,0.984,8,-4.889,0,0.155,0.000156,0.0,0.415,0.503,112.98,4,hardcore,medium
56815,4djIFfof5TpbSGRZUpsTXq,COIN,How Will You Know If You Never Try,Talk Too Much,72,187133,False,0.598,0.888,4,-5.119,1,0.0807,0.00947,0.0,0.347,0.482,103.966,4,indie-pop,high
22583,6fZJvW4t1qrjnXNkjIbGc4,The Ghost Inside,Fury and the Fallen Ones,Revolutionary (Bang the Drum),23,193360,False,0.484,0.993,6,-1.002,1,0.179,0.000164,0.00061,0.0538,0.601,195.06,4,death-metal,low
87406,1HUXo7tsJsoaxstbUl6wBy,7 Minutoz,Jinchuuriki,Vale Do Fim,44,256500,False,0.573,0.513,2,-8.565,0,0.0464,0.359,2.25e-05,0.171,0.115,89.976,4,r-n-b,medium
55134,0RSGPiykniIg8m7JhiAVv7,Anupam Roy,Aisi Raaton,Aisi Raaton,62,218930,False,0.517,0.443,9,-8.946,1,0.0529,0.88,0.000141,0.0989,0.538,176.035,4,indian,high
2543,45n1UykYUNp1LgRt8auL4U,Gondwana,Modo trabajación,Dime - 2008 Remaster,0,256026,False,0.787,0.534,7,-7.779,0,0.0582,0.114,5.34e-06,0.114,0.897,152.131,4,alt-rock,low
94372,2TfoabXa0CbEwcqpxOn9z3,Papithbk,EP,Sad Nibba Hours,63,150702,False,0.745,0.664,11,-5.476,0,0.235,0.322,0.0,0.851,0.526,121.083,5,sad,high
43392,4zdmvNcmRhCQf5ej8XN96y,Kemuel,Clássicos,Meu Tributo,30,276063,False,0.239,0.339,4,-9.327,1,0.0329,0.922,0.0,0.103,0.148,131.189,4,groove,medium
93896,546L7tWoELBj3tv7DlM5ns,Nikolay Kopylov,Golden Hits Of The Ancient Russian Romance Vol. 1,"Coachman, Don't Ride Horses Hard",0,194440,False,0.359,0.434,2,-8.428,0,0.0826,0.955,0.000126,0.117,0.353,140.713,4,romance,low
6008,4CyEtLfXTjday5wQ6yHJQG,Rotting Christ,Rituals,Devadevam,36,318248,False,0.387,0.809,2,-5.499,1,0.0526,5.03e-05,0.831,0.0832,0.0706,115.975,4,black-metal,medium
758,3zUMHRZa7wgqtoCsBfBSpt,Joshua Radin,I'd Rather Be With You,I'd Rather Be With You [Radio Edit],28,163200,False,0.512,0.671,1,-7.738,1,0.0283,0.0314,0.161,0.0749,0.397,82.342,4,acoustic,medium
102166,7Ewz6bJ97vUqk5HdkvguFQ,Bryan Adams,Reckless (30th Anniversary / Deluxe Edition),Heaven,77,243360,False,0.382,0.589,9,-7.315,0,0.0267,0.0465,0.0,0.122,0.335,140.059,4,songwriter,very_high
78199,0gbTWyqIQXC93BTXxmAveK,Jürgen Drews,Karneval Klassiker,Irgendwann irgendwo irgendwie - seh'n wir uns wieder - Remastered 2017,0,245426,False,0.671,0.98,0,-3.769,1,0.0424,0.00686,0.000199,0.0852,0.868,124.009,4,party,low
83848,4ZhKe7DXXoR6DnC208HYpV,Mike Williams;RYVM,Storylines,When The Sun Is Gone (feat. RYVM) - Extended Mix,0,251250,False,0.698,0.893,11,-5.294,1,0.0679,0.00743,8.48e-06,0.087,0.563,128.017,4,progressive-house,low
18386,1UeNDtSqYRs8ELLsyFA5kg,Chas & Dave,Gertcha! The EMI Years,Gertcha - 2005 Remaster,24,230946,False,0.738,0.942,0,-6.058,1,0.0441,0.197,0.0,0.0996,0.977,139.193,4,comedy,low
2804,5YCPqMoXNlPeUJ9fm1dlz3,The Neighbourhood;Young Saab,Sweater Weather (Young Saab Remix),Sweater Weather - Young Saab Remix,61,267270,False,0.583,0.954,7,-4.179,0,0.0788,0.000553,0.243,0.414,0.421,124.029,4,alt-rock,high
81669,5QyOjKJhR1iyF0DHQM2IvW,QARAN;Badshah,Veere Di Wedding (Original Motion Picture Soundtrack),Tareefan,67,186122,False,0.829,0.654,5,-6.26,0,0.0685,0.0942,5.01e-06,0.2,0.335,98.012,4,pop,high
46168,1sGI7WBJBbKrYRD9Rcw8tM,The Nightraver;DJ Trevor,Around The World,Around The World,24,205573,False,0.49,0.937,1,-7.507,1,0.0529,0.0429,0.866,0.0864,0.14,164.595,4,happy,low
94277,4uT1QJXoGPRaVRh6qQFk4S,Nick Bonin,Fell Too Far,Fell Too Far,53,225197,True,0.761,0.654,5,-7.326,0,0.214,0.0908,0.0,0.0709,0.469,145.063,4,sad,high
74247,68mW6JloRbnPziPftal3Nm,Zé Ramalho,Zé Ramalho Ao Vivo 2005,Chão de Giz (Ao Vivo),45,299853,False,0.266,0.744,7,-7.368,1,0.0512,0.0281,7.56e-05,0.942,0.416,95.253,4,mpb,medium
93114,60ZCS7ttJKqGZU58kOxTk4,Rashid Beibutov,Tələsiin İnsanlar,Qara Qız,9,136506,False,0.567,0.181,4,-15.477,1,0.0934,0.991,0.00504,0.309,0.422,123.588,4,romance,low
94479,4KfjBdFvwtzwROuZiQaHjj,Presence,Just Hold On,Just Hold On,58,203307,False,0.677,0.629,11,-7.508,1,0.0712,0.553,3.27e-05,0.117,0.186,130.008,4,sad,high
78751,1SvSE3yezb0cJvv81udL8N,The Jamborees,The Wheels On the Bus,Wee Willie Winkie,36,55986,False,0.729,0.203,5,-13.335,1,0.0349,0.786,1.99e-05,0.196,0.909,149.772,3,party,medium
16261,4fvaW3KmXq5amRQ2S5yNvI,Robert Schumann;Pavel Nersessian,"Schumann, Poulenc & Others: Piano Works (Live in Japan, 2022)","Carnaval, Op. 9: No. 4, Valse noble (Live in Japan, 2022)",0,80400,False,0.438,0.116,10,-21.333,1,0.0545,0.994,0.898,0.0983,0.0541,80.724,5,classical,low
62045,0bCs8cnCjM38ZB01jCGOFG,Norah Jones,Christmas Best Hits 2022,It's Not Christmas 'Til You Come Home - Recorded At Spotify Studios NYC,0,192420,False,0.473,0.068,0,-20.033,1,0.0315,0.892,0.00216,0.105,0.262,93.777,3,j-pop,low
101002,5LEHlRPjGcZ5RdagAwXpHS,Little Circuits,Beautiful Imagination,Beautiful Imagination,71,143052,False,0.102,0.0333,3,-34.177,1,0.0476,0.797,0.927,0.111,0.0591,89.605,4,sleep,high
96862,0gDvyUgaBYhTS8rGiaYofp,Angela Ro Ro,A Vida É Mesmo Assim,Fogueira,37,244986,False,0.298,0.267,0,-13.202,1,0.0344,0.899,0.00162,0.0921,0.133,90.413,3,samba,medium
90166,1EiXHKMWX8Tx6jzeoTeCYy,Los Freddy's,10 Exitos De Los Freddy's,Tu Condena,39,228013,False,0.717,0.372,8,-16.721,1,0.0282,0.059,3.42e-06,0.0576,0.727,107.066,4,rock-n-roll,medium
66164,0L0OEEtf9fK15cFAsH2JYo,Koo Koo Kanga Roo,"The Triangle of Success: A Motivational, Inspirational Audio Guide to Achieving Your Dreams",B-E-L-I-E-V-E,17,195564,False,0.809,0.737,7,-6.41,1,0.128,0.0142,0.0,0.0343,0.786,93.987,4,kids,low
33126,1HNvADmPBGAExeyIHkcJtd,RADWIMPS,Human Bloom,Sparkle - Original Version,55,410213,False,0.634,0.506,11,-5.882,1,0.0316,0.729,1.11e-06,0.12,0.244,124.003,4,emo,high
61085,6THTqYBDEFBuNjJWVLQuZa,#NAME?,全部、内緒。 (Special Edition),手遅れcaution,29,256200,False,0.53,0.99,7,-2.832,0,0.326,0.101,0.0,0.101,0.152,142.959,4,j-idol,medium
37810,0Oq7iEhC6hL4tHsd0z1RTK,Mc Frog;Mc DB;Mc Laranjinha;Mc Junior Pk,Mega das Blogueiras,Mega das Blogueiras,42,212307,True,0.724,0.673,8,-3.588,1,0.0813,0.408,1.95e-05,0.191,0.473,130.099,4,funk,medium
37608,22NJuIC2JVHSOmT6c6IKaO,Coolio;L.V.,Gangsta's Paradise,That's How It Is - Skit,52,60306,True,0.51,0.539,7,-14.628,0,0.891,0.466,0.0,0.379,0.375,173.202,3,funk,high
32746,1qdeIyGOKgDp70C5Lz5Jly,Babasónicos,Jessico,La Fox,35,141998,False,0.454,0.887,7,-4.557,1,0.0579,0.00161,1.43e-05,0.19,0.438,176.112,4,electronic,medium
49230,26p4yUkgDSmpmg3ilnbSU3,The Kgb's,Volume 4,Infinity - DJ Phil Ty Rmx,26,393485,False,0.706,0.749,9,-4.23,1,0.0736,0.00883,0.529,0.0664,0.115,150.037,4,hardstyle,medium
84293,5B4yq02Se2neaNnL1eMELN,Navicula,Love Bomb,Mafia Hukum,38,244083,False,0.61,0.765,7,-4.376,1,0.0526,0.0215,0.0,0.289,0.448,126.059,4,psych-rock,medium
11273,0HKD13PLq2WicViBBhSrOl,Gabrielle,Rise,Out Of Reach,70,196986,False,0.51,0.48,11,-6.567,1,0.0452,0.503,0.0,0.106,0.496,182.862,4,british,high
81131,4uK0M8AI6gyFmyzUneQpbi,A.R. Rahman;Arijit Singh;Shashaa Tirupati,"Rait Zara Si (From ""Atrangi Re"")","Rait Zara Si (From ""Atrangi Re"")",72,291462,False,0.563,0.495,2,-10.272,1,0.0362,0.781,0.0,0.0837,0.244,125.998,4,pop,high
38218,2lffRiAET2Xt6BNb4EmkS2,The Strokes,Comedown Machine,80's Comedown Machine,55,298613,False,0.488,0.503,0,-8.89,1,0.0326,0.00583,0.809,0.101,0.38,144.035,4,garage,high
16929,2wBVQEElJpTgXi0Op2yt1P,Wolfgang Amadeus Mozart;Claire-Marie Le Guay,Mozart - All Day Classics,"Piano Sonata No.14 in C Minor, K. 457: 2g. Adagio - Pt. 7",21,48960,False,0.372,0.0183,3,-31.907,1,0.0512,0.994,0.924,0.196,0.369,133.748,4,classical,low
18510,5B62ToyDIOkNyWVJmtSvmN,Artie Lange,The Stench of Failure,Yankee Fan / A-Rod,22,199047,True,0.582,0.927,2,-4.899,1,0.794,0.702,0.0,0.949,0.561,106.777,5,comedy,low
26998,0son51AkdDBGl5v1Bx12Cu,Kristen Bell,Frost 2 (Svenskt Original Soundtrack/Deluxe Edition),Home - Outtake,18,176865,False,0.708,0.424,2,-7.048,1,0.0353,0.724,0.0,0.0722,0.637,101.703,4,disney,low
27,0dzKBptH2P5j5a0MifBMwM,Jason Mraz,Feeling Good - Adult Pop Favorites,If It Kills Me,0,273653,False,0.633,0.429,4,-6.784,0,0.0381,0.0444,0.0,0.132,0.52,143.793,4,acoustic,low
22337,3tuSIZFUb07HoDn24EvSoE,Mercyful Fate,The Beginning,Devil Eyes,25,352333,False,0.402,0.758,0,-12.155,1,0.0354,0.0162,0.00701,0.0842,0.726,131.788,4,death-metal,medium
9301,29yVwAhJ5G9lVwiAYzPOi3,Projota,3Fs (Ao Vivo),Acabou - Ao Vivo,46,259226,False,0.658,0.881,0,-5.03,1,0.0459,0.188,0.0,0.822,0.875,84.966,4,brazil,medium
99788,0YMJIeHuCkeZMMo7vaz8u6,Madeline The Person,US Pop 20s,MEAN!,0,143957,False,0.56,0.436,7,-8.761,1,0.491,0.918,0.0,0.093,0.402,117.907,4,singer-songwriter,low
47105,3Jnxngdff0lVu2rza1GVx6,Black Sabbath,Paranoid,Paranoid (2009 - Remaster),42,167720,False,0.423,0.685,4,-9.651,0,0.078,6.28e-05,0.00642,0.133,0.328,162.78,4,hard-rock,medium
100769,2WbD04JxeJqu6M76VpB43Q,Social Distortion,"Sex, Love And Rock 'N' Roll",Live Before You Die,34,167813,False,0.32,0.971,8,-3.773,1,0.0539,2.82e-06,0.0345,0.263,0.431,172.746,4,ska,medium
22418,5U7qAyfc6gyWSeqjDtzETa,Emmure,Felony,You Sunk My Battleship,24,189240,False,0.21,0.964,9,-6.078,1,0.193,2.92e-05,0.0368,0.15,0.136,158.308,4,death-metal,low
77880,7ltz6HMfuFZH67aBeYEtsO,Doce Encontro,Esperando Aviões - Single,Esperando Aviões,41,228440,False,0.644,0.553,0,-6.756,1,0.0271,0.778,1.19e-06,0.106,0.551,126.058,4,pagode,medium
47732,4ub6coEs7YEXIuEmiDN59O,Böhse Onkelz,Ein böses Märchen aus tausend finsteren Nächten,Zuviel,36,312826,False,0.4,0.813,4,-4.7,0,0.0351,0.00113,0.00112,0.0988,0.39,177.906,4,hard-rock,medium
38398,6DwRd90AVeXDNQFFMrKPBk,Mando Diao;Titiyo,I solnedgången,Långsamt (med Titiyo),31,234398,False,0.562,0.471,4,-8.23,1,0.0378,0.517,3.35e-06,0.114,0.426,77.544,4,garage,medium
10308,1OedOJOLyJ26GbGmzuU01z,Overseer,Blade:Trinity,Skylight,32,299946,False,0.623,0.752,7,-9.565,1,0.0467,0.00179,0.783,0.119,0.169,110.007,4,breakbeat,medium
38675,7xuu4ByQkm8qhnwJQk994r,The Strokes,Is This It,New York City Cops,52,210746,False,0.522,0.853,0,-7.66,1,0.0362,0.071,2.82e-05,0.343,0.455,107.943,4,garage,high
1268,3ObBmm3X92aff7Dct4drkj,Cymande,Promised Heights,Brothers On The Slide,56,251400,False,0.815,0.602,7,-10.192,0,0.196,0.3,0.00548,0.0737,0.805,109.704,4,afrobeat,high
39776,50z2R1GAaxYF9Bb2woUuK6,Marteria,Zum Glück in die Zukunft,Marteria Girl,39,210133,False,0.674,0.69,6,-5.405,1,0.226,0.0188,0.0,0.0731,0.631,143.746,4,german,medium
42796,7ekcmpEZg13BSczpNuTVUb,Misery Index,Rituals of Power,They Always Come Back,12,307746,False,0.164,0.881,2,-4.169,1,0.0538,2.26e-06,0.0276,0.0638,0.208,97.107,3,grindcore,low
92280,0iArjUPsvxGaap0XEQBH9B,BOØWY,"""GIGS"" CASE OF BOφWY COMPLETE (Live From ""Gigs"" Case Of Boowy / 1987)","MORAL - FROM ""GIGS"" CASE OF BOOWY",35,154146,False,0.283,0.996,4,-3.731,1,0.152,0.0125,0.00998,0.367,0.439,174.394,4,rockabilly,medium
69619,0UjXfsUpKlqfOvAFrVuZnu,ThirumaLi;Thudwiser,LOCAL GANG,LOCAL GANG,23,207232,False,0.586,0.858,2,-4.731,1,0.26,0.121,2.7e-05,0.197,0.472,129.988,4,malay,low
65131,63irPUP3xB74fHdw1Aw9zR,Stray Kids,ODDINARY,MANIAC,80,182757,False,0.581,0.8,1,-2.613,1,0.411,0.154,0.0,0.0697,0.709,119.872,5,k-pop,very_high
40515,00zyfk3IEBnoWczoKV455E,Stella Laura,Plano Perfeito,Plano Perfeito,41,278000,False,0.346,0.315,2,-7.52,1,0.0294,0.882,0.0,0.161,0.362,91.306,4,gospel,medium
74507,7JycS8KTsWmGkEKV2qQckL,Djavan,"Djavan ""Ao Vivo""",Serrado (Ao Vivo),42,298066,False,0.568,0.735,7,-8.352,1,0.0522,0.762,0.000682,0.718,0.539,98.63,4,mpb,medium
18715,1eUzIErm8jXblzUTGgUvxG,Jessi Campbell,Dry Bar Comedy Presents: Sharpest Knife on the Porch,Baby,22,95616,False,0.523,0.497,6,-15.769,1,0.89,0.846,0.0,0.447,0.559,71.517,5,comedy,low
53567,0BRxNhdR54OhX5M2EJCWEl,Mabel,Pop Christmas 2022,Loneliest Time Of Year,0,202693,False,0.517,0.609,7,-5.702,1,0.0291,0.0631,0.0,0.106,0.239,92.093,4,house,low
99479,0iVuYZTxkkJrzfp56doJ91,Lyn Lapid,Pop Christmas 2022,Messed Up On Christmas,0,141972,False,0.616,0.233,11,-12.894,1,0.0386,0.791,3.39e-05,0.0978,0.407,93.995,3,singer-songwriter,low
21400,5vf6J4SM5SZ2I87jA2juK2,Sean Paul;Jhené Aiko,Mad Love The Prequel,Naked Truth,39,238292,True,0.684,0.936,6,-2.969,1,0.19,0.0243,1.75e-06,0.0831,0.762,104.089,4,dancehall,medium
55400,6V0cw3ZOtm5oQJrSv4QluQ,Pritam;Arijit Singh;Antara Mitra,"Gerua (From ""Dilwale"")","Gerua (From ""Dilwale"")",52,345558,False,0.371,0.668,11,-7.269,0,0.0497,0.636,2e-06,0.294,0.403,87.458,4,indian,high
89672,6mchtho7otjNIYcPPrYZyj,"Gotay ""El Autentiko"";Ozuna;Wisin",Perreo Tenebroso Vol. 4,Más De Ti,0,257506,False,0.758,0.8,0,-3.245,1,0.0383,0.0714,0.0,0.407,0.607,94.043,4,reggaeton,low
908,05b6SX5DjBpvd5rYIxmwOz,The Civil Wars,Barton Hollow,To Whom It May Concern,44,211360,False,0.309,0.159,7,-13.101,1,0.0315,0.912,0.000264,0.1,0.139,87.493,4,acoustic,medium
104398,5WnuXl6L8bDRPI93RdtNjq,Cristian,Agua Nueva,Junto A Ti - DO NOT USE,31,284600,False,0.533,0.415,8,-9.518,1,0.0269,0.0508,0.0,0.0687,0.345,135.822,4,spanish,medium
23066,1a8tAQAzHIPQ00OPBXGWPz,Claptone;JAW,No Eyes,No Eyes - Radio Edit,62,204992,False,0.93,0.483,3,-9.925,1,0.0411,0.0289,0.00244,0.103,0.57,120.022,4,deep-house,high
1254,1ZrUkIAnUCZB7vlXxzrLrK,Jorge Drexler,Llueve,Tu piel,24,203000,False,0.868,0.367,5,-13.304,0,0.039,0.303,0.0066,0.0895,0.522,130.038,4,afrobeat,low
23342,5XxPwkvvnJ7swgUthyCQh6,Embody,Losing Sleep,Silent,50,186428,False,0.808,0.742,11,-4.227,1,0.118,0.118,0.0,0.118,0.561,99.961,4,deep-house,high
71435,7B6FA3U2qUcV1gzWE6lTrR,Guns N' Roses,Double Talkin' Jive / You Could Be Mine,"You Could Be Mine - Live In New York, Ritz Theatre - May 16, 1991",0,362813,True,0.241,0.995,5,-3.039,0,0.188,0.000455,0.0237,0.694,0.147,157.779,4,metal,low
8961,3Ye5icBka8ODjcaEQakPvZ,Royal Blood,Typhoons,Oblivion,62,161253,False,0.642,0.823,4,-3.68,0,0.0612,0.000281,0.00211,0.216,0.826,112.005,4,blues,high
64575,2gmcMzk52PzGn6Of8SBQEU,Jamie Cullum,Weihnachtssongs,It's Christmas,0,194706,False,0.598,0.447,8,-7.932,1,0.0404,0.224,0.0,0.0704,0.365,123.855,4,jazz,low
11352,6PxNpy8jOjyZ8aGCD58LpW,YUNGBLUD;Machine Gun Kelly,acting like that (feat. Machine Gun Kelly),acting like that (feat. Machine Gun Kelly),58,191066,True,0.522,0.9,0,-2.631,0,0.0719,6.98e-05,0.0,0.3,0.579,160.01,4,british,high
32184,4DhPiE7UXmkmlmiu34yMC0,Keys N Krates;JiKay,"Sounds of Syndication, Vol. 2 (Presented by Syndicate)",Dum Dee Dum (Jikay Remix),55,182386,False,0.781,0.854,11,-7.411,0,0.311,0.0159,0.0493,0.15,0.493,100.043,4,electronic,high
73989,7m430L6XGkvgf5muYbUt06,Mihalis Safras,Minimi,Dirty Freak,16,257006,True,0.899,0.868,7,-7.334,1,0.0674,0.000525,0.00185,0.0597,0.735,126.992,4,minimal-techno,low
75808,4p5XJulagfTJp55Ffayzlx,Thad Fiscella,Vast,Gentle Whisper,20,358013,False,0.308,0.074,8,-22.457,0,0.041,0.994,0.939,0.138,0.141,63.275,4,new-age,low
87614,18JY2lzRhfkf1VRBB1Nz5D,Sabotage;Instituto;Ganjaman;Quincas,Sabotage,Respeito É Lei,43,247746,True,0.853,0.643,11,-6.763,0,0.364,0.251,0.0,0.41,0.549,80.913,4,r-n-b,medium
27257,21sk2WQ30sBhli3reYRaJa,A.M.C;Turno,Alliance,Alliance,20,318620,False,0.539,0.965,11,-0.778,0,0.224,0.00392,0.156,0.335,0.176,174.064,4,drum-and-bass,low
80589,6old0mA1IHi5lw2yLv3ri6,Harris Jayaraj;Karthik,Engeyum Kadhal (Original Motion Picture Soundtrack),Dhimu Dhimu,58,329840,False,0.643,0.478,0,-9.376,1,0.0274,0.569,0.000371,0.118,0.317,93.418,4,pop-film,high
99931,6Zyz8lsnMFpIrCTuvGurCB,Eagles,Hotel California (2013 Remaster),New Kid in Town - 2013 Remaster,67,304925,False,0.649,0.425,4,-9.811,1,0.0267,0.378,0.0013,0.108,0.651,107.383,4,singer-songwriter,high
38482,6SdAztAqklk1zAmUHhU4N7,The Strokes,Angles,Taken for a Fool,58,203240,False,0.569,0.89,5,-4.447,1,0.0559,0.00595,0.0112,0.226,0.885,137.044,4,garage,high
82595,4SE5DLktx49YQSKTme6JsG,The Lillingtons,Death By Television,You're The Only One,23,165933,False,0.332,0.882,1,-5.512,1,0.0318,0.000798,0.00786,0.0916,0.625,165.134,4,power-pop,low
5131,7CSTVNXkW2AbmNktlP1hi2,UVERworld,UNSER,Touch off,63,258706,False,0.411,0.894,4,-3.815,0,0.0465,2.36e-05,0.000447,0.447,0.195,99.607,4,anime,high
55478,2dZyFNtUz3IIBzUZmSu5z8,Pritam;Raftaar;Shahid Mallya,Dishoom,Toh Dishoom,49,244778,False,0.501,0.838,2,-4.583,1,0.151,0.127,0.0,0.292,0.513,166.054,4,indian,medium
79856,7lihjNUhcrpaennBT2nuWX,Hideyuki Hashimoto,Kanade,Kanade,56,161013,False,0.586,0.161,8,-28.224,1,0.0399,0.992,0.945,0.106,0.331,73.436,3,piano,high
713,1z2fSrYZqrO5tMqzULn9OD,Tyrone Wells,"The ""Hits"" | Acoustic",Days I Will Remember,30,201506,False,0.804,0.457,6,-7.845,1,0.197,0.6,0.0,0.15,0.552,98.035,4,acoustic,medium
70805,1hPNdCII2b8NOEIqwbbsdG,F4,流星雨,流星雨,53,276600,False,0.578,0.448,4,-8.639,1,0.0258,0.129,0.0,0.0712,0.17,136.049,4,mandopop,high
91888,1kSjPQCJfwVkPcxflNMJK2,Counting Crows,Christmas Rock 2022,A Long December,0,297293,False,0.403,0.59,5,-5.941,1,0.0284,0.508,0.00548,0.272,0.393,141.649,4,rock,low
84111,1bQ4zbP8Fo0qAePTSOfYji,Pink Floyd,The Division Bell,Coming Back to Life,58,379241,False,0.287,0.499,0,-11.094,1,0.0437,0.464,0.000652,0.102,0.142,176.437,4,psych-rock,high
3546,67tATduRRXN0FrbOeyxyuH,The Verve,90's Music Grandi Successi,Bitter Sweet Symphony - Remastered 2016,0,357266,False,0.356,0.917,9,-6.005,1,0.0487,0.0336,0.0,0.406,0.523,171.172,4,alternative,low
28302,72pGB4XOzAE45n0Zt7wP5A,Direct;Park Avenue,Cold Ground,I'll Go,50,261253,False,0.396,0.579,10,-7.733,1,0.0433,0.197,0.00905,0.0974,0.0587,150.105,4,dub,high
82736,3E534gp8N1tY0fNDG7TEEN,Screeching Weasel,Boogadaboogadaboogada! (2020 Remaster),Sunshine,23,164853,False,0.198,0.983,6,-5.233,1,0.108,0.0768,0.000898,0.76,0.56,142.749,4,power-pop,low
81754,1418IuVKQPTYqt7QNJ9RXN,King,Champagne Talk,Maan Meri Jaan,66,194653,False,0.698,0.505,6,-8.242,0,0.0356,0.354,0.0,0.0995,0.396,95.868,4,pop,high
27322,6a6OOyfgG47xC6QksjFXf3,Pendulum,Synthesized,Watercolour - Radio Edit,19,207746,False,0.408,0.879,5,-4.419,0,0.0849,7.75e-05,0.0145,0.0894,0.256,174.052,4,drum-and-bass,low
18141,1Dr5yM86NEcDowjG1D2nTu,Brian Regan,Epitome of Hyperbole,Movies and Parties,26,346372,False,0.492,0.966,6,-7.47,1,0.92,0.828,1.54e-06,0.797,0.0999,107.173,3,comedy,medium
37413,5kmgSonmf5zfWs3nF7GBXz,Mc Lele JP,Determinação 2,Determinação 2,48,212114,False,0.663,0.582,6,-3.537,0,0.115,0.63,0.0,0.0932,0.674,89.377,4,funk,medium
85435,1lrmmpIgUeluYHmPN5lhxr,Charly García,Unplugged,Serú Giran Medley - Live,40,416133,False,0.402,0.312,0,-14.018,1,0.042,0.842,0.00136,0.823,0.13,97.925,4,punk-rock,medium
4712,7rDZ4nCDVmaKrJeJacR0ih,Fejká;Marie Angerer,Infinity,Infinity (feat. Marie Angerer),45,252633,False,0.578,0.547,9,-12.526,0,0.032,0.564,0.853,0.112,0.0679,120.022,4,ambient,medium
7930,5KPkow8buvdVW8HqIj79Er,Yonder Mountain String Band,Get Yourself Outside,I Just Can't,20,133120,False,0.586,0.564,9,-9.699,1,0.0286,0.234,2.23e-06,0.316,0.862,149.94,4,bluegrass,low
49381,1FdfQx7PXvbUOcZOlQYdYF,Omegatypez,The Spirit,Dirty Style - Original Edit,23,216012,False,0.459,0.981,1,-4.463,0,0.0813,0.00364,0.396,0.674,0.311,150.069,4,hardstyle,low
76706,6j5E4d2ZMTeJRRHJv0J4cQ,Andrea Bocelli,Sogno,I Love Rossini,21,235478,False,0.51,0.497,0,-6.353,1,0.0367,0.954,1.04e-06,0.285,0.44,119.261,4,opera,low
15225,4UakxquolP3wxEBvHfN80D,creamy;untrusted;11:11 Music Group,unholy,unholy,26,144732,False,0.814,0.341,10,-10.316,1,0.0467,0.0626,0.0,0.165,0.517,130.891,4,chill,medium
50204,3RZ4DHhFGtAGiV4aZEC5fe,Seikima-II,WORST,STAINLESS NIGHT,27,286133,False,0.565,0.806,1,-10.836,0,0.0373,0.0326,2.91e-05,0.0678,0.571,131.939,4,heavy-metal,medium
80519,6fIVkFeP4tk5CzFTPDf9PE,Udit Narayan,Darr,Jaadu Teri Nazar,60,279909,False,0.604,0.689,6,-13.12,0,0.0459,0.401,4.45e-05,0.104,0.673,87.838,4,pop-film,high
49691,4wnlFWrpTJ2kr6EKQ9N4il,Wildstylez;Cimo Fränkel,Hardstyle Legacy Vol.3 (Hardstyle Classics),Lights Go Out - Radio Edit,21,194763,False,0.484,0.784,11,-4.389,0,0.0368,0.0152,0.0,0.126,0.52,147.883,4,hardstyle,low
110398,6R84ZlQF7gGkPB6o3GLZXB,Age Of Love;Charlotte de Witte;Enrico Sangiuliano,The Age Of Love (Charlotte de Witte & Enrico Sangiuliano Remix) [Charlotte de Witte & Enrico Sangiuliano Remix - Edit],The Age Of Love (Charlotte de Witte & Enrico Sangiuliano Remix),58,489480,False,0.748,0.908,5,-8.319,0,0.0504,0.0588,0.894,0.0943,0.0576,130.004,4,trance,high
80393,7JqpYvigO9X4QY3W9QTArZ,Haricharan;Yuvan Shankar Raja,Thottal Poo Malarum,Arabu Naadu,61,322013,False,0.745,0.46,5,-9.92,0,0.0614,0.0952,1.06e-06,0.0751,0.802,84.994,4,pop-film,high
14124,5sX6g0iOYwLyJirvuc6flz,ChuChu TV,"ChuChu TV Tamil Rhymes & Songs for Children, Vol. 1",Dosai Amma Dosai Food Song,31,125399,False,0.765,0.628,5,-12.005,0,0.155,0.178,0.000586,0.244,0.874,177.086,3,children,medium
81338,4PPJY2E8YwiDSaiug98qIp,Justin Bieber,Weihnachten Playlist,Mistletoe,0,183066,False,0.623,0.668,6,-7.282,0,0.0531,0.475,0.0,0.0862,0.823,161.948,4,pop,low
20666,4dgZYStQEE9h1SbMS4B2MY,Megan Thee Stallion;Future,Ghetto Superstar - New Rap Classics,Pressurelicious,1,173061,True,0.845,0.723,11,-5.18,1,0.263,0.0112,0.0,0.107,0.667,146.972,4,dance,low
113330,4GTkBqQwkjGpOjwgCPnabN,Rend Collective,Good News (Deluxe Edition),Nailed To The Cross,52,245738,False,0.44,0.778,9,-5.161,1,0.0472,0.0167,0.0,0.097,0.231,160.054,3,world-music,high
104939,2QWxX8oNv7vFL1yJpjgsOq,Warcry,Inmortal,Mi Tierra,27,256773,False,0.184,0.667,1,-5.998,0,0.0355,0.000817,0.259,0.0813,0.116,69.98,4,spanish,medium
69088,1RyGmK5txYRFEkXA3822L2,Sachin Warrier,"Ente Mathram (From ""Johny Johny Yes Appa"")","Ente Mathram - From ""Johny Johny Yes Appa""",48,219731,False,0.635,0.357,4,-10.154,1,0.0315,0.86,2.4e-05,0.087,0.418,122.951,1,malay,medium
27245,0VvJPS59eFneAp22e3mWI3,Netsky,2,911,21,203917,False,0.548,0.924,10,-4.124,0,0.0832,0.00039,0.669,0.295,0.66,174.089,4,drum-and-bass,low
12657,6BSlsvHQiJw9XuqAAHqUrS,Denise Ho,What Really Matters (加強版),紅屋頂,29,240132,False,0.744,0.264,5,-12.333,0,0.0327,0.92,0.0,0.116,0.495,111.94,4,cantopop,medium
6519,7jok5zvxnrQuK2N7psZHyN,Morbid Angel,Altars of Madness,Chapel of Ghouls,40,297493,False,0.177,0.965,4,-7.14,1,0.0809,3.29e-06,0.548,0.11,0.203,96.069,4,black-metal,medium
99082,0FnEFCpMwTzACVJ7nnDf4H,Stephen Sanchez,Autumn Vibe,Until I Found You,1,177720,False,0.539,0.508,10,-6.05,1,0.0288,0.727,0.0,0.174,0.227,101.358,3,singer-songwriter,low
74156,1eFlkymohjGtRnnYGabg8s,Tribalistas,Aliança,Aliança,45,236970,False,0.641,0.314,10,-13.932,0,0.032,0.96,3.61e-05,0.0991,0.335,132.983,3,mpb,medium
8091,7nMjgX8uYCl2SDQuArcWv9,Ella Fitzgerald,pov: you have a holly jolly christmas,Sleigh Ride,0,175986,False,0.593,0.287,1,-12.472,1,0.0469,0.764,0.0,0.153,0.639,77.117,4,blues,low
27613,11IS9sbmnAqSdLQaEvZGbb,London Elektricity,Sick Music,Just One Second - Apex Remix,46,377840,False,0.427,0.838,1,-7.443,0,0.0451,0.000464,0.00171,0.114,0.157,172.951,4,drum-and-bass,medium
80801,0IYpKZhCeoXB85BslBg3q5,Jatin-Lalit;Udit Narayan;Alka Yagnik,Kabhi Khushi Kabhie Gham (Original Motion Picture Soundtrack),Yeh Ladka Hai Allah,60,327226,False,0.645,0.908,11,-4.682,0,0.0997,0.421,1.6e-06,0.381,0.877,104.233,4,pop-film,high
14608,6sw0hG0OBQ4yuQopvu8Y3G,The Kiboomers,Old Mother Hubbard,Old Mother Hubbard,40,58333,False,0.912,0.467,5,-10.17,1,0.049,0.872,0.13,0.145,0.962,90.049,3,children,medium
24754,4sK5HF5goB2ryMBj1gowg2,Surgeon,Luminosity Device,The Source,6,269331,False,0.528,0.62,0,-13.008,1,0.0418,0.725,0.902,0.0999,0.0515,127.985,4,detroit-techno,low
7040,6vXQ12lw0BOY8ZAwT80wJy,The Avett Brothers,sadsadchristmas,Winter In My Heart,0,294960,False,0.409,0.198,9,-10.832,1,0.0293,0.751,0.000712,0.082,0.14,132.782,4,bluegrass,low
83152,1XFHbzTikXks9CsMq4v8Q3,Yves V;Ilkay Sencan;Emie,Not So Bad (feat. Emie),Not So Bad (feat. Emie),65,153696,False,0.74,0.674,11,-4.374,1,0.0476,0.00903,0.238,0.154,0.231,126.017,4,progressive-house,high
59204,1JCWaGEqGYMqIpqQjjpUpV,Siavash Amini;Eugene Thacker,Songs for Sad Poets,Burnt Black Eyes (For Sadeq Hedayat),8,490000,False,0.0949,0.365,1,-16.891,0,0.0624,0.0239,0.136,0.246,0.0285,88.571,4,iranian,low
80229,4wIWWEhbdgKAxhR68eE0Ye,Arijit Singh;Chinmayi,Groove With Arijit Singh,"Mast Magan (From ""2 States"")",65,280161,False,0.659,0.774,7,-7.014,1,0.0372,0.606,0.000333,0.185,0.883,82.995,4,pop-film,high
78109,1qPsr0zgQBZc2w2X0wK0Zl,Die Flippers,Singles Vol. 2 (1980 - 1988),Mexico,39,198533,False,0.69,0.723,9,-11.143,1,0.0441,0.098,3.58e-05,0.106,0.725,121.01,4,party,medium
99604,7977HqRRgSuVc9hzJFJvmE,Suzonn,Woh Purana Pyar,Woh Purana Pyar,35,199090,False,0.492,0.452,5,-8.796,1,0.028,0.395,0.0345,0.123,0.223,110.059,4,singer-songwriter,medium
110420,4nM12eRb7k6pylJGGivAQp,Gareth Emery;Roddy Woomble,This Is Not The End,This Is Not The End,49,198547,False,0.488,0.895,3,-9.643,1,0.0348,0.00781,0.391,0.262,0.372,138.003,4,trance,medium
104387,1W4HRVav0RiWpnCW6R3Kf7,Luis Eduardo Aute,Aute Con Alevosía,Alevosía,31,278000,False,0.671,0.301,0,-16.094,1,0.0492,0.81,0.00064,0.259,0.682,135.992,4,spanish,medium
15335,0puAY0GWEpztzZ01cqvXkj,fenekot,Eenie Meenie,Eenie Meenie,47,93103,False,0.696,0.449,1,-10.647,1,0.154,0.872,0.00635,0.124,0.289,173.809,4,chill,medium
54602,5qKDithQXKIv8tGonD5rh1,Subheim,ΠΟΛΙΣ,When,29,212117,False,0.0612,0.22,0,-18.505,1,0.0361,0.812,0.951,0.116,0.033,66.413,4,idm,medium
25801,4h4AEqy0iBbjdlbtWvIx5O,Paul Johnson,Get Get Down,Get Get Down,58,367786,False,0.879,0.95,5,-6.375,0,0.0746,0.000161,0.806,0.0714,0.615,126.903,4,disco,high
90078,7jkfwumh6cQYFsIsqPJ7ps,The Platters,A Very 60s Christmas,Winter Wonderland,0,133133,False,0.648,0.463,3,-7.572,1,0.032,0.806,0.0,0.396,0.744,102.511,4,rock-n-roll,low
99507,6qkoo6SQru2khgh87tarNT,Anupam Roy,Dwitiyo Purush,Aamar Motey,39,223066,False,0.75,0.373,0,-12.031,1,0.0285,0.755,0.022,0.117,0.61,105.045,4,singer-songwriter,medium
77967,7jyuOPcQ055UohYuhKhK83,Imaginasamba,Imaginasamba Ao Vivo,Contratempo - Ao Vivo,40,252546,False,0.472,0.632,1,-6.609,1,0.0525,0.632,0.0,0.898,0.486,141.964,4,pagode,medium
71781,0uppYCG86ajpV2hSR3dJJ0,Red Hot Chili Peppers,Blood Sugar Sex Magik (Deluxe Edition),Give It Away,73,282906,False,0.666,0.936,7,-9.919,1,0.0476,0.00244,0.086,0.153,0.776,91.577,4,metal,high
43191,7jb65juKqmYcQg5qXhJSVw,Talita Barreto,Vida Leve,Vida Leve,35,176417,False,0.605,0.495,9,-8.534,1,0.0363,0.295,0.0,0.0868,0.546,163.851,4,groove,medium
1758,1JBy48ChNqcBo6VDqD9f7y,TJ Cream;Beloved Music,Wisdom Seeker,Wisdom Seeker,18,223529,False,0.825,0.68,6,-6.816,0,0.156,0.135,0.0,0.109,0.722,96.029,4,afrobeat,low
92839,4G3wQNaWDtqWnHQnFwH84N,Bob Luman,Presenting Bob Luman,Let's Think About Living,24,125480,False,0.608,0.866,2,-6.26,1,0.0639,0.47,0.0,0.297,0.959,97.016,4,rockabilly,low
54966,1onVt5DLF37qFW8LS4kSJw,SubtractiveLAD,Where the Land Meets the Sky,Till Break of Day,8,339280,False,0.138,0.252,4,-19.512,1,0.0463,0.975,0.947,0.115,0.0348,76.26,4,idm,low
71538,3jpzdLvSyufByWuvgBNPxU,DEHA INC.,Baskın,Baskın,45,149700,True,0.609,0.935,4,-3.182,1,0.234,0.23,1.42e-05,0.35,0.288,119.974,4,metal,medium
62608,4ESlJoWBExtFumtISwPabd,KANA-BOON,NAMiDA,バトンロード,51,280240,False,0.361,0.946,1,-3.516,1,0.0759,0.000504,0.000172,0.343,0.39,161.92,4,j-pop,high
75603,4MNhEXczXGfJieZWUKi4CT,Yiruma,The Best - Reminiscent 10th Anniversary,Indigo,44,304346,False,0.602,0.178,2,-14.532,0,0.0569,0.992,0.921,0.0899,0.254,145.995,3,new-age,medium
16761,16mKMqXTYDNFOo5bW7hmhC,Wolfgang Amadeus Mozart;Ingrid Haebler;London Symphony Orchestra;Sir Colin Davis,Mozart: Piano Concertos Nos. 14-21,"Piano Concerto No. 16 in D Major, K. 451: I. Allegro assai",5,656786,False,0.342,0.155,2,-19.013,1,0.0372,0.99,0.904,0.0922,0.161,134.91,4,classical,low
17017,2odJRoZ0Bx3aHvNa8hpNrD,KLOUD,AUTONOMY,BLOOD,61,194157,False,0.497,0.825,8,-4.638,0,0.0821,0.0031,0.00496,0.0905,0.235,88.712,4,club,high
13337,5pQUQUi23TTkdNLOQJO8r6,Jesse Saunders,The Greatest Hitz,On & On - Vocal Album Mix,10,469294,False,0.807,0.732,1,-9.957,1,0.0642,0.0016,0.853,0.0562,0.947,121.087,4,chicago-house,low
12913,7bPCumVyC06rDKgTiJ5BMX,Jacky Cheung,Amour/遙遠的她-張學友,遙遠的她,41,257546,False,0.582,0.295,0,-12.902,1,0.0285,0.606,0.0,0.189,0.303,76.922,4,cantopop,medium
113311,0jdWct4BgFwuZVWAtAg3DL,Phil Wickham,Children of God,Your Love Awakens Me,51,233720,False,0.498,0.89,1,-4.607,0,0.0486,0.00078,0.0,0.0924,0.392,100.956,4,world-music,high
80481,1qfanYrmrh7xDSvt15acZ3,Karthik,Ghajini (Original Motion Picture Soundtrack),Oru Maalai,60,354240,False,0.805,0.742,0,-6.366,0,0.0396,0.0578,0.000482,0.361,0.717,111.981,4,pop-film,high
61762,3tZho5K24ETTOPIjliQFbe,Momoiro Clover Z,AMARANTHUS,武陵桃源なかよし物語,19,269866,False,0.584,0.754,0,-2.821,1,0.0519,0.543,0.000112,0.172,0.489,144.989,4,j-idol,low
108061,3A1v0Z9ctHDvGlmQoCt6wd,Carlos Gardel,"Mano a Mano, 1927",Milonga Sentimental,28,178333,False,0.674,0.175,5,-16.325,0,0.238,0.99,0.00354,0.162,0.78,93.964,4,tango,medium
24795,4ElytRh63EPJKRCgm16WhT,Cybotron,Grooverider Presents The Prototype Years,Threshold,5,204466,False,0.533,0.971,7,-4.508,1,0.0586,0.000142,0.902,0.0702,0.746,169.12,4,detroit-techno,low
45661,5Om0sASnaXQ5BMlYhrrMpi,Maneli Jamal,The Lamaj Movement,We Made It,36,239109,False,0.484,0.0701,6,-19.335,1,0.0586,0.961,0.516,0.0917,0.309,114.539,3,guitar,medium
775,0iAkkPHwTkS1nC2vbcw3Ms,Mone Kamishiraishi,あの歌-2-,PRIDE,26,317146,False,0.747,0.294,2,-10.272,1,0.0366,0.956,2.37e-05,0.104,0.412,119.948,4,acoustic,medium
30354,3H7ihDc1dqLriiWXwsc2po,Topic;A7S,Breaking Me,Breaking Me,78,166793,False,0.789,0.72,8,-5.652,0,0.218,0.223,0.0,0.129,0.664,122.031,4,edm,very_high
104793,2NWWhvKfxY7jVG2PH5F5CY,Sidonie;Joan Manuel Serrat;Leiva;Vetusta Morla;Ivan Ferreiro;Loquillo;Zahara;Dani Martín;Albert Pla;Mikel (Izal);Noni (Lori Meyers);Santi Balmes;Xoel López;Anni B Sweet;Jeanette;Carlos Sadness;Nina (Morgan);Juan Alberto (Niños Mutantes);Miri Ros;Javiera Mena;Jorge Martí (La Habitación Roja);Rafa Val (Viva Suecia);Marc (Dorian);Alondra Bentley;Abraham Boba;Carlangas (Novedades Carminha);La Bien Querida;Martí Perarnau IV (Mucho);Nita (Fuel Fandango);Shuarma (Elefantes),Lo Más Maravilloso,"Fascinados (feat. Joan Manuel Serrat, Leiva, Vetusta Morla, Iván Ferreiro, Loquillo, Zahara, Dani Martin, Albert Pla, Mikel (Izal), Noni (Lori Meyers), Santi Balmes, Xoel López, Anni B Sweet, Jeanette, Carlos Sadness, Nina (Morgan), Juan Alberto (Niños Mutantes), Miri Ros, Javiera Mena, Jorge Martí (La Habitación Roja), Rafa Val (Viva Suecia), Marc (Dorian), Alondra Bentley, Abraham Boba, Carlangas (Novedades Carminha), La Bien Querida, Martí Perarnau IV (Mucho), Nita (Fuel Fandango) & Shuarma (Elefantes))",55,274146,False,0.639,0.883,7,-6.448,0,0.0688,0.0843,7.13e-05,0.225,0.431,140.008,4,spanish,high
94533,01TtrmZEiYitpwDUcPQ6dj,Foster,as long as i have you,as long as i have you,49,162217,False,0.518,0.605,5,-7.032,0,0.181,0.1,3.47e-06,0.219,0.319,79.641,4,sad,medium
46188,3P5xhGZ3c9tOmyvpiTAvVn,Paul Elstak,b2s Presents Paul Elstak,The Dj’s Pumping - Freestyle Edit,25,179175,False,0.602,0.933,10,-4.886,1,0.0471,0.00172,0.0325,0.372,0.519,150.047,4,happy,medium
6228,5hnPyK9CBABcobIVnFamCC,Wiegedood,There's Always Blood At The End Of The Road,Carousel,21,291652,False,0.158,0.978,2,-2.863,1,0.0987,9.46e-05,0.879,0.0911,0.0377,132.872,1,black-metal,low
83843,1xnsrpuHsb9cwGtMsfqzBc,Mike Williams;RYVM,Storylines,When The Sun Is Gone (feat. RYVM),0,178124,False,0.606,0.929,11,-4.65,1,0.098,0.0284,0.0,0.147,0.339,127.998,4,progressive-house,low
12642,6xruR6AwCTiybabrVblEQZ,Andy Hui;Jacky Cheung;鄭中基,甲乙丙丁,甲乙丙丁,20,242533,False,0.809,0.62,8,-10.469,1,0.0538,0.298,0.0,0.144,0.872,119.994,4,cantopop,low
68940,0QLc4flxwQVhYbNhW6PCMe,Kendo Kaponi,Kendo Edition,Te Ando Buscando,40,193548,True,0.746,0.762,1,-4.518,1,0.092,0.0981,0.0,0.282,0.761,91.976,4,latino,medium
96172,1M9n7XnWDThtGZoD4hseVu,Timbalada,Andei Road,Mimar Você,44,240760,False,0.715,0.65,11,-9.931,0,0.0514,0.445,1.88e-06,0.269,0.889,109.081,4,samba,medium
109366,2zRL8YGh3v6VmYgFhcRmj9,Boris Brejcha,Devil,The Darkest Night,46,435840,False,0.799,0.638,1,-11.889,1,0.062,0.000978,0.905,0.0928,0.287,125.011,4,techno,medium
98278,5ER22Mzv9cUsgJxichQQJx,Jubiläumscast Wien 2012,Elisabeth - Gesamtaufnahme Live - Jubiläumsfassung,Nichts ist schwer,28,225120,False,0.349,0.358,5,-13.383,0,0.0415,0.875,0.0,0.969,0.163,86.54,4,show-tunes,medium
102890,6Ij4PNz5azZPUB1JXERfqq,Joan Osborne,90's Music Grandi Successi,One Of Us,0,318613,False,0.223,0.557,9,-5.133,1,0.0332,0.0233,1e-06,0.149,0.335,175.926,4,songwriter,low
38015,5ruzrDWcT0vuJIOMW7gMnW,The Strokes,The New Abnormal,The Adults Are Talking,79,309053,False,0.593,0.749,5,-5.67,1,0.0475,0.0113,0.106,0.314,0.649,164.959,4,garage,very_high
73736,6d1U1m1K7PuCXLi3WBTZz7,Boris Brejcha,Space Diver,Game Over,37,451200,False,0.804,0.633,11,-9.677,1,0.0493,9.37e-05,0.845,0.117,0.235,125.004,4,minimal-techno,medium
69805,7yQ5C3l947dyjWCxa19KCP,Thaikkudam Bridge,Navarasam,Aarachar,21,411250,False,0.486,0.888,2,-4.735,1,0.0603,0.00523,0.0414,0.632,0.41,77.569,4,malay,low
25487,4tf92yoVW7DaJ5Qab2nTsM,Bayer Full,Najwieksze Przeboje,Majteczki w kropeczki,34,187826,False,0.644,0.952,5,-2.797,1,0.205,0.136,0.0,0.279,0.713,145.045,4,disco,medium
7188,29LnA4BWIId9jLdVn9NCRU,The Infamous Stringdusters,Rise Sun,Cloud Valley,26,337012,False,0.457,0.721,0,-7.324,1,0.0265,0.235,0.834,0.799,0.633,130.464,4,bluegrass,medium
60279,54KON1asBgOHbmY9ovVaOw,Ryuji Imaichi,LDH PERFECT YEAR 2020 SPECIAL SHOWCASE RYUJI IMAICHI “ZONE OF GOLD” SET LIST,これが運命なら,25,346440,False,0.514,0.582,2,-5.548,1,0.0402,0.329,0.0,0.0703,0.363,71.94,4,j-dance,medium
12098,2i40AXmoYGkzzW3C3OUoG6,Terence Lam,MEMENTO,記得,59,233367,False,0.405,0.128,5,-17.609,1,0.0332,0.942,0.000303,0.109,0.365,137.936,4,cantopop,high
59248,1r5uwAOvgDM6IpA68Dxq31,Tension Prophecy,Death Metal From Iran,Homophobia,0,273819,True,0.238,0.777,1,-5.98,1,0.151,0.0106,0.73,0.254,0.156,92.322,4,iranian,low
33116,2cE5PbW9PhPmnyETXqH3VE,RADWIMPS;Toko Miura,Weathering With You,Grand Escape (Movie Edit) [feat. Toko Miura],56,188066,False,0.461,0.423,4,-9.161,1,0.0369,0.486,0.00118,0.137,0.546,146.061,4,emo,high
76352,37QXAPHFbWgan7oObtPYJ0,Dimash Qudaibergen,О'кей,О'кей,50,197387,False,0.616,0.648,9,-10.457,0,0.09,0.473,0.0311,0.0915,0.18,123.916,4,opera,high
90745,4RyW9qyWhEU0UY3Nwh4mFN,Alberto Vazquez,16 Éxitos: Baladas,Lanza Tus Penas Al Viento,30,146842,False,0.612,0.306,10,-11.611,1,0.121,0.937,1.49e-05,0.14,0.5,127.283,4,rock-n-roll,medium
45636,4fo5uMhEhxZXntgKgqE0WT,Mikis Theodorakis;Antonis Kalogiannis,70 Chronia Mikis Theodorakis - Mes' Stin Kardia Mou Kleino Tin Ellada,Eimaste Dyo,24,150400,False,0.678,0.607,2,-12.418,0,0.0333,0.772,0.00342,0.322,0.988,119.088,4,guitar,low
73904,0vu1ke40FucEgjDmpjrlVJ,Thomas Schumacher,Crimson,Feist,40,426034,False,0.583,0.886,4,-8.94,0,0.0524,0.00142,0.87,0.083,0.25,129.002,4,minimal-techno,medium
26477,5zLK4hQMtKkLG0gSKpaXiG,Søren Launbjerg;Tritonus Koret,Aladdin (Originalt Dansk Soundtrack),Et Skridt Foran,22,143840,False,0.568,0.433,4,-13.81,0,0.0952,0.537,0.0,0.721,0.596,122.861,4,disney,low
38467,3kKb3U3a8jmUJQB9ypE1Jl,The Strokes,Room On Fire,Under Control,58,187306,False,0.406,0.72,1,-4.647,1,0.0291,0.354,0.795,0.0541,0.641,91.336,4,garage,high
31853,2FqqVHvC4eKrsk97vpMRid,Bazzi;21 Savage,Soul Searching,Focus (feat. 21 Savage),65,155133,True,0.752,0.703,1,-5.268,1,0.0969,0.00694,0.0,0.143,0.538,77.021,4,electro,high
18225,5j5pCikiSYe36LRGDcPMgk,Stephen Lynch,Lion (Stephen Lynch),Tennessee,25,309120,True,0.625,0.272,4,-12.295,1,0.0399,0.731,0.00246,0.152,0.218,141.119,4,comedy,medium
95249,101Q3ixoTRBwkQqxISFzr8,Héctor Lavoe;Willie Colón;Yomo Toro,Asalto Navideño: Vol. 1 & 2,Esta Navidad,34,317640,False,0.623,0.74,0,-7.743,1,0.0333,0.647,0.0148,0.125,0.899,99.76,4,salsa,medium
51991,7c5gFNt49WZ1vHbVHT13Yz,Don Omar;Lucenzo,Summer Sweat,Danza Kuduro,2,198786,False,0.7,0.917,0,-4.897,1,0.115,0.0773,0.0,0.065,0.888,130.04,4,hip-hop,low
42870,0ToRptTX7IlNo6DngrPwLw,Mortician,Darkest Day of Horror,Rampage,14,77106,False,0.406,0.926,8,-10.141,1,0.12,9.37e-06,0.597,0.239,0.222,124.432,4,grindcore,low
37227,4AZ0PQq1bL575nKKfrmhzq,MC Hariel,Muito Sagaz,Muito Sagaz,55,162461,False,0.55,0.569,6,-6.943,0,0.347,0.526,0.0,0.0789,0.295,88.413,5,funk,high
12699,7ti0olzQPvYNc7PSor2qrI,Christopher Wong;余劍明,黃凱芹給您留念30首,流離所愛,19,284173,False,0.705,0.279,3,-14.509,1,0.0268,0.559,1.3e-06,0.0725,0.381,96.286,4,cantopop,low
23780,3U6ZWTjjYDtr2YMhG0fpsM,CALVO,Broke In Amsterdam,Broke In Amsterdam,52,175368,False,0.77,0.722,6,-3.951,0,0.0327,0.0708,0.0,0.101,0.711,105.995,4,deep-house,high
11512,3vT58d8HuLwBWKldRwK9bl,YUNGBLUD;WILLOW,YUNGBLUD,Memories (with WILLOW),58,155919,True,0.431,0.911,7,-4.641,1,0.0744,0.000365,0.0,0.882,0.643,181.996,4,british,high
35928,1ur6VuO16RCMIfmDbep4VT,Banda A Loba,Na Hora do Prazer,Amava Porra Nenhuma,37,163944,True,0.784,0.722,6,-3.86,0,0.0319,0.69,1.33e-06,0.0991,0.892,124.005,4,forro,medium
50647,16qYAto5RMC3suM7ErXAKm,Malon,Justicia o Resistencia (Remasterizado),Judas de Oficio - Remasterizado,22,253271,False,0.544,0.917,9,-4.439,1,0.065,4.07e-05,7.36e-05,0.247,0.468,101.487,4,heavy-metal,low
38775,31nk8lhLlc1n2VFgEwnmjC,Guantanamo Baywatch,Chest Crawl,Diana,24,156546,False,0.424,0.713,5,-5.287,1,0.0346,0.721,0.418,0.115,0.714,133.282,4,garage,low
16161,4yp2yp607NbAqmpvtvk5Bp,Yiruma,Christmas Dinner,Maybe Christmas - Orchestra Version,0,303297,False,0.105,0.154,1,-14.355,1,0.0334,0.946,0.895,0.0683,0.0756,71.0,4,classical,low
52691,48q81PdYj83ZdniC0LtMlf,George Jones,I'll Share My World With You,When The Grass Grows Over Me,12,175360,False,0.511,0.27,9,-14.024,1,0.0277,0.534,0.0,0.328,0.525,96.557,4,honky-tonk,low
99629,3gdiyrJ3d1FGnYnCrVKwph,Jillian Rossi,Hurt Again,Hurt Again,62,126562,True,0.638,0.564,9,-5.876,1,0.0374,0.123,2.97e-06,0.0811,0.109,96.08,4,singer-songwriter,high
58886,2KZtLRbaxkxjAanRvMciQe,CKY,The Phoenix,Unknown Enemy,22,224435,False,0.478,0.959,9,-5.697,0,0.371,0.00422,7.6e-06,0.295,0.481,110.043,4,industrial,low
46291,58hlf5TJpGLCKxmEjlfi33,Scooter,Jumping All Over The World,Cambodia,23,323932,False,0.578,0.995,6,-6.538,0,0.0401,0.000336,0.813,0.282,0.713,144.998,4,happy,low
79380,6phvTw8jPSP9U8VAKnvDmO,Fonzi M,"Kamado Tanjiro no Uta (From ""Demon Slayer: Kimetsu no Yaiba"") [Piano Solo]","Kamado Tanjiro no Uta (From ""Demon Slayer: Kimetsu no Yaiba"") [Piano Solo]",45,386459,False,0.636,0.193,2,-19.498,0,0.0496,0.983,0.874,0.115,0.0731,75.993,4,piano,medium
58585,154kbDHzD3v69qUOxBtnDA,Static-X,Cannibal,Cuts You Up,23,206813,False,0.62,0.998,6,-1.884,1,0.167,0.00274,0.0,0.138,0.0385,112.99,4,industrial,low
98659,4axI8DNcmVLjbvEW1yMd2t,Judy Kuhn;Emily Skeggs,Fun Home (A New Broadway Musical),"""Shortly After We Were Married...""",22,52773,False,0.637,0.0523,3,-24.744,0,0.736,0.84,0.0,0.117,0.238,94.005,4,show-tunes,low
46371,03p5gFlILjBgrKC9iP1wb1,Scooter,I Want You to Stream!,Which Light Switch Is Which? - Live,21,269375,False,0.556,0.962,5,-5.485,0,0.075,0.0216,0.00126,0.345,0.0969,149.994,4,happy,low
63017,0vB4Vd6PtkJSEnWsmqATnZ,George Benson,20/20,Nothing's Gonna Change My Love for You,71,242678,False,0.553,0.614,1,-5.098,1,0.0306,0.764,0.0,0.0811,0.345,136.628,4,j-rock,high
46524,2VwtcCZgGkN103icTdQYwW,Partyraiser,The Family,Boobytrap,20,219363,True,0.598,0.884,2,-1.108,1,0.127,0.00029,0.00136,0.325,0.17,105.009,4,happy,low
105076,7M0qeMNYfKwsKtinDD1sqM,Matt Large,Summertime Madness,Summertime Madness,46,200431,False,0.653,0.959,0,-3.884,0,0.0501,0.0082,0.71,0.0793,0.895,181.959,4,study,medium
127,2lxBZVbkiCXC1soks2RXwV,Ben Rector,Magic,Love Like This,61,214240,False,0.637,0.14,2,-11.472,1,0.0407,0.903,0.0,0.107,0.392,139.78,4,acoustic,high
43635,7uyS7PnbHR4QLyKdn3j5tE,Yuri Costa;Entretons,Sinal de Amor,Sinal de Amor,25,215750,False,0.541,0.539,4,-4.2,1,0.0293,0.425,0.0,0.232,0.268,119.979,4,groove,medium
29307,4DByODaX53FL51bjyJNInS,Fairlane;TRØVES,Crumble,Crumble,38,189600,False,0.484,0.709,7,-6.428,1,0.264,0.327,0.000469,0.133,0.27,199.913,4,dubstep,medium
69672,4GdO5TJoymMcrAZaf2jOEf,Janna Nick,Gatal,Gatal,45,185930,False,0.694,0.463,10,-5.993,0,0.0457,0.611,0.00079,0.0276,0.608,172.12,4,malay,medium
84084,6yQOZ4JyciUXNnrDtEcJzd,The Beach Boys,The Very Best Christmas Songs 2022,Little Saint Nick - 1991 Remix,0,118840,False,0.602,0.553,11,-9.336,1,0.0328,0.108,0.0,0.0512,0.971,130.594,4,psych-rock,low
99035,6GT0oiQdjiYX91qgAMi7Vd,Jasleen Royal,Nit Nit,Nit Nit,65,246136,False,0.442,0.412,10,-10.675,1,0.0377,0.781,0.0237,0.15,0.235,176.019,4,singer-songwriter,high
79301,7ddJJFmXZ3984IbVEKinp5,Secondhand Serenade,Awake,Your Call,57,222320,False,0.591,0.239,7,-11.943,1,0.0259,0.774,0.0,0.127,0.346,88.919,4,piano,high
3234,5jTnpbclNqXTV4trZSjoJE,Shinedown,20's Rock,Planet Zero,0,222738,False,0.416,0.964,9,-2.967,1,0.112,2.35e-05,0.000875,0.473,0.212,157.925,4,alternative,low
42598,4pH5Gick5Kd1rylOouI1xf,Napalm Death,Harmony Corruption (Full Dynamic Range Edition),Unfit Earth,13,302880,False,0.262,0.971,2,-8.172,1,0.332,7.3e-06,0.851,0.308,0.33,155.77,4,grindcore,low
34791,5PJ8TxMAXO0BR5fBJc3OX7,Judah & the Lion,Alternative Christmas 2022,The Christmas Song (Chestnuts Roasting On An Open Fire),0,224253,False,0.53,0.682,2,-7.311,1,0.0372,0.156,4.17e-05,0.115,0.307,138.231,4,folk,low
33178,004h8smbIoAkUNDJvVKwkG,Ouse;Powfu,Loners Diary,Lovemark,58,219482,True,0.808,0.331,5,-13.457,1,0.0557,0.131,0.0,0.225,0.337,140.035,4,emo,high
29353,1BsCq2fxpa1llb73lDdgw5,ILLENIUM;Quinn XCII,Ashes,With You,51,186125,False,0.676,0.697,7,-5.934,1,0.0411,0.0772,4.51e-05,0.326,0.118,89.944,4,dubstep,high
56636,7ESi0RDUIR0YZYI5vVl3Bz,salem ilese,(MORE) Unsponsored Content,Hey Siri,27,140000,False,0.429,0.361,2,-11.757,1,0.0656,0.538,0.0,0.133,0.4,98.087,4,indie-pop,medium
44267,7tUtvGeKB2V5W5ms6uBlyC,Nirvana,With The Lights Out - Box Set,Sappy,61,205493,False,0.406,0.81,1,-6.127,1,0.0343,1.04e-05,1.34e-06,0.325,0.638,128.282,4,grunge,high
17177,1JcwHjETNNbUH0yfrc9w9n,Power Glove,Far Cry 3: Blood Dragon (Original Game Soundtrack),Power Core,49,126352,False,0.4,0.774,11,-8.539,1,0.0341,0.0401,0.932,0.11,0.204,170.111,4,club,medium
113838,2YnwZFPghbal3aQG2eXo29,Musica para Acostarse,Música para Acostarse - 30 Canciones Relajantes para Dormir Profundamente y Recarga de Energía,Flauta Shakuhachi (Canciones Orientales),23,329352,False,0.113,0.169,6,-16.514,1,0.0413,0.979,0.951,0.116,0.0383,74.423,3,world-music,low
91722,37Tmv4NnfQeb0ZgUC4fOJj,Dire Straits,Dire Straits,Sultans Of Swing,81,348400,False,0.733,0.794,5,-10.023,1,0.0307,0.0614,0.0367,0.33,0.931,148.174,4,rock,very_high
75997,02ZlHF9zknz6qKk2K8wqM1,Clannad,Macalla,The Wild Cry - Remastered 2003,20,280666,False,0.264,0.719,4,-6.682,0,0.0551,0.261,0.00108,0.0929,0.155,87.073,4,new-age,low
73137,2Zl7BFy5LjDaW5tFG3Bv0D,Boris Brejcha,Never Look Back (Edit),Never Look Back - Edit,51,205440,False,0.883,0.638,0,-7.894,1,0.0631,0.000849,0.9,0.0923,0.489,124.998,4,minimal-techno,high
51666,3jW0wb61ySku4gmORXuGDn,Akhil,Deewana,Deewana,58,221044,False,0.544,0.531,11,-6.899,0,0.0397,0.761,0.0,0.115,0.471,79.993,4,hip-hop,high
32029,7JupLCHELRoJiUubOPBPck,RANDALL;Anas;Nassi,Choix de vie (Remix),Choix de vie - Remix,52,215000,False,0.643,0.648,1,-8.07,1,0.0644,0.0997,0.00414,0.365,0.357,96.032,4,electronic,high
30426,4yWl3aETWDnEqM7ZUN4I3U,Clean Bandit;A7S,Hits Hits Hits,Everything but You,0,198014,False,0.679,0.764,6,-5.301,1,0.0391,0.031,9.05e-06,0.0951,0.471,124.977,4,edm,low
111567,2eH9VER5JTMldjsciVUbE6,Little Dragon,Nabuma Rubberband,Killing Me,22,224628,False,0.404,0.68,0,-5.708,1,0.0856,0.029,0.0536,0.112,0.539,154.728,3,trip-hop,low
63589,6X1CaQCJacjQnppLyNcpNl,the quiet room,Little City Films,Fressy,34,245746,False,0.566,0.914,8,-2.173,1,0.0492,0.0262,0.0,0.0319,0.746,115.438,4,j-rock,medium
97047,3aZ6jrtcymXdp6NpHl3dAt,Di Paullo & Paulino,Modão Sertanejo (Ao Vivo),Amor de Primavera - Ao Vivo,54,237693,False,0.481,0.703,4,-4.746,1,0.0241,0.114,0.000363,0.325,0.606,92.016,4,sertanejo,high
113511,4PVt0PcZyI61mCuwMdvtzy,Chris Tomlin;RaeLynn,Chris Tomlin & Friends,Chase Me Down (feat. RaeLynn),43,208053,False,0.658,0.612,6,-5.132,1,0.0337,0.821,0.0,0.101,0.248,108.08,4,world-music,medium
95516,2SP1ZcoBuxIsNzwOC3wHKF,Josimar y Su Yambú,Maldita Traición,Maldita Traición,31,262741,False,0.71,0.717,1,-6.119,1,0.0357,0.52,4.53e-06,0.0598,0.854,94.988,4,salsa,medium
23907,2w1JSr3I1BXnTRyGskbJ45,Matador,Ramaha,Juniper,48,414193,False,0.765,0.702,7,-7.879,0,0.0486,0.121,0.906,0.666,0.239,123.993,4,deep-house,medium
4615,4lyY06kGvzvmG6ErToOVLe,Max Richter,Sleep,Dream 1 (before the wind blows it all away) - Pt. 2,54,142355,False,0.314,0.00174,6,-37.754,1,0.0473,0.994,0.97,0.11,0.0628,64.329,4,ambient,high
38408,37ZgsOy8t4vMnGtMExr6ah,The Strokes,Future Present Past,Threat of Joy,57,264724,True,0.59,0.704,0,-7.058,1,0.0284,0.223,0.0825,0.103,0.691,137.968,4,garage,high
109190,6HfKUHjHuev7pYC0bFS1v5,Modeselektor,Tsugi Chill-Out,Tacken,1,200389,False,0.64,0.533,10,-8.951,0,0.0417,0.0867,0.24,0.17,0.176,103.027,4,techno,low
25694,5Ims37RILnoKgwv4ih2UKD,Power Play,Ciebie mam (Radio Edit),Ciebie mam - Radio Edit,31,190258,False,0.845,0.849,0,-4.944,1,0.166,0.0497,0.0,0.063,0.928,136.021,4,disco,medium
1571,1NdstGJRxpP8qhiYzfJTBX,OQuadro,OQuadro,Evolui (Bem Aventurados),19,247560,False,0.851,0.772,4,-6.516,0,0.136,0.0462,0.0,0.15,0.922,93.521,4,afrobeat,low
112897,4HeXZwvwjFTnCLq6ASYngI,Cegıd,Delüzyon,Skimde Değil,38,246138,True,0.77,0.696,2,-8.259,1,0.362,0.262,0.0,0.101,0.731,90.347,4,turkish,medium
44004,104buTcnP2AsxqB7U1FIZ4,Linkin Park;Kiiara,One More Light,Heavy (feat. Kiiara),69,169800,True,0.59,0.671,9,-6.098,1,0.0706,0.0484,0.0,0.0604,0.438,149.982,4,grunge,high
98726,5Gh732zeWoMmSBF2KQnlvs,Jan Ammann,Rebecca - Gesamtaufnahme Live,"Gott, warum?",22,149840,False,0.352,0.754,8,-6.192,1,0.104,0.511,0.0,0.294,0.323,145.423,3,show-tunes,low
68515,2snbAel9GoxA6i6iH0Wvw9,Ozuna,OzuTochi,Te Pienso,66,147760,False,0.668,0.533,2,-7.409,1,0.098,0.117,0.0,0.305,0.676,163.733,4,latino,high
42982,1gBXUAM8hmPNaeYDRBfH2r,Sex Prisoner,Sex Prisoner,Soft Skin,11,84149,False,0.212,0.962,7,-5.798,1,0.185,0.000107,0.664,0.071,0.214,77.548,4,grindcore,low
49469,1ouhbOgY2UATnWo7sTYEQF,The Nasty Boyz,DEDIQATED - 20 Years Of Q-dance,Angel - Hardstyle Masterz Cut,23,471666,False,0.609,0.874,2,-6.012,0,0.0874,0.00137,0.832,0.0648,0.0774,150.002,4,hardstyle,low
6523,6KqhPfkGbliDxjIQBVzltm,Samael,Worship Him,Manitou,18,223626,False,0.265,0.962,4,-6.976,0,0.101,0.000172,0.213,0.596,0.0754,150.655,4,black-metal,low
17991,7pQLDFpyHjAJsnloiDAEZS,death's dynamic shroud,Darklife,Neon Memories,40,275979,False,0.608,0.703,4,-7.167,1,0.0312,0.0432,0.0478,0.218,0.271,135.002,4,club,medium
63452,0I0l2Oo5zjpCEphpDJL0Pm,Motohiro Hata,言ノ葉,Rain - Long Ver.,44,447306,False,0.588,0.604,9,-7.602,1,0.024,0.343,6.86e-05,0.252,0.351,92.02,4,j-rock,medium
17597,71WLu8I7YigziuM35wmsup,Glee Cast,Glee The 3D Concert Movie (Motion Picture Soundtrack),Fat Bottomed Girls,18,140546,False,0.391,0.892,7,-5.226,1,0.0545,0.0112,0.0,0.733,0.414,90.155,3,club,low
96562,2jrtlEsTbL8g4aGbOnCyMb,Luiz Gonzaga,A Raíz do Nordeste,Respeita Januário,38,150565,False,0.765,0.501,8,-6.049,1,0.156,0.82,0.0,0.246,0.746,84.604,4,samba,medium
69023,2PDaNC5MT6HZYE52HYHyjo,Job Kurian,Padayatra (Live),Padayatra - Live,53,290125,False,0.572,0.621,7,-7.192,1,0.0337,0.494,0.00121,0.675,0.425,121.512,4,malay,high
51133,39ujbBjTwwqUFySaCYDMMT,Badshah;Diljit Dosanjh;Aastha Gill,Namaste England (Original Motion Picture Soundtrack),Proper Patola,68,178604,False,0.77,0.824,1,-6.491,0,0.0851,0.485,0.0,0.318,0.49,172.006,4,hip-hop,high
57204,4TZ2Ub8bZh4LTs06eANDXa,Ellie Goulding;Speed Radio,Lights (Sped Up Version),Lights - Sped Up Version,77,190053,False,0.653,0.836,10,-5.626,0,0.0457,0.0452,0.299,0.1,0.804,133.182,4,indie,very_high
91920,3ROAkyTbzbruUrss9KT97k,Christina Perri,Christmas Music - Holiday Hits,Merry Christmas Darling,0,200240,False,0.544,0.291,0,-13.898,1,0.0274,0.714,0.000288,0.0963,0.168,75.945,4,rock,low
103105,4gcTWm58MmrRDhPjyLZRIj,Stevie Wonder,Halloween Scary Party,Superstition,0,267733,False,0.611,0.583,1,-14.182,1,0.0668,0.057,0.0195,0.0857,0.877,100.82,4,soul,low
78480,0yrOqYX4S5cngkRDnegyfC,Andreas Gabalier,Herzwerk (Geschenkedition),Wo immer du auch bist,29,220066,False,0.579,0.836,9,-4.634,1,0.036,0.221,0.0,0.339,0.723,125.934,4,party,medium
56378,7CoMBpPTwQi2wPT0U0Nr9b,Novo Amor,Birthplace,State Lines,73,208653,False,0.509,0.31,9,-10.623,1,0.0313,0.959,0.229,0.0963,0.151,137.474,3,indie-pop,high
45859,7cRXuKrYYZRHmRibV2qD6C,Andrew Foy,Best Covers,Friends,19,201995,False,0.715,0.389,2,-9.877,0,0.0513,0.596,0.861,0.114,0.676,95.882,4,guitar,low
52254,2x4a6Vk7fZ7mIUBJZEGPgI,Ernest Tubb,The Very Best Of Ernest Tubb,Another Story,17,163333,False,0.278,0.314,0,-15.781,1,0.036,0.91,0.0736,0.219,0.726,198.325,3,honky-tonk,low
84028,6JN11T87T69FzNoAsTUMbr,The Beach Boys,Holidays Are Coming,God Only Knows - Mono / 1997 Remastered,0,173040,False,0.524,0.487,6,-7.525,0,0.0299,0.253,0.0,0.0579,0.482,117.108,4,psych-rock,low
99678,1I2zZtHCrBkoTgfwxnNKZ9,BLÜ EYES,you'd never know,you'd never know,65,185321,False,0.626,0.43,8,-9.704,1,0.0741,0.149,1.01e-05,0.194,0.174,149.859,4,singer-songwriter,high
62272,532a4qwtCf56E6qjiAn2EE,CHiCO with HoneyWorks,ヒミツ恋ゴコロ,ヒミツ恋ゴコロ,58,218146,False,0.573,0.915,5,-2.513,0,0.0852,0.0754,0.0,0.336,0.894,165.06,4,j-pop,high
44870,68pbfPO23QQUl2pxlthi6Q,Seether,Holding Onto Strings Better Left To Fray,Pass Slowly,46,207832,False,0.451,0.702,10,-5.718,1,0.0307,0.000687,4.57e-05,0.172,0.24,147.007,3,grunge,medium
56923,2VvTMIXG760UiG9OSiFt9j,Adam Melchor,Real Estate,Real Estate,60,216000,False,0.493,0.284,2,-12.815,1,0.0309,0.953,0.00739,0.151,0.199,79.959,4,indie-pop,high
34615,36jMu03qVcjYAccvQLmAMR,Tom Walker,The Best Is Yet to Come,The Best Is Yet to Come,67,166874,False,0.395,0.354,9,-7.635,1,0.0444,0.933,0.0,0.102,0.247,165.95,4,folk,high
27416,5WqHQvyyZVJtOMW9vyqTGT,Teebee,TeeBee Archives,Let Go,17,373274,False,0.517,0.973,6,-5.756,0,0.0791,5.16e-05,0.366,0.0304,0.519,175.083,4,drum-and-bass,low
6153,0wSDqr9K4hdFaY5P7apPlo,Deafheaven,Infinite Granite,Great Mass of Color,45,360333,False,0.28,0.875,2,-5.312,0,0.0392,0.00284,0.189,0.15,0.462,129.129,4,black-metal,medium
26574,6vGf5Okmel0AN9oLTiRe8q,Cameron's Bedtime Classics,Dreamy Piano,Imagination Station,21,241142,False,0.589,0.0456,9,-19.654,1,0.0727,0.995,0.954,0.11,0.395,115.183,4,disney,low
68610,4DHDIdeayp8xvlyg22wREO,Natti Natasha;Becky G,Ram Pam Pam,Ram Pam Pam,69,200785,True,0.908,0.813,5,-2.749,0,0.0777,0.305,0.0,0.278,0.924,97.018,4,latino,high
42485,2fCvdQYCOJgdGvd46lnkEC,Agoraphobic Nosebleed,Frozen Corpse Stuffed With Dope,Bitch's Handbag Full of Money,13,34293,True,0.324,0.998,4,-2.79,0,0.175,0.000995,0.698,0.447,0.0244,77.492,4,grindcore,low
97235,1y3ROW0J6gjnyiZZd9NdIU,Henrique & Juliano,Menos É Mais (Ao Vivo),Eu E A Saudade - Ao Vivo,52,173610,False,0.789,0.686,10,-4.879,1,0.0429,0.663,0.0,0.978,0.852,114.015,4,sertanejo,high
92224,2iXcvnD3d1gfLBum0cE5Eg,Little Richard,Here's Little Richard (Deluxe Edition),Tutti Frutti,65,144226,False,0.555,0.658,5,-3.866,1,0.0541,0.793,0.0,0.118,0.937,184.835,4,rockabilly,high
44068,7AB0cUXnzuSlAnyHOqmrZr,Linkin Park,Meteora (Bonus Edition),Faint,66,162600,False,0.554,0.978,4,-3.554,1,0.131,0.111,0.0,0.0731,0.594,135.095,4,grunge,high
39348,6HzequtWcId9i7bAt1ZyRp,Hans Zimmer;Lisa Gerrard;Gavin Greenaway;The Lyndhurst Orchestra,Hans Zimmer: Epic Scores,"The Battle - From ""Gladiator"" Soundtrack",13,602226,False,0.401,0.377,0,-14.317,1,0.0387,0.664,0.913,0.117,0.103,84.332,3,german,low
80796,0Ilt3ks9TsVNV5g9tM2uW5,Hariharan;Sujatha,Poovellam Kettuppar,Irava Pagala,56,310752,False,0.703,0.402,1,-11.471,1,0.059,0.478,4.7e-06,0.163,0.191,82.049,4,pop-film,high
39148,5Wr9eVJ9Ccpx6uYTLETkbk,Ludwig van Beethoven;Wiener Philharmoniker;Andris Nelsons,Classical Running,"Symphony No. 6 in F Major, Op. 68 ""Pastoral"": III. Lustiges Zusammensein der Landleute. Allegro",0,308240,False,0.283,0.139,5,-18.546,1,0.0476,0.931,0.841,0.54,0.334,158.524,1,german,low
43852,3NGC2t1KnSOFcDQv8EI2Pl,Gorgon City;Flirta D,Sidewindah (feat. Flirta D),Sidewindah (feat. Flirta D),0,213562,False,0.817,0.936,9,-7.669,1,0.0618,0.131,0.285,0.227,0.415,127.0,4,groove,low
55255,7jZmxEZsAUsQQ7ti99Y0bz,Nazz,Heavy Driver,Heavy Driver,55,172094,False,0.615,0.686,10,-7.986,0,0.409,0.117,0.0,0.17,0.805,193.682,4,indian,high
94594,1vICs0L6EW8o87OJoaNGVW,Alex Sevenrings,Virtual Love,No Wonder Bonus Track,44,128088,False,0.602,0.282,11,-18.728,1,0.0589,0.656,8.34e-05,0.12,0.17,106.048,4,sad,medium
32897,1GfZsoEHqnZCJYspwzNjeo,Pedropiedra,Emanuel,Para Ti,35,182160,False,0.635,0.852,2,-5.799,1,0.0512,0.0669,0.0,0.0773,0.518,98.053,4,electronic,medium
3274,0OlgQYka86XhPepKdZ6xio,Counting Crows,Fiesta temática 90s,Hanginaround,0,252720,False,0.514,0.781,0,-6.703,1,0.0639,0.248,0.0,0.731,0.717,90.522,4,alternative,low
112980,0UB9JiWD415ZYGbwpOXDTH,Yaşar Güvenir,Gel Desen Gelemem Ki,Gel Desen Gelemem Ki,38,245016,False,0.3,0.221,6,-14.684,0,0.036,0.749,4.95e-05,0.155,0.417,82.153,3,turkish,medium
30214,7jEyX4bqaCSdMN4D4JNnVj,Jonas Blue;William Singe,Blue,Mama,74,184133,False,0.738,0.794,11,-4.118,0,0.0416,0.101,0.0,0.0533,0.566,104.014,4,edm,high
25211,0UeYCHOETPfai02uskjJ3x,Bag Raiders,Bag Raiders (Deluxe),Shooting Stars,67,235813,False,0.636,0.72,11,-6.195,1,0.0432,0.0893,0.0178,0.0868,0.425,124.944,4,disco,high
109603,2kZf795HRKht0kpkoQcgSi,Stephan Bodzin;Ben Böhmer,Lll (Ben Böhmer Remix),Lll - Ben Böhmer Remix,35,392404,False,0.57,0.681,8,-11.716,0,0.0365,0.33,0.862,0.108,0.25,124.002,4,techno,medium
8098,0hg4cZgvvYIdJG6sBukiyl,Ella Fitzgerald,Classic Christmas Music 2022,Let It Snow! Let It Snow! Let It Snow!,0,163040,False,0.574,0.414,9,-7.16,0,0.0495,0.842,0.0,0.172,0.867,77.968,4,blues,low
228,2z3HKlpENvfz1Am2MNF2pL,Donovan Woods;Tenille Townes,The Other Way,I Ain't Ever Loved No One - Acoustic,57,199594,False,0.322,0.213,10,-14.915,0,0.0318,0.611,0.0,0.113,0.16,160.389,4,acoustic,high
13285,0BbW56HzUNVxn1kN9WVgTd,Frankie Knuckles;Eric Kupper;Director's Cut;CINTHIE,The Whistle Song (Cinthie Remix),The Whistle Song - Cinthie Extended Remix,11,391680,False,0.744,0.85,7,-6.969,1,0.0529,0.00681,0.89,0.0532,0.845,124.993,4,chicago-house,low
96791,6Gejlfb0nkPaHttVp2oAzK,Galocantô,Samba Social Clube Nova Geração (Ao Vivo),Pão Que Alimenta - Ao Vivo,36,181080,False,0.595,0.95,2,-5.54,1,0.137,0.299,0.00935,0.439,0.896,111.421,4,samba,medium
84706,4MPkQ1BppSZR0PnZ5HWL0i,Pink Floyd,Relics,Julia Dream,40,157333,False,0.368,0.28,9,-13.153,0,0.0323,0.522,0.132,0.602,0.408,115.986,4,psych-rock,medium
106283,5RtowNGRzi71N0vz38qJ8R,Bo Kaspers Orkester,Dansa på min grav,Dansa på min grav,41,219253,False,0.665,0.342,3,-10.064,1,0.0298,0.696,0.0793,0.112,0.338,111.992,4,swedish,medium
13932,2JFeAyJLMPPsBkklQEet6t,Glenn Underground,The Jerusalem EP's,H-Dance,7,397133,False,0.696,0.524,0,-16.11,1,0.0489,0.000879,0.252,0.104,0.672,122.015,4,chicago-house,low
50211,2SOEI9DvgYCzeqeiLR0YGH,Mastifal,Carnivora,Culto vacio radical,27,287573,False,0.48,0.975,0,-3.252,1,0.0912,0.000213,7.38e-05,0.262,0.39,124.977,4,heavy-metal,medium
95031,3wF2PO03RUu386RXfJyorg,Tito Nieves,Ritmo Bonito,De Mí Enamórate,0,312000,False,0.456,0.922,2,-3.413,0,0.038,0.714,1.99e-05,0.0849,0.712,94.379,4,salsa,low
71401,1ShQlzjMz0XkaHt5CgMpBs,Nightmare;DEATH NOTE デスノート,the WORLD/アルミナ,the WORLD,58,234173,False,0.494,0.938,11,-2.359,0,0.0384,0.000474,0.0,0.314,0.822,95.049,4,metal,high
21847,6eg9xJw40TZ0eHILd9F0ui,Frisco Kid,PEPPERSPRAY RIDDIM,Dem Mad,0,170196,False,0.836,0.985,7,-0.604,1,0.372,0.112,0.0,0.0483,0.85,99.781,4,dancehall,low
79640,65a1ng2xAbaRbYWsq9H2MH,Stephan Moccio,Lionheart,Lionheart,56,209693,False,0.329,0.0232,2,-24.632,0,0.0372,0.993,0.922,0.0965,0.112,111.377,4,piano,high
48132,7FASTpnu9gXtBb5T3vkJer,For Revenge;Wira Nagara,Perayaan Patah Hati - Babak 1,Perayaan Patah Hati,42,294000,False,0.517,0.742,4,-6.067,0,0.0725,0.0995,0.0125,0.0947,0.0637,121.206,4,hardcore,medium
68943,5yf7KwimprrLD0k9ERKo3B,Cachureos,Cachureos 96,La Mosca,38,190323,False,0.832,0.857,10,-7.839,0,0.0417,0.087,0.0043,0.636,0.882,122.58,4,latino,medium
31824,7uUahoeqGNRMbpdeiLj1rS,Au/Ra,Panic Room,Panic Room,72,237772,False,0.495,0.426,8,-9.434,1,0.0736,0.152,5.65e-06,0.099,0.0636,97.91,4,electro,high
111388,4gvPbKEQyTZBoX2k7P1MFZ,The Orb,Adventures Beyond The Ultraworld,Back Side Of The Moon,22,854933,False,0.292,0.568,5,-18.75,1,0.0718,0.144,0.63,0.177,0.218,119.817,3,trip-hop,low
88746,6KeunoKe447ohIj7u32Y7D,Jimmy Cliff,Supa Chill,Footprints,0,237053,False,0.666,0.372,10,-16.204,1,0.0367,0.677,0.00684,0.0738,0.758,144.331,4,reggae,low
58486,1sC6AjTfIQd4ChoZm1DNMu,MC 900 Ft. Jesus,Welcome To My Dream,Adventures In Failure,24,345600,True,0.635,0.596,1,-11.41,1,0.424,0.0244,0.000283,0.118,0.831,183.204,4,industrial,low
38371,2ThdB23G9Rgf1ExndFGEEg,The Strokes,Comedown Machine,Tap Out,56,222360,False,0.737,0.745,9,-5.944,1,0.0351,0.0176,0.381,0.306,0.629,115.989,4,garage,high
96366,4DFdqcDtqU9Ch6cFV4cLT6,Zeca Pagodinho,Mais Feliz,Sexta-Feira,40,251455,False,0.775,0.672,2,-11.899,1,0.0639,0.247,0.0,0.419,0.958,90.005,4,samba,medium
80789,03GR8YoEsu0qPUGC13X8C1,Kishore Kumar;Anette,Audiobiography - Kishore Kumar,Dilbar Mere - Satte Pe Satta / Soundtrack Version,57,288480,False,0.387,0.615,5,-6.877,0,0.0429,0.665,0.0,0.15,0.845,180.726,3,pop-film,high
112134,4Qhr8dKGrAkKhZmE5npfOi,Allame,Fare Kapanı,Allame Sendromu,45,210390,False,0.625,0.881,2,-7.331,1,0.229,0.0359,0.0,0.329,0.873,77.81,4,turkish,medium
35791,2WwKzXfIjiMgmShuaQkpZ7,Léo Magalhães,"Bebo e Choro, Vol. 6",Por Isso Bebo e Choro,40,171040,False,0.618,0.664,5,-4.594,1,0.0332,0.593,0.0,0.408,0.921,144.803,4,forro,medium
58671,6m44QcsdbzCOL1Gacaxo8N,Nine Inch Nails,The Downward Spiral (Deluxe Edition),Mr. Self Destruct,50,270293,False,0.234,0.876,2,-8.494,1,0.0712,0.00489,0.773,0.427,0.262,99.823,4,industrial,high
41678,5d5e9fYtBagYyy07VsZZNU,Siouxsie and the Banshees,Nocturne,"Dear Prudence - Live At The Royal Albert Hall, London / 1983",24,239693,False,0.482,0.789,5,-7.341,1,0.0347,0.0173,0.0125,0.665,0.232,110.533,4,goth,low
84179,7DD7eSuYSC5xk2ArU62esN,The Beatles,Help! (Remastered),Help! - Remastered 2009,70,139560,False,0.534,0.725,6,-7.576,0,0.0332,0.188,0.0,0.0994,0.763,95.003,4,psych-rock,high
71367,6ZvHLqK1T4EVzWx372MHto,Disturbed,Immortalized,The Sound of Silence,41,248466,False,0.322,0.28,6,-9.367,0,0.0281,0.468,1.1e-06,0.102,0.175,85.794,4,metal,medium
24275,4jGdYbYXLSnSMp5yXEvJJD,Robert Hood,Soma500 (Slam Remixes),The Bond We Formed - Slam Remix,10,433696,False,0.619,0.674,6,-10.683,0,0.0571,0.646,0.963,0.0986,0.167,126.985,5,detroit-techno,low
26668,4yDFEglGw2yP0jvrqCTgfM,Kristen Anderson-Lopez;Robert Lopez,Die Eiskönigin 2 (Deutscher Original Film-Soundtrack/Deluxe Edition),So wird's immer sein - Instrumental,20,207588,False,0.585,0.462,5,-9.054,1,0.0274,0.227,0.936,0.185,0.189,89.914,4,disney,low
13824,5PrJQYU5pPNBzSAOiW1Ham,Romanthony;Kevin McKay,Ministry of Love (2013 Remixes - Pt. 2),Ministry of Love - Kevin Mckay 90s Edit,5,432786,False,0.752,0.753,2,-7.568,1,0.0622,0.00732,0.262,0.591,0.209,121.988,4,chicago-house,low
57209,3odrUVQ9tvRpkC9II2oWzx,Ellie Goulding,"Still Falling For You (From ""Bridget Jones's Baby"" Original Motion Picture Soundtrack)","Still Falling For You - From ""Bridget Jones's Baby""",73,240867,False,0.473,0.518,1,-8.1,1,0.0405,0.553,1.26e-06,0.111,0.18,96.129,4,indie,high
61957,78VavvRPqerpCiXI1AqUrt,BABYMETAL,BABYMETAL,Doki Doki ☆ Morning,44,225651,False,0.55,0.97,2,-0.986,1,0.0859,0.00619,1.04e-05,0.0977,0.601,83.007,4,j-idol,medium
29066,0PMNxtgeNSmPPp4aiA4T8F,ILLENIUM;Valerie Broussard;NURKO,Sideways,Sideways,56,251830,False,0.474,0.792,5,-3.302,1,0.051,0.0662,1.09e-06,0.277,0.31,141.926,4,dubstep,high
21226,6hyTI3In7vu6fqFRoypcuz,Burna Boy,"Love, Damini",Common Person,60,210346,False,0.703,0.674,4,-7.185,1,0.079,0.636,0.468,0.103,0.592,97.021,4,dancehall,high
2029,5KaVoEhxf1UwParyAjzHVA,The Killers,Kick It,Mr. Brightside,1,223973,False,0.344,0.931,1,-3.759,1,0.0783,0.00104,0.0,0.0903,0.251,148.104,4,alt-rock,low
13951,6zr6W6SAxxiwuueFxe1Bn9,Paul Johnson;Patrick Topping,Dance with Me (Patrick Topping Remix),Dance with Me - Patrick Topping Remix,31,353678,False,0.824,0.568,10,-13.099,0,0.0649,0.00173,0.206,0.265,0.68,125.0,4,chicago-house,medium
60059,1iuljeYz6ZG3GTJOZZkoer,Fetty Wap,Fetty Wap (Deluxe),RGF Island,59,173893,True,0.746,0.764,0,-5.066,0,0.0423,0.00116,8.19e-06,0.0867,0.518,137.98,4,j-dance,high
112987,5v0kY5pPWOL5mUCmq4jHUB,Cem Karaca,Merhaba Gençler,Hep Kahır,37,321146,False,0.297,0.626,4,-6.432,0,0.0629,0.728,3.54e-05,0.0864,0.496,67.926,4,turkish,medium
1986,4NEBZjWw9QlE7Sdju7jVA7,Meridian Brothers,¿Dónde Estás María?,"Yo Soy Tu Padre, Yo Te Fabriqué",16,319213,False,0.645,0.551,5,-10.301,0,0.103,0.594,0.00532,0.0746,0.774,96.225,4,afrobeat,low
78762,7KeoyXh0fXwjW4Q02eYpVK,voXXclub,Geiles Himmelblau,"Ei, ei, ei, die Goass is weg",25,198520,False,0.701,0.867,9,-6.613,1,0.169,0.134,0.0,0.0969,0.862,135.052,4,party,medium
27121,4ftDEOiVW5dXLh0iQruW7K,Sub Focus;ALMA;salute,Don't You Feel It (salute Remix),Don’t You Feel It - salute Remix,23,234670,False,0.738,0.756,8,-8.281,1,0.107,0.00869,0.00518,0.197,0.501,129.997,4,drum-and-bass,low
61802,5hSPcIoXyAMn8qkhxi0dI6,Momoiro Clover Z;Funky Kato,吼えろ 2021,吼えろ 2021,18,261932,False,0.602,0.867,3,-1.859,1,0.054,0.153,4.91e-06,0.145,0.686,134.013,4,j-idol,low
38068,1aOxOpH4AkGAd8OMrKjyNY,The Strokes,The New Abnormal,Why Are Sundays So Depressing,68,275666,False,0.579,0.714,0,-4.455,1,0.0347,0.00258,0.0269,0.111,0.299,109.971,4,garage,high
92468,2kVQpubE6URKKj9L7Upk2l,Elvis Presley;Lisa Marie Presley,Where No One Stands Alone,Where No One Stands Alone (with Lisa Marie Presley),54,220106,False,0.345,0.291,0,-8.748,1,0.0278,0.641,0.0399,0.151,0.299,136.751,3,rockabilly,high
8983,3giA44zxPL9lXeYhzdcMpX,Gary Moore,Still Got The Blues,Walking By Myself,57,175866,False,0.531,0.51,4,-13.928,1,0.0481,0.178,8.7e-05,0.282,0.8,128.427,4,blues,high
39992,0dk6hH3XC2Pq2Z1gL1cDib,Johann Sebastian Bach;Hagen Quartett,Mozart: A Night of Classics,"The Well-Tempered Clavier: Book 2: Fugue in C Minor, BWV 871 (Arr. for String Quartet by Wolfgang Amadeus Mozart, KV 405)",8,96000,False,0.272,0.0582,0,-22.45,0,0.0414,0.977,0.482,0.0826,0.612,163.978,4,german,low
44298,7bYsIVw6B8QRvtT7TeyRdT,Stone Temple Pilots,Grunge!,Dead & Bloated,36,310266,True,0.56,0.81,7,-7.876,1,0.0546,0.000156,8.57e-05,0.0926,0.548,123.013,3,grunge,medium
53863,4QTuyRQshEZYurtIDfE6g0,Jonas Blue;RAYE,Blue,By Your Side,64,201254,False,0.695,0.743,6,-3.85,1,0.0329,0.0786,0.0,0.0587,0.634,123.007,4,house,high
106974,1V92Cz40Lygfo20VS3W9iD,23Till,Nöjd?,Balladen Om Olsson,35,201933,False,0.524,0.919,9,-6.021,1,0.0742,0.00438,0.0,0.248,0.826,93.831,4,swedish,medium
106369,5bKZMBL2qugbqkbZjZgoJR,Wahlberg;Weldingh,Fattig Bonddräng,Fattig Bonddräng,40,175000,False,0.734,0.384,8,-12.986,1,0.338,0.261,0.0,0.0932,0.752,167.943,4,swedish,medium
103510,2lrDBWfoEu6ETysJba9ppS,Faith Evans;The Notorious B.I.G.,R'n'B Studying,Legacy,0,251173,True,0.582,0.555,8,-7.1,0,0.0972,0.625,0.0,0.44,0.468,101.879,4,soul,low
58906,6LRniq9dqbuCIOlrfhFJFh,Dope,Fuck It Up,Fuck It Up,51,153773,True,0.554,0.895,6,-4.368,1,0.0331,1.81e-05,0.483,0.102,0.576,92.489,4,industrial,high
92722,7Aqvo11JLf67sSH4WekaDA,The Troubled Three,Moving On,Ride My Bike,23,116895,False,0.613,0.777,7,-6.564,1,0.0493,0.311,0.0114,0.225,0.906,103.389,4,rockabilly,low
97166,3JgPK8Ktm7IDRM31XXvbP3,Lauana Prado,Raiz (Ao Vivo),Um Sonhador / Não Precisa / Não Aprendi A Dizer Adeus - Ao Vivo,51,276096,False,0.46,0.612,10,-3.728,1,0.0349,0.209,0.0,0.821,0.599,109.949,4,sertanejo,high
63799,4uLGTkZFVa8c9NBquKRJRz,Zeki Müren,Sev Beni,Mihrabım Diyerek,34,290560,False,0.297,0.444,9,-15.784,0,0.0561,0.174,0.000127,0.0977,0.501,154.394,3,j-rock,medium
30254,21H0pUV2uPIPcFnFhgTBjo,Kygo;Gryffin;Calum Scott,Woke Up in Love,Woke Up in Love,80,216873,False,0.643,0.585,2,-5.994,1,0.0369,0.225,0.0,0.0927,0.188,106.015,4,edm,very_high
83078,1NM2NUzlN9SY8z5k4ZfRJB,Armin van Buuren;Hardwell,Ping Pong (Hardwell Remix),Ping Pong - Hardwell Remix,55,180923,False,0.575,0.985,6,-3.493,1,0.0747,0.00379,0.155,0.0471,0.0762,129.956,4,progressive-house,high
32929,3VtTuQ6lypMoOBcm6VMzdh,Bicep;Four Tet,Opal (Four Tet Remix),Opal - Four Tet Remix,58,494256,False,0.826,0.72,9,-9.582,0,0.119,0.103,0.773,0.11,0.287,127.011,4,electronic,high
17438,5yDeRxGhyl6MjnJ93dTwdK,Girl Pusher,Singles,Disconnect,18,83555,False,0.617,0.776,4,-8.746,1,0.0406,0.0253,0.88,0.117,0.884,135.043,4,club,low
87335,3aTJREDBpFWYhR5m4i48jO,Maneva,Caleidoscópico,Inevitavelmente,47,197960,False,0.67,0.586,4,-8.108,1,0.0457,0.279,1.29e-05,0.192,0.611,145.911,4,r-n-b,medium
67143,2lBN9Qv3viRylBqEXMLip1,J Balvin;Maria Becerra,Homecoming Latin Party,Qué Más Pues?,0,217361,False,0.904,0.817,8,-3.956,1,0.0871,0.0254,0.000141,0.232,0.753,101.988,4,latin,low
10211,41dRg8nPgm974fD7sf9wvl,The Prodigy,The Fat of the Land,Serial Thrilla,45,311333,False,0.498,0.989,10,-5.635,0,0.166,0.0259,0.549,0.888,0.0892,117.695,4,breakbeat,medium
17412,6pdFWoSqOdRs5SCpeVMh8n,Haezer,Exit,Dumb,44,98691,True,0.615,0.361,1,-6.7,1,0.225,0.00153,0.573,0.115,0.387,213.778,4,club,medium
50606,3lGNN9tKW73ic6S303IOkj,Los Antiguos,Oro Para las Naves,Senda de la luz Fantasmal,22,178066,False,0.265,0.955,2,-3.887,1,0.18,0.000226,0.0538,0.331,0.172,109.721,3,heavy-metal,low
37267,2UIoxw6hFDMKN6Ueboxijb,Kool & The Gang,Disco Boogie Mood,Get Down On It - Single Version,1,212906,False,0.879,0.627,7,-6.345,1,0.0604,0.205,6.07e-05,0.056,0.968,110.863,4,funk,low
106163,3YPlsrk0Voe8AOa1jyN891,Zara Larsson;R3HAB,Ain't My Fault (R3hab Remix),Ain't My Fault - R3hab Remix,59,158772,False,0.67,0.847,9,-3.723,1,0.043,0.0156,0.0,0.22,0.613,150.109,4,swedish,high
106481,0CXUOQZfm3X95jJNHFfb6f,Mats Rådberg;Rankarna,Det är inte lätt att va' ödmjuk,Det är inte lätt att vara ödmjuk (It's Hard to Be Humble),38,254866,False,0.469,0.477,0,-12.157,1,0.215,0.311,0.0,0.978,0.564,166.076,3,swedish,medium
67006,70rQq4iMDKjX8UlG7QlHUa,Daddy Yankee;Bad Bunny,Reggeaton Imperdible,X ÚLTIMA VEZ,2,192477,True,0.812,0.855,7,-3.725,1,0.0554,0.0789,0.000167,0.108,0.573,90.04,4,latin,low
67882,6hp0VLqSgyltDUa7gSCGS8,Chino & Nacho;Gente De Zona;Los Cadillac's,Halloween 2022 Perreo Vol. 3,Tú Me Quemas,0,269840,False,0.737,0.944,6,-1.436,0,0.0373,0.113,0.0,0.383,0.89,124.989,4,latin,low
78862,4xk4WjpxqjOlxVxrWghHbj,Fränker,Wir geh'n auf große Reise,Wir geh'n auf große Reise,24,194276,False,0.569,0.949,6,-2.989,0,0.163,0.00274,0.0,0.44,0.491,140.049,4,party,low
11479,3tRFo1mXVNC5Wwrv7T8trF,The Pretty Things,Parachute,The Good Mr. Square,57,86693,False,0.584,0.284,7,-12.714,1,0.0409,0.305,0.000903,0.162,0.386,139.087,4,british,high
108429,7IUf8ktjINFKWXKCWDAucU,Héctor Varela,Antología: El As Del Tango (Remastered),Silueta Porteña - Remastered,20,187933,False,0.569,0.683,6,-5.685,1,0.0473,0.624,0.00755,0.0959,0.549,100.21,4,tango,low
48550,2NPxL1QqPrD1a7OLHjVcAP,Nas,God's Son,I Can,59,253720,False,0.837,0.885,6,-3.914,0,0.182,0.103,0.0,0.0666,0.694,95.313,4,hardcore,high
61816,3zzW9CIHxiPbeQrGmBVvG6,E-girls,E-girls,EG-ENERGY,18,299706,False,0.679,0.937,1,-4.117,1,0.0612,0.11,1.77e-05,0.364,0.397,124.02,4,j-idol,low
19213,6BcKHm3M9k108jKf2C8h1l,Cole Swindell;Lainey Wilson,Easy Country,Never Say Never,0,177173,False,0.469,0.931,0,-4.187,0,0.0563,0.00752,0.0,0.111,0.49,140.059,4,country,low
91273,3UlFXr9WI8uXEYqptzPqC6,Bastille,Arbeitsmusik Herbst/Winter 2022/2023,Revolution,0,183406,False,0.629,0.755,5,-4.703,0,0.206,0.0799,0.0,0.141,0.78,110.016,4,rock,low
94172,0dtoVMAirgNTBcv13dvLeN,Lofi Temptation;Kren,dolonia,dolonia,48,151401,False,0.792,0.0947,2,-15.794,1,0.0708,0.986,0.919,0.19,0.234,112.412,3,sad,medium
95271,0hLsKWIiXJ73MUIeWVKHh9,Jimmy Sabater,"Amorometro, Vol. 1: Boleros Antillanos",Salchicha Con Huevo,33,246400,False,0.765,0.407,5,-15.751,1,0.0525,0.769,0.163,0.0849,0.882,119.052,4,salsa,medium
86308,7LZgdL0MxiElfaKZbuuE4l,The Smiths,Louder Than Bombs,Asleep - 2011 Remaster,65,253560,False,0.512,0.255,0,-15.867,1,0.0291,0.88,0.532,0.146,0.215,115.144,3,punk,high
45380,37Au9ab3zTZAkpY2QvbCub,William Luna;Julio Humala L,En Serio... Huaynos por Siempre,Yaulillay,27,265080,False,0.739,0.41,2,-6.991,1,0.0428,0.46,0.0,0.171,0.656,138.059,3,guitar,medium
107657,20A3kygqTufoVmkgL6Xawr,The Knife,Deep Cuts,Pass This On,48,228066,False,0.745,0.835,7,-5.896,0,0.0302,0.0285,0.000351,0.0784,0.697,129.977,4,synth-pop,medium
34083,1K3LRUEcUz5FMtPYyg0F45,The Lumineers,The Lumineers (Deluxe Edition),Ho Hey,79,163133,False,0.682,0.471,0,-9.182,1,0.0301,0.765,0.0,0.0908,0.421,79.907,4,folk,very_high
66323,2OaVtgFRFY3xfHjEJxqHhI,Desmond Dennis,Desmond Cool Jams,"One, Two, Buckle My Shoe",13,142113,False,0.78,0.482,10,-7.832,1,0.0441,0.0356,0.0,0.0964,0.279,99.608,4,kids,low
80206,3LOVW8lNXFD9ZAUDvLIOR5,Atif Aslam;Shalmali Kholgade,Tera Naam Doon (Lofi Mix),Tera Naam Doon (Lofi Mix),39,231428,False,0.561,0.404,0,-10.193,1,0.0324,0.735,0.0186,0.164,0.52,139.774,4,pop-film,medium
36056,6eOc4UyJok1C0t3mur8GYD,PLÜM,I See You,I See You,61,165161,False,0.696,0.565,6,-8.084,0,0.0933,0.613,1.62e-05,0.128,0.287,93.041,4,french,high
40086,2mo5GxlIf33o4yOpQbAmdF,Marcelo Aguiar,Mais de Mil Razões,Me dá o Poder de Filho,47,221506,False,0.614,0.368,7,-7.507,1,0.0366,0.777,0.0,0.0911,0.346,119.873,4,gospel,medium
101690,5yXpOUto49XyhZAVsbggNo,White Noise Baby Sleep,White Static Sleep Noise,Spray Paint,34,77316,False,0.0,0.183,11,-38.574,1,0.0,0.202,0.351,0.254,0.0,0.0,0,sleep,medium
36429,6cxs36B9IwFb3cKg4bTBEB,Lujipeka;Cerrone,Montagnes Russes,On ira,35,169400,True,0.626,0.788,0,-5.674,0,0.0329,0.0764,8.91e-06,0.133,0.654,122.062,4,french,medium
63185,4uU6tfWR2mywqpKn2akUwV,My Hair is Bad,hadaka e.p.,微熱,40,202053,False,0.607,0.851,1,-4.514,1,0.0306,0.0034,0.0,0.166,0.726,133.105,4,j-rock,medium
3924,4sNwdacKyi2S26WrRtNama,MARINA,The Family Jewels,Oh No!,72,182586,False,0.77,0.896,0,-3.971,1,0.039,0.0539,0.0,0.243,0.964,126.999,4,alternative,high
105300,1bqbXMB4sjKR5QEkZRAm2h,Better Call Soul,Boom Bap a Lula,Boom Bap a Lula,36,164488,False,0.671,0.323,9,-10.097,0,0.0272,0.318,0.885,0.112,0.215,88.025,4,study,medium
20689,4lftmZjJPhQ9fR67DFiO8n,Robin Schulz;Francesco Yates,Comme un lundi,Sugar,3,219043,False,0.635,0.813,5,-5.098,0,0.0578,0.0187,0.0,0.163,0.641,123.065,4,dance,low
55596,7lIXhNqUrf0GHCXNbGOEB4,Freddie Gibbs;Moneybagg Yo,Put It on Me: Trending Hip Hop 2022,Too Much,1,188869,True,0.799,0.696,1,-6.621,1,0.134,0.211,2.46e-06,0.133,0.414,115.067,4,indian,low
25845,2sKWDtTkMy4vkVaWevhwCr,Allessa,Beste Weihnachtslieder,Zu Weihnachten wünsch ich mir Dich,0,181080,False,0.758,0.922,2,-5.427,1,0.0323,0.155,0.0,0.0465,0.97,112.028,4,disco,low
44957,5xhQOnyRJfRywbEwpkgoTy,Mad Season,Above (Deluxe Edition),Wake Up,53,456026,False,0.339,0.276,7,-10.746,1,0.0285,0.141,0.00906,0.1,0.308,83.181,4,grunge,high
32475,0q1pkKvBMInZxxUzjuIrdf,Parra for Cuva,Paspatou,Paspatou,55,269400,False,0.625,0.482,0,-7.504,0,0.0261,0.717,0.823,0.113,0.182,147.984,4,electronic,high
16235,2wmQki14Gwt1gZUQdrWI1W,Johannes Brahms;Karin Lechner,Refreshing Piano,"Four Pieces For Piano, Op. 119: II. Intermezzo in E Minor",0,289240,False,0.258,0.0478,4,-26.069,1,0.0505,0.993,0.902,0.113,0.0859,65.37,3,classical,low
19532,3x2WXRcsNdpo52l4ySF4Nb,Ingrid Andress,Cuddle Up Christmas,Christmas Always Finds Me,0,200662,False,0.386,0.124,0,-9.736,1,0.0306,0.928,0.0,0.116,0.46,94.166,3,country,low
42185,3K7B9HcNI6GoDZlkaAuYCP,Magrudergrind,II,Hara-Kiri,16,101129,False,0.211,0.96,0,-4.323,1,0.0661,1.75e-06,0.825,0.39,0.395,125.699,4,grindcore,low
41735,1Td2rh1ideN2Tu3nuCxeN5,Ugly Valley Boys,Double Down,Power Lines,22,169413,False,0.509,0.591,2,-10.174,1,0.0313,0.396,0.00145,0.354,0.88,166.178,4,goth,low
17444,7lUA5kETZGrFSRUzXHAQtZ,Glee Cast,"Glee: The Music, The Complete Season Four",Chasing Pavements (Glee Cast Version),46,210813,False,0.573,0.499,3,-6.363,1,0.0275,0.578,0.0,0.118,0.288,80.059,4,club,medium
22617,1pPJ0GsKjszSzlp2JLtrMA,Children Of Bodom,Are You Dead Yet?,Living Dead Beat,46,318093,True,0.493,0.974,7,-3.341,1,0.104,3.51e-05,0.334,0.464,0.234,130.0,4,death-metal,medium
98821,0hrkvpmNt9i3MbW1lRAyHd,George Salazar;Joe Iconis,Two-Player Game,Kaboom,22,279306,False,0.502,0.201,5,-12.186,1,0.0482,0.878,0.0,0.107,0.464,148.8,4,show-tunes,low
62914,4eBgSyDDQqKHyxCvkqghs7,STEREO DIVE FOUNDATION,STORYSEEKER,STORYSEEKER,47,232800,False,0.573,0.769,2,-7.784,1,0.0736,0.0316,0.0,0.187,0.556,111.98,4,j-pop,medium
37280,3G8zJFJ29WNAktaMbKW1hX,The Temptations,Christmas Day Chill,Silent Night,0,144480,False,0.277,0.344,0,-11.713,1,0.0264,0.215,8.6e-06,0.185,0.241,89.643,3,funk,low
72479,49ylH81Y53wUOlTHqXK1J2,Light The Torch,Revival,The Safety of Disbelief,61,213226,False,0.389,0.972,2,-4.925,1,0.138,2.26e-05,0.0121,0.501,0.19,82.517,4,metalcore,high
42271,4jflEgqWEBe8oHhMrkCcGi,Impetigo,Ultimo Mondo Cannibale,Bloody Pit of Horror,14,250293,False,0.36,0.948,1,-6.014,1,0.651,0.17,0.00018,0.451,0.32,83.495,4,grindcore,low
106562,39m87lOMd5ccENPVvAT7gH,Sabaton,Bismarck,Bismarck,65,313984,False,0.505,0.859,6,-5.546,0,0.0431,0.00346,0.0012,0.263,0.434,95.036,4,swedish,high
2544,6DaHEkkaHiAhRZVEFZOMJ8,P.O.D.,Metal,Alive - Chris Lord-Alge Mix,0,205026,False,0.421,0.95,10,-3.985,1,0.0769,1.21e-05,0.000217,0.314,0.553,80.919,4,alt-rock,low
26112,1dvnUfL3Ne47QlSoIo8Y3a,Ewa Konstancja Bułhak,Bambukalambu,Lew to pech,31,105693,False,0.493,0.544,2,-9.919,1,0.0481,0.67,1.66e-05,0.0364,0.773,175.498,4,disney,medium
105781,6oGMdCFhJgn31QFsNcNyhU,heroku,konichiwa,ghibli,7,115862,False,0.415,0.581,6,-8.828,1,0.349,0.864,0.941,0.703,0.502,173.955,4,study,low
74962,6Dz51jWucpeq8NF8b9uYaa,Hotelo;Helen Sancho,Praia (Sem Sair de Casa) [Remix],Praia (Sem Sair de Casa) [Remix],38,191712,False,0.634,0.73,2,-5.648,1,0.0921,0.26,2.02e-05,0.384,0.378,124.035,4,mpb,medium
39803,6d1AuFOL1YBzLcruapNbZV,Neelix;Ghost Rider;The Gardener & The Tree,Wonders,Wonders,62,257357,False,0.492,0.616,0,-8.202,0,0.0488,0.167,0.0165,0.114,0.316,139.918,4,german,high
68028,7os9XpTNiXBjyAzLZ5AkNZ,Feid,Esto No Se Le Dedica A Cualquiera,SI TÚ SUPIERAS,6,196373,False,0.673,0.664,4,-5.382,0,0.177,0.376,0.0,0.111,0.586,174.972,4,latino,low
30133,4wobSR77IcbVP58BUwllTy,Marshmello;Bastille,Workout Hits 2023,Happier,1,214289,False,0.687,0.792,5,-2.749,1,0.0452,0.191,0.0,0.167,0.671,100.011,4,edm,low
2991,1N9UaGzXe20ZRXpGDrQZhI,Los Auténticos Decadentes,Sigue Tu Camino,Pendeviejo,44,212386,False,0.396,0.955,4,-1.889,1,0.272,0.0786,0.0,0.194,0.523,180.04,4,alt-rock,medium
23113,0XZ7s9UpQNmSOvRj0AaZH7,The Him;Ivy Adara,Everybody Hurts,Everybody Hurts,49,173454,False,0.715,0.88,8,-5.151,0,0.233,0.0734,0.000173,0.369,0.773,103.063,4,deep-house,medium
103000,3yWF3DqFBNLvf7s4C7mKUm,Aaryan Shah,Renegade,Renegade,79,222576,True,0.551,0.561,9,-10.408,0,0.0559,0.509,0.367,0.369,0.207,103.118,4,soul,very_high
102818,25VBJM8MADuhjaHRnqFrvV,Prateek Kuhad,In Tokens & Charms (Deluxe Edition),Into the Night,34,183228,False,0.847,0.489,10,-7.926,1,0.0868,0.494,0.0,0.071,0.839,120.018,4,songwriter,medium
111753,2ugQ1kqx5ijkZSDy2nMYGC,Boozoo Bajou;Mr Day,Grains,Sign - Radio Edit,50,195400,False,0.673,0.525,11,-6.789,0,0.042,0.0592,0.000209,0.168,0.656,79.009,4,trip-hop,high
22241,3BaVODjGAYV9eqfE8lF1pr,Frozen Soul,Crypt Of Ice,Merciless,26,213868,False,0.228,0.977,4,-7.522,1,0.0999,1.33e-06,0.933,0.11,0.196,112.978,4,death-metal,medium
12793,6DMphZ0QZezwlEkFUdJSc3,Anita Mui,情歌1,夢幻的擁抱,19,325306,False,0.562,0.547,3,-7.466,0,0.0276,0.308,0.000405,0.0768,0.415,76.79,4,cantopop,low
8393,4s4huMzMAmAAbEuSAmwt6b,Dr. John,New Orleans Voodoo Soul,Woman Is The Root Of All Evil,0,129132,False,0.633,0.619,4,-9.53,0,0.0336,0.257,0.0,0.0631,0.924,135.181,4,blues,low
38636,0dy6iXYIF0piirySAzCBwF,The Strokes,Room On Fire,The End Has No End,56,185560,False,0.531,0.66,1,-3.725,1,0.0335,0.000833,0.855,0.226,0.533,136.027,4,garage,high
36874,3ePTHGMOp03hPGalBIu2VL,Poupie,Enfant Roi,Vue sur la mer,32,154400,False,0.498,0.444,3,-6.444,0,0.0389,0.804,0.0,0.105,0.209,123.05,4,french,medium
31507,5FvGI8KtImlEbOsvEW3pfX,The Chainsmokers;Ship Wrek,So Far So Good,The Fall,68,196021,False,0.664,0.939,0,-4.699,0,0.0354,0.011,0.0142,0.167,0.285,121.979,4,electro,high
27453,5wp6dhW0dCOO0TG4MGCIPT,Friction;Flowidus;Raphaella,By Your Side,By Your Side,54,206616,False,0.454,0.837,9,-3.686,0,0.0302,0.00358,0.00702,0.0373,0.208,174.023,4,drum-and-bass,high
45947,0IHiD8fR4ymWaVjkMtaQhn,Jesse Rice,The Pirate Sessions,Blackbeard's Ghost,20,221480,False,0.24,0.437,5,-9.174,1,0.0293,0.158,1.91e-06,0.13,0.211,71.757,4,guitar,low
41227,2sQnKUZwOewRLq9y2vLLCC,Joe Buck Yourself,Piss and Vinegar,Drug Train,28,110464,True,0.632,0.906,7,-8.685,1,0.0926,0.0587,3.12e-05,0.202,0.819,152.647,4,goth,medium
2763,57Xjny5yNzAcsxnusKmAfA,The Strokes,Room On Fire,Reptilia,75,219826,False,0.489,0.649,9,-5.11,1,0.0336,0.000603,0.713,0.101,0.77,158.009,4,alt-rock,very_high
59219,59fWP3wf56LMiUajhfvmm4,Crows in the Rain,Visions of Darkness (In Iranian Contemporary Music),… (For a Film),0,166186,False,0.289,0.48,5,-11.201,1,0.0389,0.979,0.948,0.134,0.0307,72.565,4,iranian,low
87520,3Suli2OnPcXOOH8z2sR2pu,Charlie Brown Jr.,Acústico (Ao Vivo),Charlie Brown Jr - Ao Vivo,43,229826,False,0.534,0.989,8,-4.952,1,0.117,0.023,0.00913,0.934,0.475,119.432,4,r-n-b,medium
94075,5AkgsU5ScL4ERToWu1vy1D,BrxkenBxy,Ridin',Ridin',55,147881,True,0.701,0.826,10,-2.999,0,0.0386,0.0161,0.0,0.101,0.203,99.068,4,sad,high
39724,00yJsUfhS7Tp3mPMbgmjoJ,Lugatti & 9ine,MKS 3.0,Dragonfruit,39,216827,True,0.858,0.628,1,-7.889,0,0.245,0.183,0.00621,0.11,0.754,144.989,4,german,medium
30887,63FDsukmewLm1mFS3haA9H,twocolors,Arbeitsmusik Herbst/Winter 2022/2023,Heavy Metal Love,0,132000,False,0.768,0.767,5,-8.06,0,0.0358,0.194,0.0,0.121,0.457,125.029,4,edm,low
24444,2raF2G1hoJbJuvXHZPQbzf,Carl Craig,The Album Formerly Known As ...,Landcruising,9,372692,False,0.384,0.708,10,-10.687,0,0.0458,0.00548,0.884,0.137,0.236,127.012,4,detroit-techno,low
64634,0b3y0JuA98NQ2Z0WlC3hPW,Peggy Lee,Weihnachtslieder 2022,Happy Holiday,0,115506,False,0.369,0.499,6,-9.301,1,0.0448,0.829,1.75e-06,0.154,0.69,192.76,3,jazz,low
89037,0vqgm9EiiiF9HubKsWtEyZ,Feid,Última Misión Reggaeton,Feliz Cumpleaños Ferxxo,1,155960,False,0.865,0.573,5,-5.501,1,0.0678,0.0863,0.0,0.305,0.563,94.999,4,reggaeton,low
89298,5IVqIRad9HF0f41fjpZBKa,Jhayco;Wisin & Yandel,Última Misión Reggaeton,Imaginaste - Remix,0,246653,False,0.855,0.71,1,-5.321,1,0.0939,0.0426,0.0,0.337,0.591,89.977,4,reggaeton,low
83856,2qXvtfBUJiCGuWVGAqtWcP,R3HAB;Mike Williams;GATTÜSO,Lullaby (GATTÜSO Remix),Lullaby (GATTÜSO Remix),26,222187,False,0.494,0.639,1,-6.276,0,0.0324,0.00544,0.0,0.143,0.235,127.997,4,progressive-house,medium
42888,2aH7ovpnUQJx6sEN5Lr9Qm,Napalm Death,Utopia Banished,Got Time To Kill,11,148160,False,0.278,0.955,11,-10.351,0,0.091,1.93e-05,0.0141,0.213,0.102,106.132,4,grindcore,low
20390,1SgC4TJisgT2KqHbSo6nqK,Selena Gomez,pov: it's 2020,Lose You To Love Me,0,206458,False,0.516,0.342,4,-8.985,1,0.0425,0.55,0.0,0.21,0.0993,102.819,4,dance,low
38906,6y4ySPeb68KGoAi1dk130F,The Strokes,Future Present Past,Oblivius,54,299232,False,0.468,0.888,8,-4.463,1,0.0517,0.0957,0.648,0.151,0.432,102.959,4,garage,high
30117,5knuzwU65gJK7IF5yJsuaW,Clean Bandit;Sean Paul;Anne-Marie,Rockabye (feat. Sean Paul & Anne-Marie),Rockabye (feat. Sean Paul & Anne-Marie),75,251088,False,0.72,0.763,9,-4.068,0,0.0523,0.406,0.0,0.18,0.742,101.965,4,edm,very_high
74967,0yEnoJIdNnd9Ps2C7agy6C,Clarice Falcão,Monomania,A Gente Voltou,38,130037,False,0.521,0.461,9,-10.949,1,0.0768,0.676,0.0017,0.0605,0.705,180.341,3,mpb,medium
68888,06aqptFP9n0y4pPTQOEWKr,Vuelta Canela,Juegos Canelos,Una Nube,41,157219,False,0.705,0.0715,0,-23.231,1,0.642,0.794,0.0,0.777,0.713,115.326,4,latino,medium
30648,7GkCm4wRDhB0WhyOovlLfm,Years & Years,Fiesta de disfraces vol. II,Shine,0,255506,False,0.667,0.717,1,-5.21,0,0.0349,0.193,0.0,0.104,0.495,108.006,4,edm,low
41612,4QPONdBX2hybq3vROAoz7e,Angels of Liberty;N/A,Telepathine,Sophia,22,244095,False,0.324,0.955,1,-0.866,1,0.0461,3.95e-05,0.831,0.413,0.358,146.57,4,goth,low
43422,2Di8KqdJMt9chPCPaV7I8r,Max Fane,Deep Vibes,Keeps Me High,0,184298,False,0.777,0.73,9,-9.294,0,0.0845,0.0773,0.000569,0.0981,0.407,110.023,4,groove,low
95654,3KdXhtCiuchnPFckx2OaKu,Chivirico Davila,Chivirico,Mírame,28,202453,False,0.578,0.731,7,-7.528,0,0.0373,0.844,0.0153,0.401,0.966,110.333,4,salsa,medium
71163,0rmGAIH9LNJewFw7nKzZnc,Bon Jovi,Slippery When Wet,You Give Love A Bad Name,82,222706,False,0.541,0.96,0,-2.947,0,0.0505,0.0663,2.25e-06,0.344,0.812,122.803,4,metal,very_high
35293,5t3LIycK7lAXshCf5eSjig,Unha Pintada;Japinha Conde;Conde do Forró,Ao Vivo em Sao Paulo,Cama Baguncada (feat. Japinha Conde & Conde do Forró),43,167375,False,0.707,0.706,11,-3.507,0,0.0964,0.536,0.0,0.129,0.566,134.973,4,forro,medium
13808,3em0Ei703papYmjWiJz7AQ,Fast Eddie,Acid Rewind 1,Ain't it Funky,5,319831,False,0.797,0.941,4,-4.132,0,0.0563,1.02e-05,0.467,0.0481,0.528,123.468,4,chicago-house,low
97801,4sVkydp30HWLjOvF2ILbGy,João Neto & Frederico;MC Kevinho,Cê Acredita,Cê Acredita,44,170517,False,0.657,0.925,10,-2.252,0,0.189,0.316,0.0,0.606,0.904,93.941,4,sertanejo,medium
89966,7k3qWn8D43a5ISa3x8lJux,Anuel AA,¿Qué Nos Pasó?,¿Qué Nos Pasó?,76,245738,True,0.703,0.694,3,-4.808,0,0.0607,0.436,5.8e-06,0.12,0.298,95.0,4,reggaeton,very_high
38115,55N8cxpE1QDoeaaNqUnoZ2,The Strokes,The New Abnormal,Bad Decisions,64,293360,False,0.374,0.922,0,-3.4,1,0.056,0.0135,0.204,0.28,0.393,153.217,4,garage,high
24038,1WBJ41oQnTjXEQPi58bhQS,Underground Resistance,Intersteller Fugitives,Unabomber,15,142933,False,0.544,0.693,10,-15.922,0,0.039,0.00405,0.907,0.0764,0.346,125.988,4,detroit-techno,low
38357,7G8hUONVhvJnkD3Ak8mNF1,The Strokes,Is This It,Soma,54,153933,False,0.501,0.715,0,-7.382,1,0.0301,0.0774,0.00603,0.0653,0.502,148.971,4,garage,high
107467,00mO8JKk2wQ7VqdPcY1r4O,L'Impératrice,Tako Tsubo,Peur des filles,58,208805,False,0.915,0.408,1,-10.705,0,0.0868,0.0796,0.158,0.218,0.6,102.02,4,synth-pop,high
18483,2J0SPCNgs4Hs9oVTrzOOBW,Patton Oswalt,Talking for Clapping,My Little Pony,23,376219,True,0.692,0.339,10,-19.111,1,0.959,0.831,0.0,0.697,0.575,136.475,3,comedy,low
93697,0QMVsQOKLsgcy33HWxkNsp,Ivan Petrov;Mikhail Shorin;Bolshoi Theatre Chorus and Orchestra,Eugene Onegin,Love is no respecter of age (Eugene Onegin),0,342893,False,0.249,0.138,6,-16.802,1,0.0558,0.99,0.0469,0.0995,0.146,73.182,3,romance,low
33606,5PlTDE2RLbcC9vBzbGAG4y,brakence,argyle,argyle,57,165333,True,0.669,0.444,8,-8.021,0,0.0453,0.412,0.0,0.349,0.586,139.031,4,emo,high
69299,6zgy3gzs0DxUdQFjy9gT2n,Sujatha,Thullatha Manamum Thullum & Nee Varuvai Ena,Kakkai Siraginile - Language: Tamil; Film: Thullatha Manamum Thullum; Film Artist 1: Vijay; Film Artist 2: Simran,33,79826,False,0.514,0.539,7,-5.366,0,0.0327,0.775,0.0804,0.11,0.489,153.857,4,malay,medium
71292,7KaqcST5QdMTGPCKWW9ayv,Machine Head,Metal,Davidian,0,296626,False,0.276,0.937,7,-6.952,1,0.163,0.000531,0.123,0.227,0.306,153.814,3,metal,low
18718,782XmNYYIsazviVHr178sG,Nick Swardson,Taste It,I Felt Bad,22,450544,True,0.454,0.887,3,-6.785,0,0.932,0.715,0.0,0.624,0.175,83.881,3,comedy,low
64268,5xGSLYFTmGKmFXN1pYm9q6,Nat King Cole,Christmas Best Hits 2022,O Tannenbaum - Remastered 1999,0,180200,False,0.25,0.228,3,-14.186,1,0.0364,0.811,0.000166,0.199,0.198,90.001,4,jazz,low
111056,3rCtueI7qBN2kZBZnXuk5K,Bonobo,Linked,Linked,54,369461,False,0.713,0.725,6,-9.951,1,0.0385,0.539,0.886,0.111,0.24,122.041,4,trip-hop,high
7426,0MctYv1Oqh9VHhhz4nt8NB,Larry Sparks,Silver Reflections,Tennessee 1949,23,205906,False,0.717,0.402,11,-12.128,1,0.0394,0.72,0.000131,0.105,0.888,95.509,4,bluegrass,low
28798,3VI92dLoR7zgCl5oa07lAs,Groundation,The Next Generation,Vanity,27,227000,False,0.607,0.664,6,-5.954,0,0.032,0.013,0.00972,0.164,0.482,89.174,4,dub,medium
52655,63G6T1RRSSB9Q3vK4tPtNR,Hank Williams,Hank Williams As Luke The Drifter (Expanded Edition),Just Waitin',11,161933,False,0.626,0.276,7,-11.863,1,0.0738,0.849,0.0,0.106,0.662,126.381,4,honky-tonk,low
96401,4Rgn0DSa3JAXGlJe8dTLKS,Jorge Ben Jor,Negro É Lindo,Porque É Proibido Pisar Na Grama,39,294493,False,0.391,0.825,11,-5.565,0,0.13,0.161,0.0,0.799,0.659,70.612,4,samba,medium
3519,26kVXR9aQXzDiKggPGnUQR,Gatlin,What If I Love You,What If I Love You,69,158360,False,0.743,0.666,11,-8.337,1,0.0546,0.432,1.77e-05,0.129,0.492,101.002,4,alternative,high
63866,2XCiqaq1iTSUsQFVzo1odL,Mr.Children,箒星,箒星,32,310800,False,0.524,0.904,9,-5.37,1,0.0372,0.000899,0.0,0.098,0.772,130.057,4,j-rock,medium
22711,0fCRo1guugeFmWqr68lMK4,Before I Turn,Lovelorn,Sepulcher,22,445357,False,0.46,0.944,2,-4.722,0,0.051,0.00444,0.0016,0.321,0.0817,140.025,4,death-metal,low
109496,0j2eKSvuS4psRyb5czaEee,Die Atzen;Sady K,"Atzen Musik Vol.1, 2 & 3",Anna Nass,29,169946,False,0.789,0.902,9,-4.986,0,0.214,0.0342,0.0,0.0881,0.463,138.03,4,techno,medium
50503,6r6OQDr6qfg9JNWN277bM2,A.N.I.M.A.L.;Mario Altamirano and A.N.I.M.A.L.,El Nuevo Camino del Hombre,Antes de morir,22,203800,False,0.454,0.993,0,-4.688,1,0.142,0.000212,0.00378,0.294,0.301,151.957,4,heavy-metal,low
19654,54eZmuggBFJbV7k248bTTt,America;George Martin,America,A Horse with No Name,76,252239,False,0.654,0.506,11,-17.18,0,0.0535,0.686,0.0155,0.155,0.831,123.179,4,country,very_high
111542,7g7Pauld8mf8CNpdzad7FW,David Holmes,Let's Get Killed,Rodney Yates,50,384226,False,0.577,0.672,5,-11.825,0,0.0343,0.0454,0.0126,0.107,0.973,149.991,4,trip-hop,high
66069,6BQ4HfQWNWQr45C2UAQt0Z,Cupid;69 Boyz,Capricorn 2,Flex (Remix),21,289343,False,0.705,0.618,5,-9.249,0,0.0623,0.0588,0.0,0.0488,0.726,60.511,4,kids,low
68055,3LaQzvfIetBWdtIV0JoBwF,J Balvin;Bad Bunny;Mr Eazi,Feliz Cumpleaños con Perreo,COMO UN BEBÉ,4,218826,False,0.825,0.807,6,-5.753,1,0.095,0.0741,4.79e-06,0.138,0.816,103.053,4,latino,low
78794,3q8NzewLONmYaA1JlG9QKS,Jägermeister DJ Alex & Matty Valentino,Auffe aufn Berg,Auffe aufn Berg - Apres Ski Hits 2017 Mix XXL,24,272567,False,0.627,0.978,8,-3.197,1,0.209,0.146,0.0,0.0743,0.557,140.069,4,party,low
2477,5ylQ8MS3Wj16QmnYP5PNxc,Tan Bionica,Canciones del Huracan + Wonderful Noches,Lunita de Tucumán,50,236120,False,0.383,0.745,7,-5.733,1,0.0443,0.0109,0.0,0.0872,0.675,89.743,4,alt-rock,high
113410,11eR3j6v07i70jh1jz6e67,Phil Wickham;Brandon Lake,Hymn of Heaven,Where I'm Standing Now,40,270560,False,0.303,0.685,8,-6.018,1,0.0409,0.0834,0.0,0.14,0.248,155.862,3,world-music,medium
75094,464RPvFsPPkLd3MNdqH2ZT,George Winston,Linus & Lucy - The Music of Vince Guaraldi,The Great Pumpkin Waltz,32,235178,False,0.498,0.0939,3,-16.324,1,0.0402,0.992,0.859,0.11,0.134,77.636,4,new-age,medium
35969,74DJ4qtur6kNINSZb3qGET,Banda Kitara,Uma Tara de Amor,Que Raiva de Mim,37,167920,False,0.826,0.526,1,-12.858,0,0.0479,0.575,0.0,0.0693,0.572,130.051,4,forro,medium
113075,784qUrovUUH4jYQ811D6hF,Chris Tomlin;Matt Redman,How Great Is Our God: The Essential Collection,The Wonderful Cross,40,427706,False,0.339,0.618,2,-6.663,1,0.0361,0.251,0.0,0.0669,0.244,173.953,4,world-music,medium
5246,1sB9o9qzsHjOvzCBabQIr1,Kato,Stranger Things Vibes,Stranger Things Theme - Lofi,26,72857,False,0.525,0.707,4,-13.787,0,0.0667,0.812,0.878,0.432,0.221,140.016,3,anime,medium
42954,1CN3iKcEJbMUsuwS8D4ChF,Gadget,The Funeral March,Requiem,11,72906,False,0.201,0.888,3,-6.474,0,0.072,2.72e-06,0.853,0.378,0.0783,134.763,4,grindcore,low
36799,5JXbFbY9oJFI5GgfXKCTAo,Matmatah,La Ouache,Dernière journée en mer,31,251373,False,0.312,0.613,4,-7.386,0,0.0322,0.15,0.0,0.115,0.333,149.948,3,french,medium
25331,6vk0IprCYCJpfxgjulmzOa,Isaac Hayes,Weihnachten Playlist,The Mistletoe And Me,0,239280,False,0.331,0.42,5,-9.251,1,0.0292,0.658,2.64e-05,0.0537,0.157,95.862,4,disco,low
21417,5JsvjL3K6evbrybb49X7SQ,Spice;Epik Jones;No Saints,Spice Cool It Remix EP,Cool It (No Saints Remix),29,144039,False,0.911,0.676,1,-7.684,1,0.251,0.128,0.00181,0.21,0.82,100.062,4,dancehall,medium
4167,0AOz0XTa8sCskJQlBtHfHG,Random Forest,Ascension,That Bird of Prey Casts a Long Shadow,55,189818,False,0.525,0.188,0,-19.635,1,0.0322,0.59,0.839,0.0975,0.121,110.02,4,ambient,high
9255,10jI01n8w6g41qiIMAcAkb,BK;Baco Exu do Blues;Luccas Carlos;Nave,Gigantes,Vivos,47,249813,False,0.722,0.672,0,-7.708,1,0.268,0.0715,0.0,0.0762,0.646,103.004,4,brazil,medium
96695,0IXX9iie1HesOlW0OmG5sq,Renato da Rocinha,Nosso Grito / Quando a Gira Girou / Tá Escrito,Nosso Grito / Quando a Gira Girou / Tá Escrito,38,329302,False,0.51,0.656,2,-9.153,1,0.0608,0.614,0.0,0.0762,0.913,114.012,4,samba,medium
105911,5GmSjNEypkbo1NCsculloA,StopLock,Fudge,Fudge,25,129882,False,0.436,0.368,4,-15.017,0,0.512,0.92,0.452,0.0602,0.188,85.094,4,study,medium
39527,4jW9O8gYrrBx0MD3Nyz3lO,Pur,Karneval Klassiker,Party Mix I,0,264466,False,0.664,0.973,0,-5.259,1,0.0432,0.0486,1.27e-05,0.365,0.933,131.747,4,german,low
107729,1ptfEQq0GF3I9hknzdRL6r,Duran Duran,Arena,"New Religion - Live at Oakland Coliseum, Oakland, CA, 14/04/1984; 2004 Remaster",25,337200,False,0.478,0.862,2,-6.885,1,0.107,0.0167,0.0,0.341,0.252,138.011,4,synth-pop,medium
109180,55kDJdv7pymmG4URJlVTYR,Oliver Koletzki,The Arc of Tension,Tankwa Town,50,453506,False,0.736,0.401,7,-11.285,1,0.0476,0.102,0.293,0.0938,0.0543,100.008,4,techno,high
97580,05uEelCxZhQjzYNgAntl45,Calcinha Preta,"Calcinha Preta, Vol. 13 (Ao Vivo)","Um Novo Amor ""Good Bye"" (Ao Vivo)",47,234440,False,0.439,0.73,4,-2.324,1,0.0279,0.276,0.0,0.688,0.314,134.858,4,sertanejo,medium
39248,3ETUBLVvEzgm07QoU4PioV,George Frideric Handel;The Cambridge Buskers,Clásica para los niños de hoy,Solomon HWV 67 - Arr. The Cambridge Buskers: Arrival Of The Queen Of Sheba,0,128960,False,0.677,0.176,0,-18.382,1,0.0674,0.924,0.681,0.138,0.862,114.04,4,german,low
95431,594M4FJmVgCEsiaLbsymJV,La Sonora Matancera;Celio Gonzalez,Canciones Premiadas De Celio González,Humo,33,180666,False,0.621,0.57,7,-12.822,1,0.0847,0.683,0.545,0.0944,0.762,97.185,4,salsa,medium
83665,1D643xL28RupQU5Ze9sH8P,DVBBS;Kideko;Haj,Ride Or Die,Ride Or Die,59,150622,False,0.875,0.727,10,-5.856,0,0.284,0.245,0.217,0.0639,0.302,124.028,4,progressive-house,high
46242,5yRRjhqqBQZaDwuhXAXNAl,De Doelleazen;Bricquebec,Wy Jouwe Gas,Strjitlizzer 2021,23,192750,False,0.52,0.817,7,-5.367,1,0.044,0.00694,0.000536,0.32,0.152,159.973,4,happy,low
38086,57Xjny5yNzAcsxnusKmAfA,The Strokes,Room On Fire,Reptilia,75,219826,False,0.489,0.649,9,-5.11,1,0.0336,0.000603,0.713,0.101,0.77,158.009,4,garage,very_high
113915,3vb0esfk0vnzl6veqMX8Nt,Paul Baloche;Integrity's Hosanna! Music,Our God Saves (Live),Our God Saves - Live,33,302360,False,0.505,0.721,2,-5.164,1,0.0293,0.0297,0.0,0.544,0.233,96.011,4,world-music,medium
19235,2y6u1FsY2HSuSsn0cemmqu,Cole Swindell,Single Saturday Night - Country Songs,You Should Be Here,0,190173,False,0.491,0.641,7,-4.456,1,0.0282,0.0592,0.0,0.0857,0.299,136.1,4,country,low
23436,2sjwKudWZUa5Dyf7Fo842f,Paul Woolford;Pessto,Can You Pay?,Can You Pay?,60,133573,False,0.634,0.85,11,-6.036,0,0.0446,0.0149,0.000606,0.102,0.302,124.953,4,deep-house,high
102783,5xo1Gj4WTssjQgQ0w03cf2,Hozier,Hozier,Jackie And Wilson,60,223120,False,0.566,0.712,6,-4.201,1,0.0334,0.0687,1.3e-05,0.124,0.753,82.193,4,songwriter,high
104094,2MLIVqHEOxPq9hmMAAC5oC,Ana Torroja,Éxitos del Pop en Español de los Años 2000,Los Amantes,0,251053,False,0.668,0.839,0,-6.832,1,0.0312,0.0549,1.13e-05,0.727,0.965,142.984,4,spanish,low
57892,7vNEDUsDuUZ4MOkrl3REj2,Fitz and The Tantrums,Happy Commute,Walking Target,0,156960,False,0.65,0.956,4,-4.113,1,0.0564,0.0153,3.86e-05,0.364,0.673,104.018,4,indie,low
35187,0ok0gQQ9p8hkAm1UBs1Y83,Taty Girl,"Baú da Taty Girl, Pt. 1 (Ao Vivo)",Rubi - Ao Vivo,45,141270,False,0.621,0.915,8,-3.959,1,0.15,0.126,0.000638,0.0714,0.561,114.873,4,forro,medium
88395,12xEvLcLawXJUs4ANGYdxZ,"Wisin & Yandel;Franco ""El Gorilla"";Jayko",Halloween con perreito,Me Estas Tentando - Remix,0,264306,False,0.819,0.897,9,-3.633,0,0.0484,0.117,4.72e-06,0.311,0.805,116.019,4,reggae,low
28831,0BW2kb7IHdH2QnWwvXqeqe,The Architect;L'Entourloop;Skarra Mucci,Foundations,Dreader Than Dread,54,184218,False,0.759,0.668,10,-6.31,0,0.228,0.0809,0.0,0.586,0.32,95.113,4,dub,high
6420,0pUMwbsKyJkvtpNJbothqe,Mortuary Drape,All the Witches Dance,Astral Bewitchment,19,348026,False,0.256,0.987,9,-5.725,1,0.0853,0.000389,7.67e-05,0.0442,0.166,98.983,4,black-metal,low
78872,2OmandxjHU7qzJb7Emy55V,Brings,Rockmusik,Wäm jehürt die Stadt,25,250013,False,0.518,0.662,10,-2.497,1,0.0281,0.0989,0.0,0.139,0.555,133.999,4,party,medium
67896,0nahmW6ISvPs6sputOLzHH,Alexis y Fido;Justin Quiles,Hora del taco sin auto,Mala Suerte,0,255173,False,0.822,0.633,1,-3.897,0,0.113,0.134,0.0,0.177,0.689,170.016,4,latin,low
94124,19KasQimP54W84da8wMkDe,Kochetkovv,It Won't Hurt,It Won't Hurt,58,134817,False,0.914,0.289,10,-11.716,0,0.239,0.628,0.28,0.275,0.722,113.944,4,sad,high
113899,2ctXQ21bZ7ZsCsWnbFIkAp,Monjes Tibetanos,"Monjes Tibetanos - Canciones Asiaticas Relajantes, Música Budista con Cantos de Tibet",Dormir Bien,22,371000,False,0.088,0.123,0,-21.381,1,0.0428,0.99,0.869,0.0787,0.0342,70.189,3,world-music,low
85952,1nFJAKHt0jgzVogbNJT3Zz,Parachute,Parachute,Ocean,48,222400,False,0.662,0.711,5,-4.924,1,0.0279,0.0686,1.17e-05,0.085,0.352,119.989,4,punk-rock,medium
78531,0SOgxpRnTORNMU4oEnICrA,Stereoact;Mr. Da-Nos;Rico Einenkel,Millionen Schätze (Remixe),Millionen Schätze - Mr.Da-Nos Club Remix,29,191129,False,0.702,0.885,8,-4.278,1,0.087,0.0104,0.0,0.0705,0.344,124.097,4,party,medium
63864,0TOnotspiMwE2Uc2CM1RJD,Eikichi Yazawa,LIVE HISTORY 2000~2015 (50th Anniversary Remastered),サブウェイ特急 - Live at 日本武道館'04 - Remastered 2022,32,236786,False,0.482,0.916,0,-7.512,0,0.0551,0.00131,0.0101,0.428,0.517,142.014,4,j-rock,medium
38799,3A7EZpfg3JFaMYOGuYj5VX,Trolls;Thomas Karallus;Lena Meyer-Landrut;Mark Forster;Friederike Walke;Kerstin Sanders-Dornseif;Nic Romm;Robert Griesbach;Jan-David Rönfeldt;Rubina Nath;Bastian Sierich;Maximiliane Häcke;Bianca Krahl;Patrick Bach;Leonhard Mahlich;Timmo Niesner;Helmut Gauß;Marius Clarén,Trolls (Das Original-Hörspiel zum Kinofilm),Trolls - Teil 2,25,181198,False,0.654,0.433,9,-10.617,0,0.898,0.679,0.0,0.546,0.641,104.165,4,garage,medium
16713,38znqxzVreO8WnoEkBIAJI,Wolfgang Amadeus Mozart;Academy of St. Martin in the Fields;Sir Neville Marriner,Mozart - Inspiring Classics,"Symphony No. 22 in C, K.162: 3. Presto assai",1,98506,False,0.494,0.216,0,-17.779,1,0.0452,0.966,0.921,0.115,0.641,76.432,3,classical,low
34107,72VBmMUTEVWFcDUVgMbqo0,Seafret,Atlantis,Atlantis - Sped Up Version,73,212443,False,0.425,0.544,9,-7.105,0,0.0292,0.0562,0.0,0.115,0.138,90.043,4,folk,high
113359,0WsXGJzmsAXxxVIsHS9SBW,"Phillips, Craig & Dean",Restoration,When God Ran,47,318160,False,0.557,0.41,1,-10.323,1,0.0264,0.0918,0.0,0.165,0.0945,97.023,4,world-music,medium
22330,4uMpf5TpchJZ0LXNx8ITEq,Revenge The Fate,Redemption,Poseidon,25,234116,False,0.213,0.988,1,-2.985,0,0.132,3.06e-05,0.0597,0.283,0.117,117.238,4,death-metal,medium
105962,0cXRrf3Dt0I4uZW9Zn3Jbx,Maj Majid,Mellow Sea,Mellow Sea,28,121235,False,0.726,0.45,4,-12.451,0,0.0673,0.856,0.848,0.346,0.476,127.784,3,study,medium
45718,5XwQe5h1ifxS0dL16uuEBH,William Luna;Jean Pierre Magnet;Serenata De Los Andes,Para Arriba,Niñachay,24,320506,False,0.688,0.74,2,-4.122,1,0.0477,0.266,1.37e-06,0.123,0.741,93.978,4,guitar,low
42101,4WgORJ18xSLFIfYkfelzCg,Trap Them,Blissfucker,Salted Crypts,16,256351,False,0.121,0.934,5,-3.852,0,0.0953,2.15e-06,0.984,0.117,0.14,166.57,4,grindcore,low
52315,7DGIkXXoNO8w40uC7O5Kp9,George Jones;Tammy Wynette,Golden Ring,Golden Ring,15,184533,False,0.495,0.489,11,-12.116,1,0.054,0.746,0.0,0.195,0.685,166.293,4,honky-tonk,low
103356,58WLXDmKoLjSKKKy39DYdS,The Jackson 5,Spooky Scary Season,The Boogie Man,0,178440,False,0.693,0.893,8,-3.359,1,0.0336,0.289,0.000787,0.0619,0.908,116.6,4,soul,low
56541,38ffZsovm7LjAtdvXjp0BP,Hayley Williams,rainy day indie,Pure Love,0,187086,False,0.79,0.475,0,-6.787,1,0.0585,0.0772,7.58e-05,0.125,0.827,95.003,4,indie-pop,low
111890,1MGdVxngPstATo77Gjg8hF,Mr. Scruff;Feebi,Keep It Unreal,Honeydew,18,455758,False,0.797,0.631,1,-12.201,1,0.0748,0.0184,0.00112,0.403,0.732,139.006,4,trip-hop,low
48195,64tUOtVFZN98cx48rQEW5T,Dead Fish,Zero e Um,A Urgência,39,181333,False,0.519,0.97,4,-3.252,0,0.126,0.000904,2.81e-05,0.119,0.187,97.836,4,hardcore,medium
109711,1rIxb5rv6BUWXT6xmLt91x,Acid Pauli,Mainacht,Ahmed,48,408736,False,0.809,0.719,1,-11.061,1,0.0488,0.039,0.835,0.0838,0.733,123.032,4,techno,medium
60315,447TS5k0EHKAV6KFKzHmqM,Chronic Law,Fall in Love,Fall in Love,23,159346,True,0.588,0.588,6,-4.412,0,0.122,0.197,0.0,0.0599,0.349,90.409,4,j-dance,low
4399,6EXO7CcK6z7A5CPjicb4H5,Steve Reich;Daniel Hope;Simos Papanas;Kammerorchester Basel,Classical Running,Duet,0,296237,False,0.505,0.157,5,-19.683,1,0.0426,0.791,0.0683,0.247,0.348,139.929,1,ambient,low
64491,31B167urAhDwzI4IVmeUcL,Diana Krall;Clayton-Hamilton Jazz Orchestra,Pop Fun and Christmas Music 2022,Let It Snow,0,241240,False,0.513,0.486,5,-6.8,1,0.0784,0.345,0.0,0.0855,0.562,148.372,4,jazz,low
34869,6VwAh8Z1d5YKoSWoEaV4db,Aaron Espe,Making All Things New,Making All Things New,65,159600,False,0.787,0.355,0,-11.429,1,0.0288,0.896,0.0201,0.111,0.48,99.978,4,folk,high
111632,7AFbtUHu2uhyIwWH56UlVV,Llorca,Newcomer,Lalo Caught Me Dancin',19,382133,False,0.785,0.595,0,-11.848,1,0.162,0.0777,0.863,0.1,0.727,122.97,4,trip-hop,low
31963,5o5akY9xnEk6lpMkD8RwD9,Melanie Martinez,K-12,Teacher's Pet,76,241893,True,0.686,0.794,7,-6.136,0,0.0385,0.27,2.25e-05,0.125,0.532,140.952,3,electro,very_high
72576,6skRokbpxb1OFXqxzpEQVi,Bullet For My Valentine,Scream Aim Fire,Hearts Burst into Fire,45,297946,True,0.24,0.968,0,-3.669,0,0.109,0.000996,0.000106,0.119,0.119,89.686,4,metalcore,medium
71294,59mGCC08pYEwStwO3oTLfH,Faith No More,Metal,War Pigs,0,465933,False,0.323,0.891,6,-7.018,0,0.119,0.00126,0.0187,0.243,0.235,97.373,4,metal,low
83822,7gq9Mo03Zr417T2C5sgR03,Matisse & Sadko;Aspyer;Matluck,Don't Tell Me,Don’t Tell Me,47,173571,True,0.597,0.785,4,-3.219,0,0.04,0.113,0.0,0.336,0.575,126.002,4,progressive-house,medium
1245,5qSIn5VR4Yp1xcb7krEJQy,BaianaSystem;Céu,OXEAXEEXU,O Que Não Me Destrói Me Fortalece,27,232773,False,0.737,0.571,11,-6.756,0,0.0303,0.0585,0.000707,0.126,0.655,119.054,4,afrobeat,medium
107512,1q8yOvrVNiZtMuEujDuSPP,Mel & Kim,F.L.M. (Deluxe Edition),Respectable,57,202640,False,0.697,0.971,0,-5.093,1,0.0428,0.00377,2.79e-05,0.138,0.89,122.274,4,synth-pop,high
97986,1pRhWyw5FnVwxz2BvtvM6s,Goiano & Paranaense,Os Grandes Sucessos,O Vaqueiro,43,228250,False,0.702,0.69,10,-5.98,1,0.0373,0.447,0.0,0.131,0.764,93.619,4,sertanejo,medium
7120,48Xtpypr0EwjBK3BySVI9g,Keller Williams,Stage,Gate Crashers Suck,29,182893,False,0.314,0.252,5,-18.399,1,0.0487,0.587,0.000803,0.171,0.418,165.248,4,bluegrass,medium
1205,1gP3o6z0DgtdcOzffesabd,TJ Cream,The Vibe,The Vibe,26,163500,False,0.827,0.604,8,-8.976,0,0.244,0.643,1.86e-05,0.163,0.766,140.923,4,afrobeat,medium
54170,1EK6rySoA5FPPaoxg7MBEa,Ilkae,Pistachio Island,Penguin Offering Peanuts,15,116120,False,0.797,0.772,3,-10.13,1,0.12,0.205,0.825,0.0988,0.49,148.896,5,idm,low
53220,5902W4uHWzhtOff1UK7the,Alesso;Katy Perry,When I’m Gone (with Katy Perry),When I’m Gone (with Katy Perry),80,161266,False,0.685,0.886,0,-4.179,1,0.034,0.028,0.0,0.481,0.615,125.034,4,house,very_high
61305,1wWiexFra1ovtWoCtVshAo,NEO JAPONISM,NEO JAPONISM,Twilight Night,45,257488,False,0.493,0.81,1,-5.747,1,0.049,0.00178,0.000217,0.153,0.364,169.992,4,j-idol,medium
20588,27g5jb8SH4CZrPWZFVmq97,Cardi B;Bad Bunny;J Balvin,Today's Party Hits,I Like It,0,253390,True,0.815,0.727,5,-3.998,0,0.128,0.101,0.0,0.372,0.649,136.045,4,dance,low
22656,6Ii0oZi5MJUSaoBqgDoNbe,Suffokate,"No Mercy, No Forgiveness",Force Fed,22,226040,True,0.54,0.907,11,-2.848,1,0.103,0.00017,0.779,0.0312,0.304,125.03,4,death-metal,low
63028,2y7f8qkrgIqY5KsfPNcuix,Vickeblanka,Devil,Black Catcher,66,196946,False,0.592,0.894,11,-4.71,0,0.042,0.00358,5.32e-06,0.0721,0.642,100.026,4,j-rock,high
79252,6cnF63Qm1qAJ0sHKvM5BOg,Elton John;Charlie Puth,The Lockdown Sessions,After All,58,208714,False,0.501,0.556,5,-5.628,1,0.0266,0.361,0.000133,0.115,0.165,82.017,4,piano,high
83954,7KC9bnTvAbU3gJTBej0qP3,Sander van Doorn;Martin Garrix;DVBBS;Aleesia,Gold Skies (feat. Aleesia) [Radio Edit],Gold Skies (feat. Aleesia) - Radio Edit,40,235327,False,0.476,0.771,9,-5.846,0,0.0412,0.0294,0.0136,0.553,0.164,128.018,4,progressive-house,medium
13544,6j7VqKlzbPrqCC1H9llqLc,Marshall Jefferson;Curtis McClain;Director's Cut;DJ David Dee,The House Music Anthem (Move Your Body) [feat. Curtis McClain] [Remix Project],Move Your Body - DJ David Dee's Director's Cut Radio Edit,8,239214,False,0.737,0.871,4,-8.151,0,0.0409,0.0125,0.0181,0.322,0.832,125.009,4,chicago-house,low
42240,0RJfq7jud8JxNHKFzGB86T,Carcass,Surgical Steel (Complete Edition),Livestock Marketplace,18,255093,False,0.447,0.941,9,-4.566,1,0.0786,6.16e-05,0.155,0.0935,0.558,76.59,4,grindcore,low
86741,7LgxYvP8zzKSapwngbxAeU,Ultraje a Rigor,O mundo encantado do Ultraje a Rigor,Nós vamos invadir sua praia - Avenida,38,254906,False,0.509,0.97,4,-6.732,1,0.0697,0.00951,0.000234,0.0459,0.665,169.121,4,punk,medium
63324,2p8ji4NXTvYvAIRnK2d1kH,Fujifabric,FAB FOX,茜色の夕日,36,339493,False,0.553,0.546,7,-5.306,1,0.0263,0.0825,1.55e-05,0.0764,0.438,138.006,4,j-rock,medium
77647,6kqHbJE6KbGlFPcNUE4kpI,Na Hora H,Desse Jeito É Ruim Pra Mim / Sinais / Essa Tal Liberdade / Depois do Prazer / Teu Segredo / Tá Vendo Aquela Lua (Cover) [Acústico],Desse Jeito É Ruim Pra Mim / Sinais / Essa Tal Liberdade / Depois do Prazer / Teu Segredo / Tá Vendo Aquela Lua (Cover) - Acústico,42,662697,False,0.394,0.453,9,-12.06,1,0.0653,0.794,1.03e-05,0.224,0.701,159.915,4,pagode,medium
108993,2I1GeaoVkSBf7jjbpcaOwZ,Astor Piazzolla,Piazzolla 4 Seasons of Buenos Aires,Michelangelo 70,16,201760,False,0.581,0.155,7,-19.407,1,0.0544,0.89,0.935,0.104,0.257,141.114,4,tango,low
15810,10tEYe2Rj3SExl0zS2HrDP,demxntia,"goodnight, pt. II",autumn,51,146000,False,0.688,0.619,3,-8.001,1,0.0409,0.375,0.0,0.195,0.444,119.929,4,chill,high
87282,6BO1F7s14ZehAecywx99G6,Jota Quest,Saideira Acústico Sessions,Todas as Janelas,46,267333,False,0.582,0.561,9,-7.068,1,0.0293,0.0687,2.13e-05,0.0829,0.412,82.969,4,r-n-b,medium
49294,5uotAmqGJfrxEfANdTcBQ2,Imperial;Irradiate,Harder Stylez: We Love The Bass,#DareDevil,0,212400,True,0.607,0.877,1,-3.409,1,0.061,0.0903,0.0,0.368,0.162,99.987,4,hardstyle,low
77318,1cw2CLeQlhYbJmSbi2lxxD,Pixote,Fã de Carteirinha Sunset (Ao Vivo),A Culpa É do Coração - Ao Vivo,48,172195,False,0.634,0.775,10,-6.943,1,0.0691,0.745,0.0,0.483,0.653,84.972,4,pagode,medium
32292,5dF22TUprEIDwQAiXmX7hX,WhoMadeWho,Viaggi Astrali 2,Greyhound,0,238693,False,0.652,0.792,11,-5.771,0,0.0384,0.00608,0.261,0.0718,0.484,107.992,4,electronic,low
111768,4ddCRgTvZKjfWjBxGpllaw,Tricky,Pre Millennium Tension,Ghetto Youth,19,337840,False,0.914,0.775,11,-4.75,0,0.201,0.0532,0.0,0.0327,0.544,112.338,4,trip-hop,low
22715,4taoA7P7oh1whE2Z4EHJGc,Avernal,El Sangriento,Hoy Podes Pudrirte,22,160106,False,0.518,0.992,6,-3.794,1,0.0565,0.00112,0.000546,0.133,0.381,90.018,4,death-metal,low
91915,34x6hEJgGAOQvmlMql5Ige,Kenny Loggins,"Yesterday, Today, Tomorrow - The Greatest Hits Of Kenny Loggins","Danger Zone - From ""Top Gun"" Original Soundtrack",77,215133,False,0.544,0.897,3,-6.056,0,0.0471,0.241,0.0,0.13,0.647,157.17,4,rock,very_high
105855,2hDXvWxQ7rYOywtfkDFMS2,V72,Fifi,Fifi,28,140800,False,0.699,0.468,9,-11.757,1,0.0384,0.186,0.956,0.184,0.243,74.987,4,study,medium
67663,1CAeeyQyXfuEfM13nSYuXi,Kevin Roldan,Halloween con perreito,PPP,0,129332,False,0.798,0.625,4,-6.83,1,0.13,0.383,3.33e-05,0.125,0.774,92.994,4,latin,low
8185,2i6Zgt3uFaupWIcpvRORMn,B.B. King,Home For Christmas 2022,Please Come Home For Christmas,0,291440,False,0.498,0.533,10,-7.337,1,0.0245,0.261,0.0471,0.314,0.288,96.459,3,blues,low
61732,1ydbIUvSJFkTMJRWPDVEaH,Dempagumi.Inc,DEMPARK!!!,衝動的S/K/S/D,19,241486,False,0.433,0.988,8,-2.074,1,0.233,0.000153,0.0334,0.315,0.548,199.813,4,j-idol,low
53554,4ZTTUAjJCd4NMZmIU7RB4c,Alesso;Liam Payne,Midnight (feat. Liam Payne),Midnight (feat. Liam Payne),65,220140,False,0.587,0.648,11,-6.927,0,0.0439,0.0561,0.0,0.115,0.281,144.028,4,house,high
83531,7JoVRy6b5AqggrBcSQ27wV,Armin van Buuren,A State Of Trance Top 20 - June 2018 (Selected by Armin van Buuren),Blah Blah Blah,47,183518,False,0.612,0.963,5,-3.912,0,0.0531,0.00897,0.00378,0.294,0.179,138.009,4,progressive-house,medium
74315,56FdRY4mgXyS4HC0lZdwkX,MAR ABERTO,Produtividade,Produtividade,43,159000,False,0.618,0.42,7,-9.903,1,0.106,0.294,0.0,0.117,0.922,151.387,4,mpb,medium
95071,3EJ4QcalnnKcn5pxfdcjtZ,Eddie Santiago,30 Exitos Insuperables,Amada Amante,40,302173,False,0.76,0.788,8,-7.366,1,0.0357,0.769,0.00482,0.0756,0.971,92.604,4,salsa,medium
67002,1qdiryo9D6QgoZw9beV72q,Daddy Yankee;Snow,pov: it's 2019,Con Calma,0,193226,False,0.737,0.86,8,-2.652,0,0.0594,0.11,1.94e-06,0.0574,0.656,93.989,4,latin,low
22048,3Xs5JQvb61FJvyliOwdVge,Transmetal,México Bárbaro,Dios Nos Agarre Confesados,34,194536,False,0.345,0.927,6,-6.947,1,0.0816,0.0257,0.000166,0.316,0.333,171.915,4,death-metal,medium
91135,3ZxYrinBAicqq9aKHj89UP,Fleetwood Mac,Feeling Good - Adult Pop Favorites,Little Lies - 2018 Remaster,3,219800,False,0.643,0.655,2,-10.249,1,0.0256,0.217,0.000272,0.0462,0.878,124.731,4,rock,low
98497,1z6bdQDeQThsLxkTlojAeV,Faith Prince;Tina Marie DeLeone;Denise Faye;JoAnn M. Hunter;Nancy Lemenager;Greta Martin;Pascale Faye,Guys and Dolls (New Broadway Cast Recording (1992)),Entr'acte / Take Back Your Mink,25,320200,False,0.418,0.236,0,-15.45,0,0.0665,0.746,0.0164,0.611,0.527,76.61,4,show-tunes,medium
107309,73kadnv7SduzhApfRUv5C0,Tove Lo,BLUE LIPS (lady wood phase II),hey you got drugs?,50,258032,True,0.625,0.706,9,-4.604,1,0.0326,0.301,0.0,0.0735,0.273,123.019,4,synth-pop,high
73080,4b67MDtD92iU5Rsys7yWgy,NTO;Sofiane Pamart,Invisible (Piano Version),Invisible - Piano Version,57,174893,False,0.638,0.365,8,-15.98,0,0.0437,0.797,0.934,0.112,0.17,116.012,4,minimal-techno,high
16601,06e5eIUvhIcovVu0KuCOri,Shobha Gurtu,Prahaar (Original Motion Picture Soundtrack),Yaad Piya Ki Aaye,29,390200,False,0.407,0.575,9,-9.439,1,0.0514,0.827,9.86e-05,0.18,0.527,135.83,4,classical,medium
69478,1mpa9ZlJ0XDdkq5aHw618E,Sadhu Kochu Kunju Upadesi,"Aswasageethangal, Vol. 1 (Christian Devotional Song)",Ente Daivam Mahathwathin,29,397613,False,0.731,0.381,0,-7.261,1,0.0276,0.487,0.0,0.306,0.604,113.039,1,malay,medium
65530,3b6jCDqWdQPPeNh7xxnaxl,Yuvan Shankar Raja;Sadhana Sargam,April Madhathil (Original Motion Picture Soundtrack),Poi Solla,49,302986,False,0.72,0.696,5,-8.18,0,0.0341,0.00907,0.000145,0.186,0.635,125.004,4,k-pop,medium
3346,61WUErnrzgOMPuTgXqtNA9,Andrés Calamaro,Música para casa,Diego Armando Canciones,0,213946,False,0.32,0.515,2,-8.018,1,0.0412,0.373,1.74e-06,0.089,0.568,78.021,4,alternative,low
56684,7ik3JOQs2mBosl1VnjfID0,salem ilese,(MORE) Unsponsored Content,Crypto ₿oy,25,141200,True,0.641,0.763,4,-4.509,1,0.0428,0.13,0.0,0.222,0.552,149.891,4,indie-pop,medium
75492,6P6lvwajvsbWciPGxQ8TJO,Dan Gibson's Solitudes,Songbirds at Sunrise,Dawn in the Valley,22,357214,False,0.302,0.102,9,-28.852,1,0.0601,0.949,0.556,0.669,0.166,142.019,4,new-age,low
51985,14KRCsp4ZjQbw60d0DKxoV,Don Omar;Sharlene Taule,Para entrar en calor,Encanto,1,195400,False,0.744,0.871,8,-5.123,1,0.0499,0.145,0.000498,0.0752,0.902,172.03,4,hip-hop,low
93237,7kAghH1NK3QdwwdCX0PM8d,Zhanna Bichevskaya,"Starye russkie narodnye derevenskie i gorodskie pesni, Ch. 1",Svetit mesjats,4,183606,False,0.484,0.29,6,-11.357,1,0.0408,0.828,0.000147,0.0913,0.693,118.9,4,romance,low
112035,4xcNgAUqgeMCmu5H1VCYYj,Lvbel C5,Viral Şarkılar,10 NUMARA,1,118565,True,0.684,0.652,11,-10.144,1,0.164,0.00667,0.000236,0.0816,0.654,142.068,4,turkish,low
23704,0VgtjIiWXKMxqtYnhHmQ8U,Chris Lake,Stay With Me,Stay With Me,50,224576,False,0.706,0.846,6,-5.475,1,0.04,0.00653,0.161,0.0908,0.241,123.994,4,deep-house,high
67925,2aHvfapu1RPMlEhzeEQIdS,Manuel Carrasco,Dulce Balada,Qué Bonito Es Querer,0,270187,False,0.609,0.717,11,-7.177,1,0.045,0.6,0.0,0.082,0.425,93.941,4,latin,low
95646,2fkrzmHDFLYNUjnN764gOP,Tito Rojas,Quiero Llegar a Casa,Cuanto Te Quiero,29,270293,False,0.722,0.745,5,-4.85,0,0.0389,0.696,3.58e-05,0.277,0.739,91.854,4,salsa,medium
5357,0ylf1wQGwutMzirog83Gui,Kensuke Ushio,"A Shape of Light ""A Silent Voice the Movie"" Original Soundtrack",lit,49,50533,False,0.715,0.0319,4,-23.01,1,0.131,0.995,0.967,0.123,0.764,140.076,3,anime,medium
42683,1MfSho5QSHYxSAZ2nxZFDt,Carcass,Surgical Steel (Complete Edition),Thrasher's Abattoir,15,110426,False,0.148,0.998,6,-3.958,1,0.232,3.1e-06,0.184,0.184,0.0615,197.312,4,grindcore,low
21546,7JQAxdCFbDw7FWf2a68FpO,Cestar;Stailok,Si Tú Me Quisieras (Acústico),Si Tú Me Quisieras - Acústico,32,250615,False,0.521,0.568,10,-6.985,0,0.0522,0.123,0.0,0.168,0.385,120.598,5,dancehall,medium
83027,1fSfbrzIlBuT1XIjqRe1eM,Marshmello;Jonas Brothers,pov: it's 2021,Leave Before You Love Me,0,154983,False,0.724,0.744,7,-4.757,1,0.0398,0.00219,4.49e-06,0.116,0.645,119.978,4,progressive-house,low
72669,7LRotHDhVHU9FE7oWhuFTL,While She Sleeps,SLEEPS SOCIETY,SYSTEMATIC,53,176695,True,0.528,0.961,10,-4.621,0,0.107,0.000149,0.000146,0.102,0.441,130.038,4,metalcore,high
5419,3JU0jK3U02MQTNXCmg4Fav,μ's,μ's Best Album Best Live! Collection Ⅱ,輝夜の城で踊りたい,37,271493,False,0.57,0.96,6,-3.381,0,0.103,0.00467,1.83e-06,0.0818,0.641,135.044,4,anime,medium
88254,5TiFvMOjuHM55p2IxMvmr9,Jhayco;Bad Bunny,Perreo en Halloween,CÓMO SE SIENTE - Remix,2,227520,True,0.807,0.606,3,-8.871,0,0.0872,0.0946,0.0,0.119,0.304,92.988,4,reggae,low
9884,3Goq1S2nVTYg1B42CE8Dd6,Voz da Verdade,Além do Rio Azul / Coração de Cera (Série Dupla),Além do Rio Azul,43,241560,False,0.337,0.445,0,-6.577,1,0.0289,0.645,0.0,0.0839,0.32,81.2,4,brazil,medium
27997,4UhPKerkCNyzN6oPouXCRp,Logistics,Spacejams,Inside My Soul,16,401693,False,0.472,0.928,8,-11.93,1,0.0462,0.000477,0.836,0.116,0.796,174.033,4,drum-and-bass,low
13541,280cE9bYquVlS7oSDHtC8D,Fingers Inc.,Another Side,Feelin' Sleazy,9,308160,False,0.87,0.641,11,-5.393,0,0.0629,0.00204,0.000302,0.0803,0.668,117.954,4,chicago-house,low
2525,6ZkeNE5zlcl13PbnzXdw38,Charlie Brown Jr.,Acústico (Ao Vivo),Tudo Pro Alto - Ao Vivo,48,184093,False,0.474,0.983,10,-5.498,0,0.0598,0.0182,0.000128,0.691,0.725,92.68,4,alt-rock,medium
5936,3NbcxD3uC4aDsv87lwK1WM,Taku Iwasaki,JOJO'S BIZARRE ADVENTURE -O.S.T Battle Tendency [Musik],Overdrive,51,226706,False,0.576,0.822,1,-8.456,1,0.11,0.000909,0.537,0.11,0.193,134.981,4,anime,high
30619,5HMJgPXgoCbBKwgRvnrhTm,Years & Years;Gryffin,Beats Electro Mood,Desire - Gryffin Remix,0,268840,False,0.543,0.875,10,-5.069,0,0.0514,0.0622,0.0,0.157,0.415,122.058,4,edm,low
85062,6TfBA04WJ3X1d1wXhaCFVT,The Offspring,"Rise And Fall, Rage And Grace","You're Gonna Go Far, Kid",81,177826,True,0.55,0.917,0,-3.159,1,0.0638,0.00428,0.0,0.197,0.601,126.115,4,punk-rock,very_high
53701,6pooRNiLyYpxZeIA5kJ5EX,ILLENIUM;Jon Bellion,Good Things Fall Apart (with Jon Bellion),Good Things Fall Apart (with Jon Bellion),64,216668,False,0.643,0.594,2,-5.453,1,0.0318,0.0128,0.0,0.118,0.442,144.033,4,house,high
65972,45Be4Lnmu5fY9RdxV5vwVY,Yuvan Shankar Raja,Sarvam (Original Motion Picture Soundtrack),Katrukkulle,43,262506,False,0.807,0.594,5,-5.756,0,0.0306,0.419,0.00179,0.119,0.527,120.002,4,k-pop,medium
63657,0IZJR2XrPdWqHdnpaPixw9,Masaharu Fukuyama,SING A SONG,Heart (Original Version),34,288426,False,0.587,0.842,4,-6.04,1,0.0268,0.278,0.0,0.163,0.693,97.013,4,j-rock,medium
111915,2wEHxTBxLJk3vYzyW6dsAU,Portishead,Roseland NYC Live,Glory Box - Live,46,337200,False,0.43,0.705,3,-5.409,0,0.0339,0.149,5.08e-05,0.838,0.182,118.781,4,trip-hop,medium
64628,4TXtiyC9zYWLTmKIb6c5vg,The Cooltrane Quartet,"Vintage Café: Lounge and Jazz Blends, Vol. 22",Sing It Back,0,168451,False,0.693,0.287,0,-12.554,0,0.0453,0.669,2.03e-06,0.138,0.368,125.088,4,jazz,low
111535,3GmjvTn3YFn6MfQXugsUWA,Boozoo Bajou;Rumer,Café del Mar XXVI (Vol. 26),Same Sun - Original Mix,20,346640,False,0.661,0.25,3,-17.438,0,0.0323,0.875,0.00566,0.268,0.384,97.029,4,trip-hop,low
42161,7iHpKByljSDtrWEirFfBQ5,Impetigo,Ultimo Mondo Cannibale,Mortado,15,163960,False,0.192,0.99,1,-5.003,1,0.307,2.08e-05,0.105,0.147,0.565,166.221,4,grindcore,low
62842,47wkGrU4Rxv5VbNfHmEqw4,Mr.Children,BOLERO,Tomorrow never knows,36,308240,False,0.627,0.519,9,-7.983,0,0.0256,0.0722,0.0,0.179,0.216,108.976,4,j-pop,medium
92051,2TwM6FmWDMSBDdKYOsWKdy,Bobby Day,The Rockin' Adventures of Bobby Day,Rockin' Robin,47,156293,False,0.549,0.686,7,-10.313,1,0.136,0.291,0.0,0.201,0.926,172.601,4,rockabilly,medium
66638,6MXRY9EO0xDL9kSitHvHtx,Ultimate Party Mixers,Ultimate Party Mix,Electric Slide,10,214546,False,0.777,0.744,4,-11.855,0,0.0398,0.232,0.000326,0.0775,0.976,112.066,4,kids,low
31034,6ZRF2oj59pKnVYjHcvN2Pa,Billie Eilish,Halloween Songs | Witches Hour,bury a friend,5,193143,False,0.887,0.388,8,-14.505,1,0.349,0.739,0.143,0.106,0.205,120.035,4,electro,low
59074,0OD2HhIo0Kl5jUfodiqT7Y,Alphaxone,Edge of Solitude,Solar Halos,9,300852,False,0.108,0.374,0,-20.33,0,0.0407,0.788,0.914,0.0904,0.0877,173.694,4,iranian,low
86102,2wVWGFVkL5I3JGsoWBx2AZ,blink-182,EDGING,EDGING,78,151533,True,0.606,0.905,5,-3.117,1,0.0518,0.0044,0.0,0.151,0.706,143.952,4,punk,very_high
22804,6ptIxIDLyhSizHXT84IyOs,In Element,Lyra,Adagio for Strings,36,217845,False,0.379,0.926,10,-9.116,0,0.123,0.00102,0.883,0.0877,0.0402,195.056,3,death-metal,medium
2463,3Y4rUyw7XBCK6hGHCOt6rp,The Strokes,Comedown Machine,"Call It Fate, Call It Karma",72,204773,False,0.544,0.241,4,-14.779,0,0.03,0.983,0.774,0.101,0.359,109.437,4,alt-rock,high
80975,4ydNnBV9Jnb5YlXb11kFjD,Thaman S;Harika Narayan,Sarkaru Vaari Paata-Title Song - Sarkaru Vaari Paata,Sarkaru Vaari Paata-Title Song,54,156079,False,0.592,0.941,1,-3.715,0,0.0576,0.288,0.214,0.531,0.812,80.011,4,pop-film,high
24451,2NW6aorSABGOWS7wEMDndl,The Other People Place,Lifestyles Of The Laptop Café,Moonlight Rendezvous,32,427306,False,0.639,0.51,1,-10.844,1,0.0432,0.0116,0.858,0.0951,0.658,128.431,4,detroit-techno,medium
61656,6lQOiZyrgzEJbAmPVxSqsi,HKT48,12秒,12秒,20,225146,False,0.445,0.958,6,-2.23,1,0.12,0.408,0.00107,0.309,0.621,160.086,4,j-idol,low
47165,2R6UrJ8uWbSIiHWmvRQvN8,Metallica,Garage Inc.,Whiskey In The Jar,75,304693,False,0.511,0.97,10,-3.72,1,0.0414,5.6e-06,0.00136,0.18,0.566,132.986,4,hard-rock,very_high
108431,7h565rXnF2OD1S8P3tMO05,Ignacio Corsini,El Caballero Cantor del Tango,Charlemos,20,140066,False,0.678,0.411,2,-6.643,0,0.0678,0.871,6.04e-06,0.117,0.742,122.455,4,tango,low
94509,5d87z0ELbXggDiwtG6Ypbz,Eric Reprid,Cold World,Nobody Knows,54,172648,True,0.641,0.357,2,-8.884,1,0.0375,0.88,0.0,0.109,0.2,113.838,4,sad,high
57957,2LGdO5MtFdyphi2EihANZG,Arctic Monkeys,AM,Knee Socks,76,257563,False,0.665,0.542,11,-8.323,0,0.033,0.123,0.00291,0.342,0.587,97.975,4,indie,very_high
69360,0re3GuvFU6nDsg0GuRwS2Y,Buggimaan,Bells,Bells,32,192431,False,0.795,0.687,10,-6.264,0,0.115,0.0766,1.05e-06,0.148,0.555,94.97,4,malay,medium
41056,46HFTyFqLMzSye98Arqa98,Amaranthe,PvP,PvP,58,179093,False,0.436,0.963,7,-6.861,1,0.0826,5.13e-05,0.0,0.138,0.515,169.921,4,goth,high
110551,4B3jhwZHmryt2OhsfXlk6Q,Menumas;All In One,Together Always,Together Always,37,429797,False,0.491,0.622,9,-7.937,0,0.0656,0.0371,0.776,0.116,0.231,144.992,4,trance,medium
61844,4DK8Rdg7Ogmsxi0njMzjFL,NMB48,北川謙二 (劇場盤),恋愛被害届け/紅組,18,286853,False,0.574,0.925,4,-3.332,1,0.0924,0.268,1.31e-06,0.0957,0.8,169.925,4,j-idol,low
75942,3JY77RQgSJcFSDSEzpVo2p,Paul Cardall,Peaceful Piano,When Morning Comes,19,184986,False,0.396,0.00709,7,-28.215,1,0.048,0.993,0.875,0.132,0.245,68.463,5,new-age,low
23464,2IQB5iBapo0Y37Yc0PtIZc,Lulleaux;Giang Pham,Contact,Contact,53,141875,False,0.651,0.76,7,-3.377,1,0.054,0.351,0.0,0.151,0.673,96.204,4,deep-house,high
24309,5EU7WoBqQQzvUPm3lbZCMT,Robert Hood,Superman / Range,Range,10,408389,False,0.652,0.786,11,-12.14,0,0.0568,0.0718,0.943,0.11,0.494,141.068,4,detroit-techno,low
46418,0uGvxRvujJcuaJkHVPP2Jo,Neophyte,Not Enough Middle Fingers,Fuck martina,20,224119,False,0.559,0.937,11,-9.511,1,0.0702,0.000126,0.851,0.147,0.34,184.999,4,happy,low
10270,1rfkJMqyQvblDvdDkVgh6l,Orbital,Monsters Exist (Deluxe),The End Is Nigh,17,276080,False,0.609,0.556,1,-6.731,1,0.0489,0.0187,0.0291,0.0917,0.699,152.061,4,breakbeat,low
23146,3hCw0hLVKIfPaOb1FEWWwa,Autograf;Tiina,Armada Music - ADE 2022,High On That New Love,1,166451,False,0.721,0.74,0,-4.657,0,0.0901,0.128,0.0,0.171,0.691,123.893,4,deep-house,low
53422,6rAGFY9D3ah6Lb7fUgbNNH,Alan Walker;salem ilese,Fake A Smile,Fake A Smile,62,168118,False,0.447,0.553,0,-4.817,1,0.0322,0.212,0.0,0.165,0.252,149.877,4,house,high
55824,77wLFzZdwrXOvv3kfImkWw,Pritam;KK,Musical Bond: Pritam & KK,"Tujhe Sochta Hoon (From ""Jannat 2"")",43,313933,False,0.579,0.712,0,-6.119,0,0.0308,0.259,0.000253,0.18,0.486,80.998,4,indian,medium
25677,2KQySo7KY4nQ52XwaR94Tc,Janusz Laskowski,Wszystko chłopcy jest O.K.,Śnił mi się rodzinny dom,32,179493,False,0.71,0.73,9,-6.954,0,0.0389,0.41,0.000115,0.0757,0.867,79.982,4,disco,medium
47724,6fybp4N6eW3bsFAvARxyVe,Van Halen,Van Halen (Remastered),Ain't Talkin' 'Bout Love - 2015 Remaster,68,227800,False,0.518,0.938,8,-5.964,0,0.0416,0.021,0.000305,0.288,0.71,139.138,4,hard-rock,high
66976,3Ieg8u8XWbXpAAvKKaeU3q,Have Fun Teaching,Alphabet Songs,Letter Y Song,8,215066,False,0.968,0.624,9,-5.098,1,0.0774,0.0174,0.000559,0.0439,0.962,126.995,4,kids,low
35238,5YNPFXSm8C4lhYYLUY3z2w,Zezo,Zezo (O Príncipe dos Teclados),Meu Vício É Você,45,144906,False,0.771,0.856,1,-2.34,0,0.0265,0.533,0.0,0.105,0.713,111.064,4,forro,medium
101673,5csr8yr8TrcfAbhKL1HmbD,Ocean Sounds;Calm Sea Sounds,Ocean Waves & Sounds Of The Sea,Relaxing Waves,34,57695,False,0.194,0.896,8,-18.055,1,0.0651,0.358,0.992,0.875,0.0176,83.326,4,sleep,medium
101457,5b0EbWEsagMNqlSPRk8FXb,Sohn Aelia,Uitblinken,Uitblinken,61,179789,False,0.199,0.0334,0,-29.758,1,0.0441,0.965,0.942,0.0819,0.0355,64.8,3,sleep,high
48820,5SYOm9yUBn8eH67JActGBv,Mukeka di Rato,Boiada Suicida,Milico,29,77883,True,0.239,0.968,2,-5.302,1,0.0807,5.78e-05,0.00321,0.0783,0.309,102.662,4,hardcore,medium
52426,5nLspGF3rnxWWlDhg8GSIh,Ray Price,For the Good Times,Lonely World,14,177946,False,0.39,0.22,9,-12.234,1,0.0286,0.833,2.29e-05,0.0978,0.335,81.452,3,honky-tonk,low
52276,3bED7RwuZeIU5OKlX3DgPt,George Jones,22 Early Starday Recordings,No Money In This Deal,16,143813,False,0.55,0.824,2,-7.731,1,0.0526,0.595,0.00018,0.153,0.945,110.458,4,honky-tonk,low
84620,7FCiDC7ojdm19CJePq6QAe,Pink Floyd,The Wall,Vera,52,93356,False,0.179,0.162,4,-22.191,0,0.162,0.678,0.022,0.119,0.0869,34.821,4,psych-rock,high
57238,5Q8eX15GuWpmp6DviAgSwm,Stevie Wonder,Christmas Faves 2022,What Christmas Means To Me,0,147800,False,0.524,0.614,0,-8.05,1,0.0363,0.202,0.0,0.0802,0.751,82.229,4,indie,low
77365,0Umz81swGCCwxFYv0wQDyC,Belo;Padre Marcelo Rossi,Belo - 10 Anos de Sucesso (CD1),Noites Traiçoeiras (feat. Padre Marcelo Rossi) - Ao Vivo,46,231266,False,0.428,0.721,8,-8.245,1,0.0447,0.431,0.0,0.857,0.321,151.935,4,pagode,medium
56488,4VX3CpgAIuhTg4Qg1gh56x,Tananai,Tutti in piscina Canzoni per bambini,PASTA,0,129142,False,0.871,0.748,6,-4.4,0,0.166,0.0675,0.0184,0.275,0.517,105.018,4,indie-pop,low
62876,4e9zzuMk0A2PmL2OUMkLDB,Hinatazaka46,君しか勝たん (Special Edition),声の足跡,37,287000,False,0.602,0.777,8,-2.22,1,0.028,0.0408,0.0,0.0836,0.584,129.995,4,j-pop,medium
50979,0n9lRHzhlIcaZjPF8wtbsS,Carajo,Hoy Como Ayer (Edición Inédita),A Espaldas del Bien,20,249498,False,0.409,0.979,5,-3.577,1,0.0927,3.86e-05,2.79e-06,0.978,0.266,135.974,4,heavy-metal,low
111100,3Qfqbu22C7aK2MuWBSnM5A,Bonobo;Joji,From You,From You,46,210280,False,0.655,0.499,0,-10.039,0,0.0444,0.566,0.768,0.111,0.266,140.002,4,trip-hop,medium
112353,577q8gGSTryRxX1YHWSjWk,Birsen Tezer,Kadın,Kadın,40,341094,False,0.545,0.467,7,-8.641,0,0.0291,0.706,1.92e-06,0.112,0.251,88.178,4,turkish,medium
61197,3tOqiJLZWwzjy05EmtVh8g,Nogizaka46,Time flies (Complete Edition),制服のマネキン,27,263133,False,0.598,0.967,5,-3.756,1,0.0748,0.0939,0.0,0.364,0.516,130.026,4,j-idol,medium
38081,0R3TWpoxAhT3HDXM7tpRzS,Crumb,Jinx,Ghostride,67,126120,False,0.665,0.351,2,-9.424,1,0.0276,0.516,0.819,0.109,0.451,87.057,4,garage,high
28079,4pioeMejnqa4T3QAEqwVA3,ILLENIUM;Said The Sky;Annika Wells,ASCEND,Sad Songs (& Said The Sky with Annika Wells),54,210423,True,0.532,0.571,1,-6.291,1,0.041,0.679,0.0,0.109,0.475,144.912,4,dub,high
102306,0KRSjRi3cEKMuFhAXKyd7d,Anupam Roy,Piku,Lamhe Guzar Gaye,45,258069,False,0.575,0.394,10,-9.913,1,0.0238,0.357,2.05e-05,0.153,0.271,94.936,4,songwriter,medium
59581,72mcCtPro6jJTge1syDKw2,Atria,Reincarnation,Floating,0,131538,False,0.469,0.388,11,-14.161,0,0.03,0.846,0.924,0.106,0.136,120.109,4,iranian,low
99547,2z2JKNU24UEngb4joR9p8f,KT Tunstall,Slow Christmas Songs 2022,Lonely This Christmas,0,257493,False,0.409,0.153,6,-10.74,0,0.0306,0.939,2.56e-05,0.108,0.18,85.262,4,singer-songwriter,low
103862,6pxElwU80zhjbCC77Vn8EI,Tom Misch,Geography,Movie,66,357357,False,0.785,0.379,7,-11.446,1,0.0732,0.391,0.0161,0.267,0.182,122.043,3,soul,high
99190,04wmRKlU8lSjmYql1mt052,Sophie Pecora,Keeping Everything Inside,Keeping Everything Inside,61,178105,False,0.561,0.522,6,-7.699,0,0.108,0.613,0.0,0.103,0.43,94.321,4,singer-songwriter,high
68539,1ycasxRQuWKCs0LpIBNcw7,Kevin Roldan;Bryant Myers;Lyanno,Noche de Halloween Latino,Hasta Abajo,1,229826,False,0.714,0.671,5,-5.119,1,0.362,0.292,0.0,0.325,0.641,169.727,4,latino,low
64859,3K2js6iGwWiAoMpCkuJG7M,Yura Yunita,Buktikan,Buktikan,39,186642,False,0.771,0.664,8,-3.825,1,0.0443,0.172,0.000114,0.0926,0.672,96.965,4,jazz,medium
43713,4xfYNH75F5Ji7CJ1v0OMM9,Kideko;Saffron Stone,The Music,The Music,55,146412,False,0.741,0.855,7,-4.603,1,0.0372,0.00166,0.0042,0.285,0.756,123.988,4,groove,high
97226,1yNstWFOG0z4CFkJrusyzP,Calcinha Preta,"Mágica, Vol. 12",Manchete dos Jornais,50,239516,False,0.565,0.827,7,-4.911,1,0.0764,0.212,0.0,0.3,0.69,159.816,4,sertanejo,high
39279,4foGrr7IkUwO5RQFvTWbBa,Hans Zimmer;Adam Lukas;James Everingham,Frozen Planet II (Original Television Soundtrack),Wandering Albatross,23,165440,False,0.26,0.249,7,-19.499,0,0.0371,0.903,0.871,0.0695,0.0848,141.952,3,german,low
18136,2WK0HQgZnAktJACJOFb2C2,Mike Birbiglia,Sleepwalk with Me - Live,Wedding Story,25,382413,False,0.447,0.766,3,-6.534,0,0.935,0.92,0.0,0.782,0.474,84.158,4,comedy,medium
63524,7nTxmv4ZlAb1OstqNLPheH,Official HIGE DANdism,One-Man Tour 2021-2022 -Editorial-@Saitama Super Arena (LIVE),Lost In My Room - LIVE,20,392053,False,0.555,0.455,4,-9.457,1,0.0383,0.29,0.0,0.551,0.0884,108.022,4,j-rock,low
106756,4uHUBxC7ZFasoS7QXaMY82,Daniela Rathana,Halva vägen fri,UT!,35,131846,False,0.881,0.323,1,-10.874,1,0.153,0.154,4.93e-05,0.113,0.644,95.982,4,swedish,medium
112231,7kTRgxS3THFvORSeb1NZ2x,Şanışer,LUDOVICO II,Yanıma Gelmesinler,44,199026,True,0.663,0.579,7,-11.992,1,0.226,0.0664,0.0,0.245,0.592,99.957,4,turkish,medium
96625,2vhwNpHlTFGSwGffxVMIuM,Jards Macalé,O Que Faço É Musica,Vapor Barato,39,304533,False,0.415,0.125,2,-15.98,0,0.0489,0.895,0.00182,0.171,0.14,77.595,4,samba,medium
66116,40OHlrykUVxbIp1OUcOr3U,Coach Kody,DRACULA: A Children's Story,DRACULA: A Children's Story,18,312402,False,0.605,0.269,4,-12.945,1,0.491,0.67,0.0,0.113,0.693,179.225,3,kids,low
72159,4b3f0U8gOfJKyxB8cYdCiw,I Prevail,Bad Things,Bad Things,62,228260,False,0.5,0.844,5,-5.263,0,0.064,0.000791,9.54e-05,0.274,0.141,92.044,4,metalcore,high
1695,13wF870pnYuvSdrCHnqyvf,Jorge Drexler,Sus primeras grabaciones 1992-1994 (La luz que sabe robar- Radar),Vaivén,19,170693,False,0.696,0.388,4,-9.831,1,0.0352,0.902,0.000169,0.154,0.539,155.018,3,afrobeat,low
37736,0Zea5n2cl6uGrmiTYz940q,Tasha & Tracie;Pizzol,Diretoria,Wanna Be's (intro),46,103984,False,0.595,0.63,11,-7.548,0,0.486,0.537,1.57e-06,0.729,0.369,138.999,4,funk,medium
19995,6DCXwlDxgCDXEFWlNEgWoj,Rotlaus,Når vi to blir en,Når vi to blir en,42,215000,False,0.558,0.898,7,-5.324,1,0.0301,0.0096,0.0,0.38,0.737,87.015,4,country,medium
106484,1eEcwtd7gjJlpcWn4rOIjY,Sven-Ingvars,Farväl till sommaren,När solen färgar juninatten,40,147613,False,0.394,0.361,2,-12.805,0,0.0333,0.516,0.0,0.124,0.486,80.64,4,swedish,medium
31416,7wC7c78HOp5C2tFTvRfnq0,Alessia Cara,Christmas Songs 2022,Make It To Christmas,0,211013,False,0.535,0.522,2,-7.87,1,0.0363,0.131,0.0,0.438,0.305,77.054,4,electro,low
55083,4eu27jAU2bbnyHUC3G75U8,Pritam;Benny Dayal;Shefali Alvares,Yeh Jawaani Hai Deewani,Badtameez Dil,65,252760,False,0.806,0.932,2,-2.228,0,0.0684,0.24,0.0,0.216,0.792,106.021,4,indian,high
70760,1hzG75FpGksAvkeSg6SDj6,Eason Chan,rice & shine,你給我聽好,50,288400,False,0.429,0.356,7,-11.524,1,0.0362,0.891,0.0,0.115,0.431,96.798,4,mandopop,high
38582,17vKUGw04FmNguDxJnLiCy,Children Collide,Theory Of Everything,My Eagle,29,169706,False,0.526,0.875,2,-3.404,1,0.0809,0.000695,2.31e-06,0.215,0.518,139.961,4,garage,medium
5609,7dS7O9Fv4P4pnX1Xz1DhSR,Marika Takeuchi,Missing Piece,Missing Piece,52,245306,False,0.589,0.365,9,-14.291,1,0.0284,0.874,0.905,0.101,0.192,110.023,4,anime,high
12553,5vnxboQXsHVOVynymx0Wvv,Ekin Cheng,如果天空要下雨,甘心替代你,52,210000,False,0.448,0.355,0,-9.437,1,0.025,0.77,0.0,0.298,0.273,74.182,4,cantopop,high
108924,0wuFmpRrUeadc71MuEYPgl,Miguel Calo;Raul Iriarte,Fruta Amarga,Igual Que una Sombra,16,164906,False,0.606,0.213,7,-11.128,1,0.0445,0.76,0.0144,0.0962,0.541,125.749,4,tango,low
31804,2CPqh63wRVscbceKcPxwvv,Mike Perry;shy martin,The Ocean (feat. Shy Martin),The Ocean (feat. Shy Martin),72,183414,False,0.632,0.575,5,-6.478,1,0.029,0.0225,1.81e-06,0.104,0.188,90.037,4,electro,high
13290,5K0I8AC2uKKGFqv1NLVa5j,Glenn Underground,Atmosfear,Entercourse Of The New Age,12,379733,False,0.694,0.605,7,-9.876,1,0.0869,0.000211,0.739,0.108,0.313,127.68,4,chicago-house,low
107049,43hajUyjyHEJCIoDtXSs63,Pet Shop Boys;Dusty Springfield,OK Boomers - Top Tunes,What Have I Done to Deserve This?,0,260413,False,0.711,0.875,5,-5.24,1,0.0336,0.128,0.00132,0.159,0.925,118.02,4,synth-pop,low
109505,4ig58RE2nh8nk8KJNslP7g,Duke Dumont;Zak Abel,Duality,The Power,54,197449,False,0.626,0.829,5,-6.795,0,0.0538,0.00458,0.0597,0.227,0.192,121.943,4,techno,high
37689,1hNyAO6FGbezL5nMAdn6W7,MC Cabelinho;DJ Meek;Davi;Luan;Juninho,Era uma Vez,Era uma Vez,45,208692,True,0.464,0.868,11,-4.745,0,0.456,0.382,0.0,0.658,0.884,180.767,5,funk,medium
102360,6jsoaskE0wunyXLpHriyEz,Nikhil Swaroop,Khilte Rang,Khilte Rang,40,197694,False,0.72,0.243,11,-12.47,0,0.0352,0.95,0.000618,0.107,0.33,136.009,3,songwriter,medium
55389,09OgnqJcTVQXiWTjgrkMIz,Pritam;Arijit Singh,Ae Dil Hai Mushkil (Original Motion Picture Soundtrack),Ae Dil Hai Mushkil Title Track,53,269032,False,0.495,0.654,3,-6.639,0,0.0679,0.713,0.0,0.165,0.35,123.896,4,indian,high
101173,7qTqmU0DoFngX9NFX4vvT2,Traditional;Cappella Musicale di Santa Maria in Campitelli di Roma;Vincenzo Di Betta,Giovannini: Messa a Quattro Breve Concertata,Alleluia: Tamquam prodigium,0,125840,False,0.158,0.0495,8,-28.007,0,0.0414,0.988,0.000193,0.227,0.0736,77.25,4,sleep,low
35704,1Ec9lRUsiVMID1TaakvRa3,Luiz Gonzaga,Capim Novo,Sanfona Sentida,39,168666,False,0.491,0.611,9,-10.38,0,0.0391,0.45,0.000114,0.252,0.931,101.238,4,forro,medium
58302,4qJrDTPDsQqaYGKMj0Thjk,Celldweller,End of an Empire (Deluxe Edition),Good L_ck (Yo_'re F_cked),53,215729,True,0.376,0.928,2,-2.036,1,0.119,8.09e-06,0.324,0.0241,0.559,177.908,4,industrial,high
105959,10F3fy1XYH98yQEUfVFNfs,Plectric,Dorothea,Dorothea,26,118990,False,0.641,0.323,9,-14.623,0,0.05,0.12,0.886,0.133,0.283,80.007,4,study,medium
71667,5hISmTJXBXdOes4htbUhGk,The HU,The Gereg,Wolf Totem,61,338000,False,0.557,0.718,8,-8.504,1,0.0415,0.0888,0.0511,0.661,0.49,172.039,4,metal,high
103914,6NU3w0CtU7g9boAarIAkO4,Zachary Knowles,feelings,slow down my thoughts,57,231496,False,0.732,0.421,1,-8.364,0,0.0876,0.685,4.07e-05,0.224,0.482,126.943,4,soul,high
80295,3P6zRJ409f09GI1iNwjcpa,Yuvan Shankar Raja,Kaadhal Solla Vandhen (Original Motion Picture Soundtrack),Oh Shala Oh Shala,63,254033,False,0.717,0.624,1,-7.096,1,0.0381,0.0754,0.000762,0.0989,0.472,159.926,4,pop-film,high
29589,6YJpscoguc7e1VMZtnxtNc,Culture Code,good 4 u,good 4 u,40,184000,True,0.535,0.753,11,-6.465,1,0.138,0.056,0.0,0.143,0.268,75.03,4,dubstep,medium
65565,5QGooKayQPVZMUDc8Qt3Dm,SEVENTEEN,Heng:garæ,Left & Right,70,201773,False,0.726,0.829,6,-3.876,0,0.111,0.146,0.0,0.0916,0.95,149.994,4,k-pop,high
93509,4lliFPUOgbDDgKY0WUIBC1,Alla Bayanova,С добрым утром. Опять двадцать пять. (Выпуск 5),Две гитары,1,213289,False,0.384,0.287,3,-16.078,1,0.0541,0.944,0.000188,0.134,0.4,85.451,4,romance,low
17885,4CQfNX7WkyoGUEig0qUBI5,Reznyck,Muscle Cardiac,Maseratiphoïde,15,215172,False,0.399,0.865,7,-5.338,1,0.0964,5.18e-06,0.822,0.0852,0.644,144.897,4,club,low
28999,6rmVTVMUiZfULS51lpzhDr,Steel Pulse,True Democracy,"Ravers - 12"" Version",25,356080,False,0.698,0.629,0,-8.943,1,0.19,0.0428,0.000177,0.064,0.853,78.865,4,dub,medium
70753,6h6aIaQ2K5luM8J08a74iv,Li Yugang,万疆,万疆,44,234874,False,0.523,0.459,8,-7.627,1,0.0348,0.673,0.0,0.101,0.401,133.511,4,mandopop,medium
5290,3jmKE26gMpeF0X31zFQNhR,Kato,Sleep Anime Lofi Beats,Shinzou Wo Sasageyo! (Attack On Titan),58,56305,False,0.572,0.108,0,-26.102,0,0.0468,0.898,0.828,0.1,0.469,74.998,4,anime,high
82283,5mJXpSeA67IBHEnLeCxCEN,Mean Jeans,Are You Serious?,Steve Don't Party No More,26,103946,False,0.363,0.919,4,-4.094,1,0.0631,0.000209,0.726,0.626,0.692,106.501,4,power-pop,medium
79243,5j8OKKKrBtD591i0rf5Jov,Pascal Rogé;Cristina Ortiz;London Sinfonietta;Charles Dutoit,Anthems for Witches 2022,"Le Carnaval des Animaux, R. 125: 7. Aquarium",0,151173,False,0.193,0.0371,9,-35.398,0,0.0408,0.984,0.937,0.129,0.146,136.13,3,piano,low
85670,0tngt6JLxGR62PA5cLPTNH,Terrorgruppe;Skinhead Black,Tiergarten,Schmetterling,37,204427,True,0.453,0.959,7,-3.597,1,0.0928,0.0433,0.0,0.398,0.625,186.142,4,punk-rock,medium
67206,5Mktfl3xR4CNPO0u5QZRal,Jhayco;Bad Bunny,Bájale como 7500,CÓMO SE SIENTE - Remix,0,227520,True,0.807,0.606,3,-8.871,0,0.0872,0.0946,0.0,0.119,0.304,92.988,4,latin,low
12213,0Ai604igwEqoW2CUzQwF0y,Sandy Lam,陪著我走in search of lost time,分分鐘需要你,47,252453,False,0.791,0.269,9,-17.08,1,0.037,0.776,0.000202,0.124,0.591,110.017,4,cantopop,medium
88262,7LtXmsv58ijM3k2dP6h6fR,Jhayco;Bad Bunny,Perreo Tenebroso Vol. 5,CÓMO SE SIENTE - Remix,0,227520,True,0.807,0.606,3,-8.871,0,0.0872,0.0946,0.0,0.119,0.304,92.988,4,reggae,low
14718,0MUjXA4iZM5rBHZ2YmJ5iA,WowKidz,50 Top Hindi Nursery Rhymes,Garmi Aayi,19,37128,False,0.854,0.622,4,-6.32,1,0.0615,0.59,0.0,0.157,0.963,75.03,4,children,low
63110,6X9m9JRk2ypGusClUBraII,Fujifabric,楽園,楽園,55,225333,False,0.561,0.822,2,-5.078,1,0.0848,0.00469,2.71e-06,0.092,0.431,97.954,4,j-rock,high
12583,7eZJLfMQ5mDtejHitRkzRf,Panther Chan,凡星 (天星銀行airstar音樂劇場主題曲),凡星 (天星銀行airstar音樂劇場主題曲),51,284000,False,0.511,0.571,3,-5.669,1,0.04,0.434,0.0,0.0799,0.274,157.847,4,cantopop,high
100639,2wtQMLH8JWg6TrAcxrmcy3,Resistencia Suburbana,La Union Verdadera,El Tren de la Resistencia,36,282773,False,0.844,0.587,7,-5.409,0,0.0366,0.303,1.14e-06,0.0719,0.736,120.522,4,ska,medium
56392,58MX8DomXoMUzXugJGRVXS,salem ilese,Christmas Best Hits 2022,Marry Christmas,0,162009,False,0.541,0.753,0,-6.512,1,0.0511,0.0677,0.0,0.108,0.572,149.743,4,indie-pop,low
42657,7DEjDauyIpn7JPODqRbZo5,Cattle Decapitation,Death Atlas,Death Atlas,39,554780,False,0.3,0.938,8,-5.062,0,0.0791,2.25e-05,0.65,0.0875,0.0723,112.154,4,grindcore,medium
55332,4cltuh2RNH0LyZY9I8Vi08,Pritam;Tulsi Kumar;KK,Ready,Humko Pyar Hua,53,327300,False,0.574,0.816,2,-5.712,1,0.0767,0.39,0.0,0.399,0.478,90.018,4,indian,high
102841,7nzeIh8kUdieUBLPXch9wi,Hafdís Huld,Vögguvísur,Góða nótt,44,132446,False,0.797,0.175,9,-11.86,1,0.0325,0.954,0.0,0.115,0.635,99.902,3,songwriter,medium
76408,1NzZWhNIP9DIX4yy0K7l5m,Friedrich von Flotow;Luciano Pavarotti;New Philharmonia Orchestra;Richard Bonynge,The World's Best Loved Tenor Arias,"Martha: ""M'appari""",23,204706,False,0.222,0.195,5,-13.631,1,0.0368,0.982,0.000169,0.0945,0.11,89.332,4,opera,low
42445,6QHbzcF4TQV3BzPbzwdsox,Carcass,Tools of the Trade,Incarnated Solvent Abuse,16,284026,True,0.283,0.832,1,-12.433,0,0.106,7.87e-06,0.482,0.15,0.347,85.519,4,grindcore,low
50102,5TMj9sVkboOwxLhoeEq2k6,Accept,Blood of the Nations,Kill the Pain,52,347280,False,0.401,0.829,4,-5.184,0,0.0347,0.00273,0.0105,0.268,0.226,137.98,4,heavy-metal,high
97602,2WapKcY8pMF3peBzZKw90S,Pixote,Pixote 20 Anos Sem Moderação,Dilema / Meu Amor / Coisas do Amor (Fã de Carteirinha),47,329176,False,0.269,0.663,2,-11.726,1,0.123,0.314,0.0,0.93,0.497,160.045,4,sertanejo,medium
224,14NiShC5b46yQxBN1mu9VJ,Andrew Foy;Renee Foy,Heartbreak Anniversary,Heartbreak Anniversary,40,199256,False,0.674,0.122,1,-17.963,1,0.0427,0.882,0.0,0.139,0.339,130.014,4,acoustic,medium
77068,1KwjyNUSNyZ02qHnyhJyyH,Suel;Turma do Pagode,Vai Dar Match (Ao Vivo),Vai Dar Match - Ao Vivo,54,138800,False,0.629,0.803,11,-5.769,0,0.117,0.464,0.0,0.341,0.897,86.916,4,pagode,high
43506,2dwnD6tMYqp8zQmfg1XvNQ,Mr. Belt & Wezol;RSCL,Way It Is,Way It Is,58,192905,False,0.868,0.69,3,-5.606,0,0.0856,0.0227,0.0526,0.059,0.457,123.997,4,groove,high
16411,3Te9Xd6Xe9VlNYShcOthTV,Priya Sisters,Annamayya Pushpanjali,Govinda Govinda,35,324265,False,0.595,0.657,8,-5.418,1,0.0298,0.735,0.0,0.387,0.782,102.321,4,classical,medium
12066,33jIOBC0DaJNGzyLQxD41f,my little airport,SABINA之淚,散步之年,40,198048,False,0.636,0.305,0,-15.369,1,0.0392,0.658,0.204,0.0967,0.41,114.967,4,cantopop,medium
84173,25yQPHgC35WNnnOUqFhgVR,The Beatles,Sgt. Pepper's Lonely Hearts Club Band (Remastered),Lucy In The Sky With Diamonds - Remastered 2009,68,208466,False,0.311,0.325,2,-9.042,1,0.0283,0.0469,0.0,0.139,0.668,65.09,1,psych-rock,high
27923,3g74vvedfjqHWIvngs12rt,Pendulum,Slam/Out Here,Out Here,15,367106,False,0.548,0.951,10,-5.464,0,0.0415,0.000272,0.832,0.302,0.367,131.995,4,drum-and-bass,low
86406,5U6sM9kRxOJ2dXPyUT4w7l,ssshhhiiittt!,Третья жизнь,засыпай,55,247678,True,0.521,0.838,8,-6.754,0,0.0409,0.00684,5.49e-06,0.0964,0.39,103.951,4,punk,high
28187,0G5N8E8nEQXtlnxi2Xfrj3,William Black;Amidy,Pieces,Closer Than You,45,219200,False,0.501,0.505,10,-6.428,1,0.0284,0.098,0.0,0.112,0.227,149.916,4,dub,medium
39621,4quChhDrISz3AGDizNH4Xt,t-low;Sevi Rin;Asadjohn,Alright,123,41,169530,True,0.723,0.657,9,-7.907,1,0.119,0.0225,0.0,0.298,0.577,150.118,4,german,medium
31059,4vjpLMyL3ZO6aphdYr8XYw,Lauv;Troye Sivan,~how i'm feeling~,i'm so tired...,76,162586,False,0.576,0.736,11,-7.572,1,0.224,0.178,0.0,0.238,0.484,101.928,4,electro,very_high
10405,2FGnMGgQ34MFVY23Ck2atR,Overseer,Superconductor EP,Hammerhead,38,444739,False,0.513,0.935,10,-8.141,0,0.0611,4.49e-05,0.834,0.0562,0.6,141.999,4,breakbeat,medium
105790,3LiU16GqRhLIXAXquYve6s,Justnormal,Not Your Normal Christmas,What a Night,5,148821,False,0.72,0.539,2,-9.195,0,0.0504,0.868,0.00128,0.115,0.258,84.965,4,study,low
88802,1SssFw74DdHVjRa6ADggdD,Inner Circle,Blazzin' Fire,Sweat (A La La La La Long),72,227067,False,0.787,0.728,0,-7.705,1,0.218,0.0124,0.0,0.157,0.94,173.026,4,reggae,high
37039,4KaHGrCbg4hwu25RzUO4Br,Snoop Dogg;Wiz Khalifa;Bruno Mars,Pop Station,"Young, Wild & Free",0,207333,True,0.722,0.655,0,-6.425,1,0.137,0.0525,0.0,0.115,0.532,95.022,4,funk,low
47983,40IdYBXq5a7IhHwS8gQEoC,Charlie Brown Jr.,Chegou Quem Faltava - Volume 2 (Ao Vivo),Ela Vai Voltar (Todos os Defeitos de uma Mulher Perfeita) - Ao Vivo - Chegou Quem Faltava,34,140068,False,0.52,0.917,1,-5.765,1,0.0423,0.00937,2.07e-05,0.327,0.278,104.238,4,hard-rock,medium
15593,4jU4Go8TPo3bkvRQSYbp8x,Sarcastic Sounds;Rxseboy,Disappointment (feat. Rxseboy),Disappointment (feat. Rxseboy),57,142092,True,0.657,0.821,0,-5.655,1,0.232,0.686,0.0,0.0736,0.823,169.897,4,chill,high
29289,2L2rzhnx1Xr6LiGuaYMepY,Seven Lions;Blastoyz;ERV ELLO,Reason For Fighting (feat. ERV ELLO),Reason For Fighting (feat. ERV ELLO),48,238285,False,0.467,0.931,4,-3.318,0,0.14,0.00705,0.000365,0.348,0.253,140.008,4,dubstep,medium
87700,6hu4zxEVl8vhbZwDlqNqK6,Fivio Foreign;Kanye West;Alicia Keys,B.I.B.L.E.,City of Gods,64,256000,True,0.469,0.799,8,-5.983,0,0.387,0.105,0.0,0.32,0.495,147.847,4,r-n-b,high
36368,47rNhgxRUrDSkWBp3Kxrvb,Altero;NVRT,One Day,One Day,48,176495,False,0.691,0.565,1,-8.795,1,0.0768,0.436,1.28e-05,0.0762,0.174,116.919,4,french,medium
74647,4qyjipe39rxxnXdDsJ0ZSa,Fagner,"Fagner Ao Vivo, Vol. 1",Canteiros - Ao Vivo,41,335706,False,0.415,0.529,2,-9.646,1,0.0338,0.0295,0.0,0.882,0.172,125.849,4,mpb,medium
5029,70p3HYq9iHZisJqpDmWd1U,Linked Horizon,Shingeki no Kiseki,Guren no Yumiya,66,310680,False,0.455,0.952,1,-6.382,0,0.0787,0.0232,5.65e-05,0.0662,0.332,90.365,4,anime,high
4082,2am9i1Rq2n0LiJmyX5nqXO,Joep Beving,Weihnachten Klassik 2022,"Sinfonia (After Bach, BWV 248)",0,280500,False,0.485,0.0293,4,-30.251,0,0.031,0.991,0.902,0.0964,0.0423,80.014,3,ambient,low
59767,2OxysySr6uOToqnrf0tlAq,Kahtmayan,Virtual existence,Irreversible,0,406240,False,0.393,0.965,6,-5.133,0,0.122,0.000199,0.788,0.0898,0.33,159.982,4,iranian,low
105269,1cIiZ4ri9EX6Y4GCgIFOta,Wenight,bright nights,bright nights,38,123821,False,0.826,0.34,4,-14.49,0,0.184,0.428,0.763,0.0909,0.162,85.259,4,study,medium
93781,41N3Un7cXuEVtT8GwmheVb,Vladimir Nechaev;Владимир Бунчиков,Три брата (1941 - 1961),"Спасибо, Великий Учитель",0,187128,False,0.333,0.245,5,-14.394,1,0.0392,0.949,9.64e-06,0.532,0.373,88.596,4,romance,low
25386,3drvdWPoajpH7BmXdMj5nl,Almklausi,Après Ski Megahits 2023,Wir machen mit bei der Rettung der Erde,0,190106,False,0.711,0.958,1,-1.95,1,0.0609,0.0799,0.0,0.361,0.816,139.984,4,disco,low
57145,77u3cpprulNjIUYkjYwlhU,Ellie Goulding,Del gusto de mamá,Starry Eyed,4,176933,False,0.51,0.816,5,-5.331,0,0.0352,0.13,8.66e-06,0.224,0.588,149.929,4,indie,low
41435,0QSx3sQoHPNUfg2vwh5tOi,Therion,Theli,Nightside of Eden,25,449280,False,0.439,0.739,9,-7.746,1,0.0339,0.000155,0.0458,0.227,0.308,138.986,4,goth,medium
99178,0LbP2VQncT9J8ac3psAH2w,Jasleen Royal;Neeraj Rajawat,Hichki,Teri Dastaan,48,223490,False,0.632,0.266,2,-14.365,1,0.0257,0.96,0.00304,0.114,0.183,79.949,3,singer-songwriter,medium
37839,1yT7lY0eEJjbWSjarCWH8Q,Tz da Coronel,Doutrinado,Doutrinado,44,150047,True,0.415,0.64,5,-7.037,1,0.123,0.65,0.0,0.149,0.433,86.818,5,funk,medium
59019,2ppRdUUDrsB9SvHeFaGXMo,Alphaxone,Chronosphere,Floating Spheres,13,235000,False,0.151,0.215,2,-17.155,1,0.0446,0.12,0.448,0.087,0.034,106.592,3,iranian,low
73430,2ZtjuNdPKbiRlxCAm7J8Tt,Oliver Schories;Fredrik Ferrier,Heaven (Oliver Schories Club Mix),Heaven - Oliver Schories Club Mix,43,225648,False,0.724,0.705,1,-8.023,1,0.0357,0.000551,0.215,0.0875,0.204,124.001,4,minimal-techno,medium
86424,02vvQ6oDimuTU2fnaewwXv,PXNDX,Bonanza,Consejo al espejo,41,265706,False,0.389,0.936,10,-3.86,1,0.0569,0.0055,0.00305,0.121,0.518,175.954,4,punk,medium
38320,3mYCd23hPxJW5okSvMoy3x,The Strokes,First Impressions Of Earth,Heart In a Cage,63,206173,False,0.418,0.857,8,-5.133,1,0.0404,2.73e-06,0.805,0.368,0.12,140.02,4,garage,high
27313,3XejA5R4AptKcmGPXnwAhD,Friction,Remember,Remember,53,215172,False,0.456,0.836,11,-4.499,0,0.0352,0.0174,0.00165,0.0845,0.0364,174.019,4,drum-and-bass,high
97873,0mhzdXMMKhxcOLoFbhfIU2,Zezé Di Camargo & Luciano,Zezé Di Camargo & Luciano 1992,"Linda, Linda",44,230266,False,0.658,0.433,0,-11.236,1,0.026,0.202,0.0,0.34,0.585,103.802,4,sertanejo,medium
55816,4GaTyDp4257sMSNbNXIlMW,Bombay Jayashri,Baahubali - The Beginning,Mamta Se Bhari,44,228985,False,0.63,0.414,9,-9.888,0,0.0291,0.615,0.000329,0.162,0.394,100.946,4,indian,medium
51712,7gl8XJ8EmiObfSFppTATt6,Neeraj Shridhar,Love Aaj Kal (Original Motion Picture Soundtrack),Twist,58,299440,False,0.719,0.945,7,-4.977,1,0.136,0.033,7.26e-05,0.0857,0.748,109.014,4,hip-hop,high
81903,161DnLWsx1i3u1JT05lzqU,Bruno Mars,Doo-Wops & Hooligans,Talking to the Moon,82,217866,False,0.498,0.59,1,-4.721,0,0.032,0.511,0.0,0.107,0.0784,145.867,4,pop,very_high
50700,75mzvCmnxclJax5EQrjdk9,Aria,С кем ты?,"Встань, страх преодолей",40,256133,False,0.518,0.764,2,-12.899,0,0.0717,0.000159,0.00432,0.335,0.724,95.926,4,heavy-metal,medium
99817,0PSIQAJChlJApVwEAkzkvv,Anupam Roy,Zulfiqar,Katakuti Khela (Acoustic Version),35,263296,False,0.579,0.348,0,-9.646,1,0.0569,0.661,0.0,0.171,0.0846,159.918,4,singer-songwriter,medium
107531,5Arj4zfiBuwd61q9TJ7NSa,Eurythmics;Annie Lennox;Dave Stewart,Greatest Hits,Love Is a Stranger,28,221600,False,0.775,0.441,5,-15.16,1,0.0308,0.00341,1.55e-06,0.147,0.534,122.085,4,synth-pop,medium
77430,7vyNpyHgzn7GzeGQfGx6sa,Turma do Pagode;Thiago Brava,Atrasadinha / Notificação Preferida (Ao Vivo),Atrasadinha / Notificação Preferida - Ao Vivo,45,346758,False,0.56,0.67,7,-8.81,1,0.0746,0.597,0.0,0.36,0.589,87.139,4,pagode,medium
7940,6fUYzj7XQ4RKqXSYgpzVgP,Kruger Brothers;Kontras Quartet,Roan Mountain Suite,Gather Round - Prelude,20,105000,False,0.499,0.124,2,-19.474,1,0.0793,0.836,0.861,0.0925,0.263,87.205,1,bluegrass,low
77084,6xZ4peZOOAqyoJRuJZg6se,Turma do Pagode,Turma no Quintal EP 1 (Ao Vivo),Faz um Coração Aí (Ao Vivo),56,212023,False,0.649,0.607,0,-7.837,1,0.0413,0.714,0.0,0.958,0.711,89.996,4,pagode,high
89884,4U2xYEQwMpHtcwXjSDAHWc,Z Jocker;Bayriton,Te Queria Ver,Te Queria Ver,42,204943,True,0.729,0.786,7,-3.87,1,0.0683,0.0397,0.00102,0.073,0.503,88.957,4,reggaeton,medium
21034,3RU4IbiteV8v6Haa7sDrOV,Burna Boy,Your Perfect Soundtrack,Last Last,0,172342,False,0.795,0.565,3,-4.457,0,0.0948,0.131,0.0,0.0802,0.55,87.925,4,dancehall,low
92187,2rZ113Rwo5iwIA2orRpDKI,Eikichi Yazawa,LIVE DECADE 1990-1999 (50th Anniversary Remastered),ファンキー・モンキー・ベイビー - Live at 横浜スタジアム'95 - Remastered 2022,40,144080,False,0.573,0.961,4,-5.012,1,0.0639,0.0175,4.17e-05,0.945,0.773,136.193,4,rockabilly,medium
48514,6kCMI0NPb6EXKcWZVZm8Kh,Hail The Sun,Elephantitis - EP,Dead Messages,32,239160,True,0.27,0.866,11,-6.132,0,0.085,0.000408,3.31e-05,0.365,0.108,148.938,4,hardcore,medium
83458,6Gw2dHX6FsQcIuiWxe0vWk,Brooks;GRX,Boomerang,Boomerang,50,195000,False,0.652,0.951,9,-3.083,0,0.0556,0.0074,0.133,0.0617,0.37,128.061,4,progressive-house,high
110044,3i31Itck9EgI1vRjZxdYe9,Tiësto;KAROL G,Dance Dance Dance,Don't Be Shy,0,140500,True,0.77,0.787,11,-3.748,0,0.0583,0.198,0.0,0.262,0.513,119.986,4,trance,low
78977,0yhciScdqha22OcC5k2kkt,Nancy Franck;Kevin Reumann,Geiler Tag zum Tanzen,Geiler Tag zum Tanzen,23,160900,False,0.675,0.948,10,-3.06,0,0.156,0.0331,0.0,0.952,0.773,140.032,4,party,low
22360,41DA32rbYp3PoLCAJeup0J,Gojira,Fortitude,The Chant,50,312751,False,0.494,0.874,8,-3.831,1,0.031,1.74e-05,0.0621,0.0873,0.485,124.064,4,death-metal,high
56397,0Ho6NsIqN6oOj2wY4xSSpp,Maggie Rogers,Chill Mood,Light On,1,233880,False,0.657,0.569,2,-6.287,1,0.0542,0.201,1.35e-05,0.126,0.399,102.055,4,indie-pop,low
109020,4bT2zLVv2T4GiK9q9KtI0v,Zedd;Hayley Williams,Clarity (Deluxe),Stay The Night - Featuring Hayley Williams Of Paramore,65,217346,False,0.596,0.738,8,-3.109,1,0.0411,0.109,0.0,0.0947,0.461,127.961,4,techno,high
47123,1zI8C6f7LURY0eD0gMuVVY,Misfits,Halloween Songs | Witches Hour,Halloween,2,112426,False,0.382,0.937,0,-9.01,1,0.0758,0.0172,0.0,0.271,0.0957,108.729,4,hard-rock,low
71168,3dxiWIBVJRlqh9xk144rf4,Linkin Park,Meteora (Bonus Edition),Breaking the Habit,71,196906,False,0.579,0.849,4,-5.218,0,0.0303,0.108,0.0,0.0909,0.581,100.021,4,metal,high
19498,2VmyG10PAR0ZyTUtgOp5Wf,America,Session Acoustique,A Horse with No Name,0,252239,False,0.653,0.507,11,-17.18,0,0.0534,0.687,0.0147,0.155,0.831,123.188,4,country,low
104017,5UtcEYRfaqBRzXsoG8ARts,Aitana;Emilia;Ptazeta,Frescura y Perreo,Quieres,1,213666,False,0.796,0.646,11,-3.925,0,0.158,0.0744,0.0,0.127,0.663,180.03,4,spanish,low
5680,3WJIqpueto3BPNroOBqVYR,Hiroyuki Sawano,"""Attack on Titan"" Season 3 Original Soundtrack",Symphonicsuite (Aot) Part2-2nd: Shingekinokyojin,44,182333,False,0.19,0.297,10,-10.603,1,0.0374,0.507,0.923,0.0972,0.124,137.927,4,anime,medium
68190,3dJjsWCy6ZwMfw5NbD226G,Wisin & Yandel;Anthony Santos,Reggeaton Imperdible,Noche De Sexo,1,205773,True,0.721,0.714,11,-5.436,0,0.234,0.107,0.0,0.562,0.506,94.002,4,latino,low
35125,2nTDC3eRJjZtir8ICoeSip,Pablo,E Aí Bê?,E Aí Bê?,47,239318,False,0.761,0.326,11,-16.4,1,0.0483,0.315,0.0,0.116,0.696,131.919,4,forro,medium
104281,3UVYdKhRwax11YkA9XskPl,Magneto,La Historia De Magneto,Eva María,34,198973,False,0.829,0.644,2,-9.207,1,0.0428,0.0484,0.0,0.122,0.966,135.135,4,spanish,medium
77596,2CHvfsyZM8Be7p0vDsE0zd,Fala Comigo;Tiee,Roda de Samba Tiee e Fala Comigo no Complexo Fora do Eixo (Ao Vivo),Mas Quem Disse Que Eu Te Esqueço / Bebeto Loteria / Alma Boemia - Ao Vivo,44,279052,False,0.462,0.784,0,-7.27,0,0.0615,0.702,1.36e-05,0.323,0.836,112.876,4,pagode,medium
97571,3csmYakG7A0B7nydmVrtcJ,Ícaro e Gilmar;Hugo & Guilherme,"Sextou BB: Ouvindo, Bebendo e Sofrendo, Completo (Ao Vivo)",Aceito Sua Decisão / Liguei Pra Te Dizer Que Te Amo - Ao Vivo,47,211388,False,0.517,0.474,2,-5.043,1,0.0408,0.783,0.0,0.174,0.693,99.419,3,sertanejo,medium
39652,2D85QAziPXN1KMIW50NPpl,Milky Chance,Sadnecessary,Flashed Junk Mind,66,262000,False,0.84,0.84,11,-8.721,1,0.0475,0.389,0.0324,0.114,0.904,117.98,4,german,high
16750,6YY4h2BDXaNVQ5qa7rltUY,Wolfgang Amadeus Mozart;Mao Fujita,Mozart: The Complete Piano Sonatas,"Piano Sonata No. 1 in C Major, K. 279: III. Allegro",18,190773,False,0.393,0.23,0,-18.884,1,0.0364,0.992,0.916,0.15,0.733,140.805,4,classical,low
110941,7AoQay4gO0sdMUi641ghSH,NG Rezonance;Begbie,"Syncopy Radio Edits, Vol. 1",Motherfucker - Radio Edit,28,209600,True,0.571,0.987,9,-6.321,1,0.0525,3.62e-05,0.839,0.0389,0.402,150.03,4,trance,medium
26247,0vfMYqLgabg1jQb4GSkrQK,Esme Kaislakari,Encanto (Alkuperäinen Soundtrack),Mä yksin ootan ihmettä,26,161840,False,0.683,0.556,4,-7.77,1,0.0364,0.248,2.45e-06,0.123,0.337,95.016,3,disney,medium
87309,6DcxN9jzax8WgSl39XtTfx,MV Bill,Traficando Informação,Soldado do Morro,47,412395,False,0.68,0.585,3,-5.989,0,0.331,0.168,0.0,0.248,0.541,78.078,4,r-n-b,medium
38132,6u0x5ad9ewHvs3z6u9Oe3c,The Strokes,Angles,Under Cover of Darkness,68,235546,False,0.35,0.775,11,-3.364,1,0.054,0.00433,0.283,0.0676,0.588,199.866,4,garage,high
15662,4T2UFptnPrq5O4PTNU7e6h,Sky McCreery,just to break my heart,just to break my heart,62,152727,False,0.651,0.205,9,-10.572,1,0.0465,0.719,0.000832,0.122,0.123,110.016,4,chill,high
43755,1ecT8HKw4RnjgGoC63jHXI,Shift K3Y,Back To Summer,Back To Summer,54,181635,False,0.632,0.874,1,-3.106,0,0.058,0.0169,3.72e-06,0.32,0.65,124.009,4,groove,high
88720,2GNh9aQ0Q40TiQXo8CJppZ,Cauty;Hozwal,Frescura y Perreo,NO COGEMOS ESA,0,173333,True,0.65,0.681,1,-6.694,1,0.273,0.377,3.97e-05,0.104,0.44,89.886,4,reggae,low
34685,7thzIJfxiZNZaPFA5OR9s1,The Lumineers,The Lumineers (Deluxe Edition),Flowers In Your Hair,64,110560,False,0.676,0.609,7,-10.183,1,0.034,0.753,5.85e-05,0.209,0.557,127.45,4,folk,high
44103,0lP4HYLmvowOKdsQ7CVkuq,Thirty Seconds To Mars,A Beautiful Lie,The Kill,76,231533,False,0.179,0.912,4,-3.881,0,0.0791,0.0014,0.000294,0.582,0.289,182.99,3,grunge,very_high
92329,75rmkfnhh0wDPqKITSNTju,BOØWY,BOφWY,ホンキー・トンキー・クレイジー,32,214920,False,0.557,0.871,11,-6.297,0,0.104,0.0212,6.66e-05,0.289,0.91,204.944,4,rockabilly,medium
108578,6tUH06dN0vi2xwvlFWPKgn,Trio Hugo Diaz,Trio Hugo Diaz: Tango Argentino,Parrillera,18,119000,False,0.523,0.487,2,-6.812,1,0.0348,0.768,0.0706,0.115,0.754,118.468,4,tango,low
57062,1rDQJd8kzwBRXeoTtojkQn,Ritviz;Nucleya,Baaraat,Roz,59,219240,False,0.833,0.639,5,-6.964,1,0.0676,0.152,0.0,0.101,0.448,102.989,4,indie,high
91907,14BH4qO7pgCmIe6mgLKOK3,BANNERS,Empires On Fire,Someone To You,73,219800,False,0.468,0.936,2,-3.683,1,0.0455,0.00568,0.0,0.24,0.663,75.05,4,rock,high
27036,7gb8Psi5Mf6w78jvnAxh5F,Sigma;Louisa Johnson,Hope,Here We Go Again,49,162746,False,0.525,0.832,4,-3.129,1,0.0941,0.139,0.0,0.149,0.582,152.876,4,drum-and-bass,medium
63352,1z9nybTrHWvnbQjBT5DSAd,Kazuya Yoshii,超絶☆ダイナミック!,Cho-Zets☆Dynamic! - English Ver.,43,216306,False,0.392,0.955,7,-2.81,1,0.0486,0.000175,0.0,0.381,0.516,95.988,4,j-rock,medium
2155,2aibwv5hGXSgw7Yru8IYTO,Red Hot Chili Peppers,Stadium Arcadium,Snow (Hey Oh),80,334666,False,0.427,0.9,11,-3.674,1,0.0499,0.116,1.75e-05,0.119,0.599,104.655,4,alt-rock,very_high
111691,6WRkvwXQvLkRv4eZpg9mS5,Massive Attack;Paul Daley,100th Window - The Remixes,Butterfly Caught - Paul Daley Remix,19,359773,False,0.592,0.653,1,-13.29,1,0.0359,0.309,0.852,0.667,0.283,105.0,4,trip-hop,low
81039,2J2Z1SkXYghSajLibnQHOa,Sia,This Is Acting,Unstoppable,81,217746,False,0.468,0.779,9,-4.839,1,0.0779,0.112,0.000373,0.101,0.26,173.799,4,pop,very_high
55531,4lSs8Q2cYcrEy2aps8MPgx,Salim–Sulaiman;Rahat Fateh Ali Khan,Heroine (Original Motion Picture Soundtrack),Saaiyaan,48,210133,False,0.491,0.556,5,-6.023,1,0.0273,0.701,1.46e-06,0.0849,0.413,100.008,1,indian,medium
10595,5zUSSrLL4DXztTcokuGpVq,A.Skillz;Krafty Kuts;Obi;Real Elements,Tricka Technology,Give You That (feat. Obi & Real Elements),12,247640,False,0.806,0.678,10,-7.359,0,0.194,0.0226,0.0,0.0544,0.908,94.004,4,breakbeat,low
45327,41Ay2kAjYDgb4uIF7d1Wiv,Leonard Kwan,Ke'ala's Mele,Old Mauna Loa,25,214253,False,0.532,0.171,0,-19.723,1,0.0436,0.892,0.958,0.128,0.558,138.029,4,guitar,medium
15343,4bWlQ8IMyy3PMZt88rTVQC,Milky Day;frad;Hayne,You'll Be Alright,You'll Be Alright,61,199016,False,0.708,0.461,5,-12.25,1,0.0288,0.165,0.000869,0.0865,0.592,92.015,4,chill,high
82417,3u7pHtKn4sU86VzJHM4Wbw,Direct Hit!,Wasted Mind,Artificial Confidence,24,169658,False,0.353,0.973,1,-3.126,1,0.117,0.00764,0.0,0.105,0.707,167.92,4,power-pop,low
61717,2IV2m9R3955STqhE8QBWyg,Chisato Moritaka,ザ・シングルス 1987-1992 (2012 Remaster),オーバーヒート・ナイト - 2012 Remaster,19,296426,False,0.547,0.887,4,-8.558,0,0.0364,0.0131,0.162,0.0655,0.623,120.392,4,j-idol,low
40661,4yGreqJT68htx4FYJJ9Ixr,Daniela Araújo,Daniela Araújo,Dono dos Meus Dias,39,235756,False,0.328,0.282,0,-14.752,1,0.0295,0.729,0.00723,0.11,0.371,185.358,4,gospel,medium
41210,6nLgmEbLM3XD0HMrpmrNnr,Allyawan,Skitsamma,Skitsamma,29,211385,False,0.653,0.574,6,-7.322,0,0.312,0.037,0.0,0.153,0.611,87.025,4,goth,medium
48030,0afzkvZmb1oSEEC9tgDGez,Rise Against,Alternative Christmas 2022,Making Christmas,0,207213,False,0.515,0.97,1,-4.825,1,0.062,6.21e-05,0.00799,0.149,0.609,163.912,4,hardcore,low
31549,245ffITIEtE54zv2y1WTNt,Jax Jones;RAYE,Larga Vida al Electro,You Don't Know Me - Radio Edit,1,213946,True,0.877,0.658,11,-6.055,0,0.132,0.163,0.0,0.108,0.693,123.995,4,electro,low
